line,year,spectrum,jd,jd_minus_min,flux,flux_err
C II,1986.0,25dcdr2dswp29775mxlo.txt,2446764.22277,0.0,4.528478143409478e-13,1.3458279096799805e-13
C II,1987.0,37dcdr2dswp30244mxlo.txt,2446829.80409,65.58132000034675,2.5191120444997393e-13,6.174933721282658e-14
C II,1988.0,50dcdr2dswp32726mxlo.txt,2447175.01424,410.7914700000547,1.9400413221269285e-13,6.090186571434351e-14
C II,1989.0,67dcdr2dswp35396mxlo.txt,2447550.10245,785.8796800002456,4.62594838945731e-13,1.3130804940752907e-13
C II,1990.0,102dcdr2dswp40393mxlo.txt,2448245.35773,1481.1349599999376,3.8653886256588913e-13,1.0443538701863302e-13
C II,1994.0,198dcdr2dswp53223mxlo.txt,2449717.12322,2952.9004500000738,2.719331414425209e-13,6.897556689732778e-14
C IV,1978.0,2dcdr2dswp01366mxlo.txt,2443614.49306,0.0,3.814995855442776e-12,2.0258438827330135e-13
C IV,1978.0,3dcdr2dswp01642mxlo.txt,2443654.90736,40.41430000029504,3.5472400207470244e-12,2.34788228377103e-13
C IV,1978.0,4dcdr2dswp02099mxlo.txt,2443714.52825,100.03519000019878,3.7809386002591485e-12,3.42861180855401e-13
C IV,1979.0,5dcdr2dswp05116mxlo.txt,2443997.54954,383.0564800002612,3.646849288138988e-12,3.251196535830674e-13
C IV,1982.0,7dcdr2dswp16790mxlo.txt,2445078.43622,1463.9431600002572,4.268676852269816e-12,1.7325237936894916e-13
C IV,1982.0,8dcdr2dswp16801mxlo.txt,2445080.27446,1465.7814000002109,3.732792811116165e-12,1.8679343695574928e-13
C IV,1982.0,9dcdr2dswp16802mxlo.txt,2445080.32265,1465.8295900002122,4.4345557893814995e-12,2.405881204476988e-13
C IV,1982.0,10dcdr2dswp16803mxlo.txt,2445080.37093,1465.8778700004332,3.679799005449542e-12,1.4719864324278606e-13
C IV,1982.0,11dcdr2dswp17300mxlo.txt,2445148.27606,1533.7830000002868,5.361863499647725e-12,3.9640579254110423e-13
C IV,1982.0,12dcdr2dswp17301mxlo.txt,2445148.31179,1533.8187300004065,4.2176702040501544e-12,1.8205244904606925e-13
C IV,1982.0,13dcdr2dswp17302mxlo.txt,2445148.35831,1533.8652500002645,3.951093952346958e-12,1.4360711230028733e-13
C IV,1982.0,14dcdr2dswp17303mxlo.txt,2445148.4014,1533.9083400000818,4.3270663218133836e-12,2.888219652523629e-13
C IV,1983.0,15dcdr2dswp19731mxlo.txt,2445439.96013,1825.4670700002462,3.770178800495407e-12,2.881575116949635e-13
C IV,1984.0,16dcdr2dswp23063mxlo.txt,2445841.4891,2226.9960400001146,3.2881761633192526e-12,1.2578839562117453e-13
C IV,1984.0,17dcdr2dswp23064mxlo.txt,2445841.53637,2227.0433100000955,3.4859837432003025e-12,1.2196965220799818e-13
C IV,1984.0,18dcdr2dswp23444mxlo.txt,2445893.58914,2279.0960800000466,3.4203050283358986e-12,1.3400116674650755e-13
C IV,1985.0,19dcdr2dswp25973mxlo.txt,2446204.65473,2590.1616700002924,3.0393463508807526e-12,1.4998837797830817e-13
C IV,1985.0,20dcdr2dswp25974mxlo.txt,2446204.70719,2590.2141300002113,3.620066798671551e-12,1.4429184043434046e-13
C IV,1985.0,21dcdr2dswp26489mxlo.txt,2446273.85969,2659.3666300000623,3.881451748211494e-12,2.0539115000541727e-13
C IV,1986.0,22dcdr2dswp28304mxlo.txt,2446564.66188,2950.1688200002536,3.800415595999017e-12,1.8053299471676676e-13
C IV,1986.0,23dcdr2dswp28305mxlo.txt,2446564.71157,2950.218510000035,3.906772022835675e-12,1.147282683483404e-13
C IV,1986.0,24dcdr2dswp29774mxlo.txt,2446764.17181,3149.6787500004284,3.9135399533348e-12,2.0478754837591794e-13
C IV,1986.0,25dcdr2dswp29775mxlo.txt,2446764.22277,3149.7297100001015,6.340271634111858e-12,3.564728009106459e-13
C IV,1986.0,26dcdr2dswp29843mxlo.txt,2446775.08101,3160.5879500000738,4.69850411628981e-12,1.8907815742067732e-13
C IV,1986.0,27dcdr2dswp29844mxlo.txt,2446775.13941,3160.6463500000536,3.995687184618609e-12,1.61992161604064e-13
C IV,1986.0,28dcdr2dswp29939mxlo.txt,2446787.09865,3172.605590000283,4.2882847352193704e-12,1.7785230807685303e-13
C IV,1986.0,29dcdr2dswp29940mxlo.txt,2446787.15587,3172.6628100001253,3.764009196862403e-12,1.7767858278353565e-13
C IV,1987.0,30dcdr2dswp30081mxlo.txt,2446808.00218,3193.5091200000606,3.789786847667584e-12,1.6216060598552966e-13
C IV,1987.0,31dcdr2dswp30082mxlo.txt,2446808.05385,3193.5607900000177,3.865687444647114e-12,1.6812556860126206e-13
C IV,1987.0,32dcdr2dswp30141mxlo.txt,2446818.81943,3204.3263700003736,3.783388602351322e-12,1.7541078517085963e-13
C IV,1987.0,33dcdr2dswp30142mxlo.txt,2446818.87052,3204.377460000105,4.07105665845266e-12,2.094357666722948e-13
C IV,1987.0,34dcdr2dswp30238mxlo.txt,2446829.4259,3214.9328400003724,4.4969288023008085e-12,1.350179110524528e-13
C IV,1987.0,35dcdr2dswp30239mxlo.txt,2446829.47735,3214.9842900000513,4.566270810224832e-12,1.76724476287394e-13
C IV,1987.0,36dcdr2dswp30243mxlo.txt,2446829.75275,3215.25969000021,4.03618457090621e-12,2.1139651053301317e-13
C IV,1987.0,37dcdr2dswp30244mxlo.txt,2446829.80409,3215.311030000448,4.417137386785928e-12,1.9771420912351014e-13
C IV,1987.0,38dcdr2dswp30331mxlo.txt,2446844.83417,3230.341110000387,3.5814653112193283e-12,1.7730451939567747e-13
C IV,1987.0,39dcdr2dswp30332mxlo.txt,2446844.886,3230.3929400001653,3.668214603053496e-12,1.7469651447857241e-13
C IV,1987.0,40dcdr2dswp31077mxlo.txt,2446948.40162,3333.90856000036,3.832215549907978e-12,1.562398012447375e-13
C IV,1987.0,41dcdr2dswp31078mxlo.txt,2446948.45322,3333.9601600002497,3.987041988307664e-12,1.4932147654828516e-13
C IV,1987.0,42dcdr2dswp31079mxlo.txt,2446948.51856,3334.0255000004545,3.963739659795813e-12,1.4987028184546415e-13
C IV,1987.0,43dcdr2dswp31353mxlo.txt,2446994.33255,3379.8394900001585,3.7355887825526755e-12,1.8575281081819878e-13
C IV,1987.0,44dcdr2dswp31354mxlo.txt,2446994.39286,3379.8998000002466,3.765763740627013e-12,1.3430390433272822e-13
C IV,1987.0,45dcdr2dswp32459mxlo.txt,2447133.9083,3519.415240000002,3.925079604025504e-12,1.9352374764349664e-13
C IV,1987.0,46dcdr2dswp32460mxlo.txt,2447133.96868,3519.4756200001575,4.0165019435793906e-12,1.5136616938021424e-13
C IV,1987.0,47dcdr2dswp32638mxlo.txt,2447159.10667,3544.6136100003496,4.673211417476349e-12,1.9273248382264883e-13
C IV,1987.0,48dcdr2dswp32639mxlo.txt,2447159.15628,3544.6632200004533,3.848557082196295e-12,1.0317837604939047e-13
C IV,1988.0,49dcdr2dswp32725mxlo.txt,2447174.95447,3560.4614100004546,3.651823189032815e-12,1.724234394584849e-13
C IV,1988.0,50dcdr2dswp32726mxlo.txt,2447175.01424,3560.521180000156,4.0438753273878645e-12,1.1417491431867612e-13
C IV,1988.0,51dcdr2dswp32889mxlo.txt,2447200.72588,3586.232820000034,3.5589178521220995e-12,1.4103792611723617e-13
C IV,1988.0,52dcdr2dswp32890mxlo.txt,2447200.7777,3586.2846400002018,3.765321618393039e-12,1.3827081826130606e-13
C IV,1988.0,53dcdr2dswp33486mxlo.txt,2447289.70429,3675.2112300000153,3.5221064198801666e-12,1.7307506919345859e-13
C IV,1988.0,54dcdr2dswp33487mxlo.txt,2447289.75234,3675.2592800003476,3.248485409895053e-12,1.4632234796642854e-13
C IV,1988.0,55dcdr2dswp33704mxlo.txt,2447317.40553,3702.9124700003304,3.4397948066430473e-12,2.0563299446473238e-13
C IV,1988.0,56dcdr2dswp33705mxlo.txt,2447317.45902,3702.965960000176,3.720302016035905e-12,1.403562685807464e-13
C IV,1988.0,57dcdr2dswp33797mxlo.txt,2447334.44435,3719.95129000023,3.5009746785202537e-12,1.9563570513182946e-13
C IV,1988.0,58dcdr2dswp33889mxlo.txt,2447352.4837,3737.99064000044,3.659250475399613e-12,1.7960587798963467e-13
C IV,1988.0,59dcdr2dswp33890mxlo.txt,2447352.53755,3738.044490000233,3.783821399624117e-12,1.2399502505444383e-13
C IV,1988.0,60dcdr2dswp33907mxlo.txt,2447356.04863,3741.555570000317,4.332687634904012e-12,2.4657550840417615e-13
C IV,1988.0,61dcdr2dswp33908mxlo.txt,2447356.09922,3741.6061600004323,4.096500298316985e-12,1.8871053544220265e-13
C IV,1988.0,62dcdr2dswp34996mxlo.txt,2447505.90225,3891.409190000035,3.770733989929122e-12,2.1602295502782826e-13
C IV,1988.0,63dcdr2dswp34997mxlo.txt,2447505.95638,3891.463320000097,4.267052793946724e-12,1.7063155360723144e-13
C IV,1988.0,64dcdr2dswp35154mxlo.txt,2447523.1002,3908.607140000444,3.897050373089163e-12,1.5731097126374197e-13
C IV,1988.0,65dcdr2dswp35155mxlo.txt,2447523.15706,3908.664000000339,3.518914749413796e-12,1.6944739214702337e-13
C IV,1989.0,66dcdr2dswp35395mxlo.txt,2447550.05735,3935.5642900001258,4.203156701978743e-12,2.140241923713165e-13
C IV,1989.0,67dcdr2dswp35396mxlo.txt,2447550.10245,3935.609390000347,3.945355578086964e-12,2.5050822877181197e-13
C IV,1989.0,68dcdr2dswp35470mxlo.txt,2447560.53772,3946.0446600001305,3.7212348830651134e-12,2.0898228365142413e-13
C IV,1989.0,69dcdr2dswp35471mxlo.txt,2447560.58336,3946.0903000002727,3.967476460322803e-12,2.0270623291064576e-13
C IV,1989.0,70dcdr2dswp35476mxlo.txt,2447561.71625,3947.2231900002807,4.207581901332075e-12,1.60317316054081e-13
C IV,1989.0,71dcdr2dswp35477mxlo.txt,2447561.77113,3947.2780700000003,4.040283780269796e-12,1.1830270536249852e-13
C IV,1989.0,72dcdr2dswp36169mxlo.txt,2447646.58108,4032.088020000141,3.653208045587891e-12,1.3092109484153953e-13
C IV,1989.0,73dcdr2dswp36170mxlo.txt,2447646.63447,4032.1414100001566,4.0854948744968e-12,1.3655521016090232e-13
C IV,1989.0,74dcdr2dswp36265mxlo.txt,2447661.63694,4047.143880000338,4.067081149622284e-12,1.5817344040701808e-13
C IV,1989.0,75dcdr2dswp36266mxlo.txt,2447661.7028,4047.2097400003113,4.032779984592061e-12,1.4737415802091562e-13
C IV,1989.0,76dcdr2dswp36370mxlo.txt,2447677.64375,4063.1506900000386,3.556764579411527e-12,1.5634728923621809e-13
C IV,1989.0,77dcdr2dswp36371mxlo.txt,2447677.70013,4063.207070000004,3.950362990687606e-12,1.4507105899862306e-13
C IV,1989.0,78dcdr2dswp36489mxlo.txt,2447691.61709,4077.1240300000645,3.93399266709969e-12,1.8802827333200205e-13
C IV,1989.0,79dcdr2dswp36490mxlo.txt,2447691.66907,4077.176010000054,4.194658549125654e-12,1.730548782383544e-13
C IV,1989.0,80dcdr2dswp36560mxlo.txt,2447698.27637,4083.783310000319,3.650826212989923e-12,1.6297577078542697e-13
C IV,1989.0,81dcdr2dswp36617mxlo.txt,2447713.48961,4098.996550000273,3.736310181691727e-12,1.9139734078412433e-13
C IV,1989.0,82dcdr2dswp36618mxlo.txt,2447713.54337,4099.050310000312,3.879781190538569e-12,1.2339751792081673e-13
C IV,1989.0,83dcdr2dswp37871mxlo.txt,2447882.91005,4268.416990000289,4.065213182471462e-12,1.6692740684894659e-13
C IV,1989.0,84dcdr2dswp37872mxlo.txt,2447882.96255,4268.469490000047,3.904993056797243e-12,1.352792835282397e-13
C IV,1990.0,85dcdr2dswp37954mxlo.txt,2447897.06407,4282.571010000072,3.627876040790125e-12,1.5124973241032797e-13
C IV,1990.0,86dcdr2dswp38038mxlo.txt,2447909.00799,4294.514930000063,2.567214588824486e-12,1.4705547249455156e-13
C IV,1990.0,87dcdr2dswp38039mxlo.txt,2447909.07103,4294.57797000045,4.007355830104871e-12,1.3254217996786518e-13
C IV,1990.0,88dcdr2dswp38139mxlo.txt,2447927.8635,4313.3704400002025,3.407158833400677e-12,1.8126019785169602e-13
C IV,1990.0,89dcdr2dswp38140mxlo.txt,2447927.92734,4313.434280000161,3.5071491316198355e-12,1.3373316851493575e-13
C IV,1990.0,90dcdr2dswp38708mxlo.txt,2448012.51153,4398.01847000001,3.3078334384808714e-12,1.5219029631109254e-13
C IV,1990.0,91dcdr2dswp38709mxlo.txt,2448012.58617,4398.093110000249,3.661151376634236e-12,1.3900038076562583e-13
C IV,1990.0,92dcdr2dswp38825mxlo.txt,2448029.73639,4415.243330000434,3.768182721260124e-12,1.8013528481480958e-13
C IV,1990.0,93dcdr2dswp38946mxlo.txt,2448043.51272,4429.019660000224,3.385017365464704e-12,1.7701790196608875e-13
C IV,1990.0,94dcdr2dswp38947mxlo.txt,2448043.57403,4429.08097000001,3.739274896242256e-12,1.4988119851929309e-13
C IV,1990.0,95dcdr2dswp39067mxlo.txt,2448054.4206,4439.927540000062,3.938230327300159e-12,2.0879908944392822e-13
C IV,1990.0,96dcdr2dswp39068mxlo.txt,2448054.47637,4439.98331000004,3.727878985119566e-12,1.227746929433441e-13
C IV,1990.0,97dcdr2dswp40331mxlo.txt,2448240.06455,4625.571490000002,3.1595937191855362e-12,3.29136297195528e-13
C IV,1990.0,98dcdr2dswp40332mxlo.txt,2448240.1203,4625.627240000293,3.2172916911841127e-12,2.45803537844771e-13
C IV,1990.0,99dcdr2dswp40333mxlo.txt,2448240.18602,4625.692960000131,3.7100344274780035e-12,2.385964067959953e-13
C IV,1990.0,100dcdr2dswp40334mxlo.txt,2448240.22823,4625.735170000233,3.400806218429917e-12,2.7363002277815544e-13
C IV,1990.0,101dcdr2dswp40392mxlo.txt,2448245.31721,4630.824150000233,2.955558620772466e-12,2.0837512597061873e-13
C IV,1990.0,102dcdr2dswp40393mxlo.txt,2448245.35773,4630.864670000039,3.1106764689158437e-12,2.1480497959461502e-13
C IV,1990.0,103dcdr2dswp40412mxlo.txt,2448246.23862,4631.745560000185,3.408009387987645e-12,1.7733921009107323e-13
C IV,1990.0,104dcdr2dswp40413mxlo.txt,2448246.28572,4631.792660000268,3.6225414870837384e-12,1.7488802503268895e-13
C IV,1990.0,105dcdr2dswp40414mxlo.txt,2448246.33682,4631.843760000076,3.278276590340115e-12,2.447502150214647e-13
C IV,1990.0,106dcdr2dswp40470mxlo.txt,2448253.09882,4638.60576000018,3.296825513316829e-12,1.5238547417028116e-13
C IV,1991.0,107dcdr2dswp40546mxlo.txt,2448264.36171,4649.868650000077,3.5759524883905586e-12,1.7703658463112266e-13
C IV,1991.0,108dcdr2dswp40580mxlo.txt,2448269.82462,4655.331560000312,3.6577257442059116e-12,2.2038793588800917e-13
C IV,1991.0,109dcdr2dswp40581mxlo.txt,2448269.87881,4655.385750000365,3.5593179596593594e-12,1.3903723322168341e-13
C IV,1991.0,110dcdr2dswp40584mxlo.txt,2448270.23464,4655.741580000147,3.6128621184094167e-12,2.82662597242116e-13
C IV,1991.0,111dcdr2dswp40594mxlo.txt,2448271.69024,4657.197180000134,3.1302814159965743e-12,2.1353793948795974e-13
C IV,1991.0,112dcdr2dswp40595mxlo.txt,2448271.74441,4657.251350000035,3.2494148254630135e-12,1.4497391180412982e-13
C IV,1991.0,113dcdr2dswp40619mxlo.txt,2448273.52138,4659.028320000041,3.5587168582335723e-12,1.8561419167714592e-13
C IV,1991.0,114dcdr2dswp40620mxlo.txt,2448273.57358,4659.080520000309,3.7555950287550125e-12,2.0475028371808094e-13
C IV,1991.0,115dcdr2dswp40660mxlo.txt,2448279.61078,4665.117720000446,3.76692533725847e-12,2.0726454038542667e-13
C IV,1991.0,116dcdr2dswp40661mxlo.txt,2448279.66219,4665.169130000286,3.528166505741502e-12,1.6502239554612365e-13
C IV,1991.0,117dcdr2dswp40666mxlo.txt,2448280.81833,4666.3252700003795,3.387520458199525e-12,1.9711050838373056e-13
C IV,1991.0,118dcdr2dswp40667mxlo.txt,2448280.87456,4666.381500000134,3.6565101986765484e-12,1.8687115985199082e-13
C IV,1991.0,119dcdr2dswp40840mxlo.txt,2448295.86608,4681.37302000029,4.01665873063815e-12,1.9515596438595205e-13
C IV,1991.0,120dcdr2dswp40841mxlo.txt,2448295.92458,4681.4315200001,3.072800254720582e-12,1.4007376260505833e-13
C IV,1991.0,121dcdr2dswp41582mxlo.txt,2448382.66831,4768.17525000032,3.7540031022373294e-12,1.8060675369885902e-13
C IV,1991.0,122dcdr2dswp41583mxlo.txt,2448382.724,4768.230940000154,3.826351703063862e-12,2.0502311973529835e-13
C IV,1991.0,123dcdr2dswp41629mxlo.txt,2448391.52225,4777.029190000147,3.665750206003066e-12,1.8312629884873913e-13
C IV,1991.0,124dcdr2dswp41630mxlo.txt,2448391.58102,4777.08796000015,3.9528387956189256e-12,1.5716408984377857e-13
C IV,1991.0,125dcdr2dswp41703mxlo.txt,2448403.66852,4789.175460000057,3.500103456617928e-12,1.5029059077874025e-13
C IV,1991.0,126dcdr2dswp41704mxlo.txt,2448403.71866,4789.225600000005,3.576533486667882e-12,1.6821639505299776e-13
C IV,1991.0,127dcdr2dswp41851mxlo.txt,2448424.53422,4810.0411600000225,3.522985923161972e-12,1.8540482072633086e-13
C IV,1991.0,128dcdr2dswp41852mxlo.txt,2448424.58747,4810.094410000369,3.821688512272962e-12,2.0536713821691942e-13
C IV,1991.0,129dcdr2dswp43342mxlo.txt,2448598.08271,4983.5896500004455,3.1701387378584614e-12,1.7443501961494816e-13
C IV,1991.0,130dcdr2dswp43343mxlo.txt,2448598.14237,4983.649310000241,3.661986424429271e-12,1.4668346223190005e-13
C IV,1991.0,131dcdr2dswp43424mxlo.txt,2448609.90858,4995.4155200002715,3.177289861225155e-12,1.358197294365955e-13
C IV,1991.0,132dcdr2dswp43425mxlo.txt,2448609.96998,4995.4769200002775,4.112975160056214e-12,2.0609076717194674e-13
C IV,1992.0,133dcdr2dswp43550mxlo.txt,2448626.96262,5012.469560000114,2.1066273409015254e-12,1.2602914351594924e-13
C IV,1992.0,134dcdr2dswp43551mxlo.txt,2448627.03031,5012.537250000052,3.4060547474008595e-12,1.417639532308528e-13
C IV,1992.0,135dcdr2dswp43677mxlo.txt,2448639.97214,5025.479080000427,3.5955331303165737e-12,1.2939056444616775e-13
C IV,1992.0,136dcdr2dswp43908mxlo.txt,2448653.75094,5039.257880000398,3.3370812842814864e-12,3.2668212743427434e-13
C IV,1992.0,137dcdr2dswp43909mxlo.txt,2448653.80265,5039.309590000194,3.694012419110687e-12,1.9859141203377018e-13
C IV,1992.0,138dcdr2dswp43994mxlo.txt,2448667.8785,5053.385440000333,3.797659844128589e-12,1.7991793690033407e-13
C IV,1992.0,139dcdr2dswp44480mxlo.txt,2448738.57667,5124.083610000089,3.781487788000074e-12,1.7131628161965146e-13
C IV,1992.0,140dcdr2dswp44481mxlo.txt,2448738.63397,5124.140910000075,3.6048161928552164e-12,1.8481393270835458e-13
C IV,1992.0,141dcdr2dswp44608mxlo.txt,2448748.7259,5134.232840000186,3.551338711512295e-12,1.6977174338014332e-13
C IV,1992.0,142dcdr2dswp44732mxlo.txt,2448763.66191,5149.168850000016,2.4747272171987016e-12,2.0256577879577656e-13
C IV,1992.0,143dcdr2dswp44733mxlo.txt,2448763.71507,5149.222010000143,1.8133276884566933e-12,1.1831984135531132e-13
C IV,1992.0,144dcdr2dswp44871mxlo.txt,2448779.41814,5164.925080000423,3.645748243311869e-12,1.988559760273534e-13
C IV,1992.0,145dcdr2dswp44872mxlo.txt,2448779.47145,5164.978390000295,3.9555193312421344e-12,2.9391445414671296e-13
C IV,1992.0,146dcdr2dswp44967mxlo.txt,2448794.6169,5180.123840000015,4.119741414939322e-12,1.9321377892354905e-13
C IV,1992.0,147dcdr2dswp44968mxlo.txt,2448794.67178,5180.1787200002,3.984114217350204e-12,1.5458474367034698e-13
C IV,1992.0,148dcdr2dswp45079mxlo.txt,2448809.31051,5194.817450000439,4.1809828333073214e-12,2.0582846474605183e-13
C IV,1992.0,149dcdr2dswp45080mxlo.txt,2448809.36508,5194.872020000126,3.659966515111127e-12,2.6583110240504916e-13
C IV,1992.0,150dcdr2dswp46514mxlo.txt,2448973.97646,5359.483400000259,3.801878903716593e-12,2.8081930929216316e-13
C IV,1992.0,151dcdr2dswp46515mxlo.txt,2448974.03314,5359.540080000181,4.401725777834539e-12,1.9224149333055587e-13
C IV,1992.0,152dcdr2dswp46516mxlo.txt,2448974.12174,5359.628680000082,2.3647337580817165e-12,4.975450470891737e-13
C IV,1992.0,153dcdr2dswp46607mxlo.txt,2448985.45715,5370.964090000372,4.441996186670542e-12,1.882322067768473e-13
C IV,1992.0,154dcdr2dswp46608mxlo.txt,2448985.52169,5371.0286300000735,4.223534957386743e-12,2.5502479567703684e-13
C IV,1992.0,155dcdr2dswp46633mxlo.txt,2448987.9867,5373.493640000001,2.7482091590639846e-12,1.587904806063419e-13
C IV,1993.0,156dcdr2dswp46647mxlo.txt,2448989.88841,5375.395350000355,1.6082247285191368e-12,1.746006779027938e-13
C IV,1993.0,157dcdr2dswp46650mxlo.txt,2448990.61029,5376.11723000044,2.1627976342238525e-12,1.0361050965917243e-13
C IV,1993.0,158dcdr2dswp46654mxlo.txt,2448991.54194,5377.048880000133,3.901759553697405e-12,1.7038357229326876e-13
C IV,1993.0,159dcdr2dswp46658mxlo.txt,2448992.56383,5378.070770000108,4.748335458324377e-12,2.7043695530221663e-13
C IV,1993.0,160dcdr2dswp46663mxlo.txt,2448993.55841,5379.065350000281,4.8234099463880035e-12,3.9158551208005557e-13
C IV,1993.0,161dcdr2dswp46692mxlo.txt,2448997.23609,5382.743030000012,3.665479172872597e-12,1.891227278425407e-13
C IV,1993.0,162dcdr2dswp46739mxlo.txt,2449003.83271,5389.3396500004455,3.1090423015577527e-12,1.973882316891473e-13
C IV,1993.0,163dcdr2dswp46863mxlo.txt,2449019.7395,5405.246440000366,4.4727020964166165e-12,2.672205323006414e-13
C IV,1993.0,164dcdr2dswp46864mxlo.txt,2449019.78859,5405.295530000236,4.284020525069699e-12,2.0126585456465733e-13
C IV,1993.0,165dcdr2dswp46926mxlo.txt,2449031.78126,5417.288200000301,3.6263861914541977e-12,1.7540142379106845e-13
C IV,1993.0,166dcdr2dswp46927mxlo.txt,2449031.83492,5417.341860000044,4.667365637944611e-12,1.8663945504237857e-13
C IV,1993.0,167dcdr2dswp47654mxlo.txt,2449119.50971,5505.016650000121,4.039186399884177e-12,1.9818334939837278e-13
C IV,1993.0,168dcdr2dswp47655mxlo.txt,2449119.56345,5505.070390000008,3.7703062774118036e-12,1.780307665663277e-13
C IV,1993.0,169dcdr2dswp47744mxlo.txt,2449134.66709,5520.174030000344,4.014383787414996e-12,1.8283815451540594e-13
C IV,1993.0,170dcdr2dswp47745mxlo.txt,2449134.71817,5520.225109999999,4.235417940735896e-12,1.9061854062494544e-13
C IV,1993.0,171dcdr2dswp49596mxlo.txt,2449336.10162,5721.608560000081,3.756046739523834e-12,2.0077932524896528e-13
C IV,1993.0,172dcdr2dswp49597mxlo.txt,2449336.1692,5721.676140000112,4.370235057277157e-12,2.7313696521109046e-13
C IV,1993.0,173dcdr2dswp49693mxlo.txt,2449348.92644,5734.433380000293,4.613095363986739e-12,2.71467038262964e-13
C IV,1993.0,174dcdr2dswp49694mxlo.txt,2449348.98438,5734.49132000003,4.9924548515278734e-12,2.337410387949601e-13
C IV,1994.0,175dcdr2dswp49795mxlo.txt,2449361.19398,5746.700920000207,4.597626091698692e-12,1.707920681391275e-13
C IV,1994.0,176dcdr2dswp49796mxlo.txt,2449361.24083,5746.747770000249,5.010047397087232e-12,1.7215854437390435e-13
C IV,1994.0,179dcdr2dswp49830mxlo.txt,2449366.75045,5752.257390000392,4.624920308658647e-12,2.458663535584233e-13
C IV,1994.0,180dcdr2dswp49879mxlo.txt,2449376.75838,5762.265320000239,4.160125786786392e-12,2.2318028794996048e-13
C IV,1994.0,181dcdr2dswp49880mxlo.txt,2449376.81093,5762.317870000377,3.755877771283952e-12,1.6814984668646104e-13
C IV,1994.0,182dcdr2dswp49969mxlo.txt,2449390.92439,5776.43133000005,4.271233069747459e-12,2.5492019642858147e-13
C IV,1994.0,183dcdr2dswp49970mxlo.txt,2449390.97727,5776.484210000373,3.687429306978986e-12,3.1177892903192276e-13
C IV,1994.0,184dcdr2dswp50091mxlo.txt,2449406.93755,5792.44449000014,3.5258792833526173e-12,1.961659232531728e-13
C IV,1994.0,185dcdr2dswp50092mxlo.txt,2449406.98983,5792.496770000085,3.0491658271652265e-12,1.500722769429421e-13
C IV,1994.0,186dcdr2dswp50676mxlo.txt,2449475.51407,5861.021010000259,4.816122053773155e-12,2.985131866949619e-13
C IV,1994.0,187dcdr2dswp50677mxlo.txt,2449475.56226,5861.06920000026,3.676142427510045e-12,2.4263467516095137e-13
C IV,1994.0,188dcdr2dswp50769mxlo.txt,2449487.62498,5873.131920000073,3.936602675706006e-12,1.8631584504122973e-13
C IV,1994.0,189dcdr2dswp50770mxlo.txt,2449487.67285,5873.179790000431,5.167171096137401e-12,3.1348332651657956e-13
C IV,1994.0,190dcdr2dswp50934mxlo.txt,2449502.51009,5888.017030000221,3.851968993500955e-12,2.1461075545895852e-13
C IV,1994.0,191dcdr2dswp50935mxlo.txt,2449502.56256,5888.069500000216,5.240905999851905e-12,3.7405971566392026e-13
C IV,1994.0,192dcdr2dswp51099mxlo.txt,2449518.59228,5904.099220000207,4.42099805330395e-12,2.1554154828398865e-13
C IV,1994.0,193dcdr2dswp51100mxlo.txt,2449518.65385,5904.160790000111,4.3587788363993165e-12,1.8776752169628943e-13
C IV,1994.0,194dcdr2dswp51140mxlo.txt,2449523.7483,5909.255240000319,4.434946202126782e-12,2.1331999714232817e-13
C IV,1994.0,195dcdr2dswp51141mxlo.txt,2449523.79645,5909.3033900000155,3.8939418025857994e-12,1.9430170552325611e-13
C IV,1994.0,196dcdr2dswp51238mxlo.txt,2449531.42692,5916.933860000223,3.795260338987674e-12,1.477969057969607e-13
C IV,1994.0,197dcdr2dswp51239mxlo.txt,2449531.49236,5916.999300000258,4.218547708634774e-12,1.5944554931960053e-13
C IV,1994.0,198dcdr2dswp53223mxlo.txt,2449717.12322,6102.630160000175,4.451829917933339e-12,2.725624259122729e-13
C IV,1994.0,199dcdr2dswp53224mxlo.txt,2449717.1715,6102.678440000396,4.491356061572794e-12,2.5475056607419085e-13
C IV,1995.0,200dcdr2dswp53262mxlo.txt,2449721.21616,6106.723100000061,4.1716534076935825e-12,2.1348885466339277e-13
C IV,1995.0,201dcdr2dswp53263mxlo.txt,2449721.26541,6106.772350000218,4.60804186640917e-12,2.581296737400134e-13
C IV,1995.0,202dcdr2dswp53264mxlo.txt,2449721.31343,6106.820370000321,4.539948487224358e-12,2.264483970213453e-13
C IV,1995.0,203dcdr2dswp53265mxlo.txt,2449721.36698,6106.873920000158,4.593917781004085e-12,2.5684332065258174e-13
C IV,1995.0,204dcdr2dswp53266mxlo.txt,2449721.4166,6106.923540000338,4.798906997202255e-12,2.44546424002918e-13
C IV,1995.0,205dcdr2dswp53281mxlo.txt,2449722.67308,6108.18002000032,4.549637173489152e-12,2.444080080267269e-13
C IV,1995.0,206dcdr2dswp53282mxlo.txt,2449722.71752,6108.224460000172,4.342979942044967e-12,2.2498649205420028e-13
C IV,1995.0,207dcdr2dswp53283mxlo.txt,2449722.76137,6108.268310000189,4.89346513630375e-12,2.110607354359322e-13
C IV,1995.0,208dcdr2dswp53291mxlo.txt,2449724.37198,6109.8789200000465,4.470759486347393e-12,1.9346468726300328e-13
C IV,1995.0,209dcdr2dswp53292mxlo.txt,2449724.427,6109.933940000366,4.832484067730953e-12,2.2204129286549711e-13
C IV,1995.0,210dcdr2dswp53293mxlo.txt,2449724.47424,6109.981180000119,4.866043117255115e-12,2.569790872692594e-13
C IV,1995.0,211dcdr2dswp53296mxlo.txt,2449725.03383,6110.5407700003125,4.344095999348745e-12,2.0319437883672444e-13
C IV,1995.0,212dcdr2dswp53297mxlo.txt,2449725.08252,6110.589460000396,4.81194884812107e-12,2.388533453862374e-13
C IV,1995.0,213dcdr2dswp53305mxlo.txt,2449727.02806,6112.535000000149,2.2810456832123265e-12,1.4433146876490184e-13
C IV,1995.0,214dcdr2dswp53306mxlo.txt,2449727.10558,6112.612520000432,4.245399437068561e-12,2.24692226636552e-13
C IV,1995.0,215dcdr2dswp53307mxlo.txt,2449727.15231,6112.659250000026,4.664417188965192e-12,2.456336227524607e-13
C IV,1995.0,216dcdr2dswp53328mxlo.txt,2449729.51029,6115.017230000347,4.626101917350975e-12,2.0638644498880506e-13
C IV,1995.0,217dcdr2dswp53329mxlo.txt,2449729.56066,6115.067600000184,4.199251837269194e-12,2.0985202073468595e-13
C IV,1995.0,218dcdr2dswp53330mxlo.txt,2449729.60627,6115.113210000098,4.2121642002475884e-12,2.1546547301029673e-13
C IV,1995.0,219dcdr2dswp53331mxlo.txt,2449729.74469,6115.251630000304,4.759859470780142e-12,1.54263724818229e-13
C IV,1995.0,220dcdr2dswp53332mxlo.txt,2449729.80021,6115.307150000241,5.044063202180519e-12,2.0566457894681966e-13
C IV,1995.0,221dcdr2dswp53333mxlo.txt,2449730.37623,6115.8831700002775,4.3961895025722544e-12,2.946403873981631e-13
C IV,1995.0,222dcdr2dswp53334mxlo.txt,2449730.42723,6115.934170000255,4.99719108764928e-12,2.5859521298020257e-13
C IV,1995.0,223dcdr2dswp53785mxlo.txt,2449746.88858,6132.395520000253,3.5413136567962683e-12,1.5986450526303415e-13
C IV,1995.0,224dcdr2dswp53786mxlo.txt,2449746.94882,6132.455760000274,4.911425717117649e-12,2.626200119256516e-13
C IV,1995.0,225dcdr2dswp53914mxlo.txt,2449762.9328,6148.439740000293,4.7931203231053956e-12,2.789232244420696e-13
C IV,1995.0,226dcdr2dswp53915mxlo.txt,2449762.98733,6148.494270000141,5.121130460233245e-12,3.379060224530145e-13
C IV,1995.0,227dcdr2dswp54580mxlo.txt,2449840.69494,6226.201880000066,3.546840903376942e-12,1.88837053748036e-13
C IV,1995.0,228dcdr2dswp54581mxlo.txt,2449840.74501,6226.251950000413,5.4672019939332186e-12,2.593612883770073e-13
C IV,1995.0,229dcdr2dswp54697mxlo.txt,2449854.67649,6240.183430000208,4.431246949876375e-12,2.1876572773890617e-13
C IV,1995.0,230dcdr2dswp54698mxlo.txt,2449855.72563,6241.232569999993,4.699345354447514e-12,2.0776005871389995e-13
C IV,1995.0,231dcdr2dswp54802mxlo.txt,2449868.67042,6254.177360000089,4.409892784396834e-12,2.2794070372599184e-13
C IV,1995.0,232dcdr2dswp54803mxlo.txt,2449868.73225,6254.239190000109,4.841224713206275e-12,2.1506301302383264e-13
C IV,1995.0,233dcdr2dswp54998mxlo.txt,2449882.54679,6268.053730000276,4.351136978096875e-12,1.8892234382980153e-13
C IV,1995.0,234dcdr2dswp54999mxlo.txt,2449882.59977,6268.106710000429,5.171173394578667e-12,3.55317232459991e-13
C IV,1995.0,235dcdr2dswp55148mxlo.txt,2449895.51914,6281.026080000214,4.977759302198372e-12,1.6433471606410806e-13
C IV,1995.0,236dcdr2dswp55147mxlo.txt,2449896.43318,6281.940120000392,5.276114149041629e-12,2.311838627481345e-13
C IV,1995.0,237dcdr2dswp56312mxlo.txt,2450070.35794,6455.864880000241,3.3909454029967877e-12,2.6012094582303674e-13
C IV,1995.0,238dcdr2dswp56322mxlo.txt,2450073.21096,6458.717900000047,4.157647360283904e-12,1.9881591208868178e-13
C IV,1995.0,239dcdr2dswp56348mxlo.txt,2450078.03265,6463.539590000175,3.963740677190076e-12,2.789903782277622e-13
C IV,1995.0,240dcdr2dswp56368mxlo.txt,2450082.89171,6468.3986500003375,3.9913558725591626e-12,2.1755730709415068e-13
C IV,1996.0,241dcdr2dswp56382mxlo.txt,2450087.81387,6473.320810000412,4.502665117815496e-12,2.55846075179746e-13
C IV,1996.0,242dcdr2dswp56398mxlo.txt,2450092.8189,6478.325840000063,3.779646071239167e-12,2.0312223328215532e-13
C IV,1996.0,243dcdr2dswp56581mxlo.txt,2450098.8145,6484.321440000087,4.394066385608739e-12,2.1760219999436472e-13
C IV,1996.0,244dcdr2dswp56588mxlo.txt,2450100.851,6486.357940000016,3.862101256752103e-12,2.193201592017759e-13
C IV,1996.0,245dcdr2dswp56622mxlo.txt,2450102.85589,6488.362829999998,3.1608116137813907e-12,2.0589914686603998e-13
C IV,1996.0,246dcdr2dswp56629mxlo.txt,2450104.84473,6490.3516700002365,4.097544032027311e-12,2.5683547673756523e-13
C IV,1996.0,247dcdr2dswp56632mxlo.txt,2450106.81597,6492.3229100001045,4.768319814565966e-12,2.4955496650262754e-13
C IV,1996.0,248dcdr2dswp56636mxlo.txt,2450108.81105,6494.31799000036,4.457767103535669e-12,1.8413453909547846e-13
C IV,1996.0,249dcdr2dswp56642mxlo.txt,2450110.84238,6496.349320000038,4.102426495306956e-12,2.2183817318517624e-13
C IV,1996.0,250dcdr2dswp56653mxlo.txt,2450112.97499,6498.481930000242,4.415220009035835e-12,2.554584571518596e-13
He II,1982.0,14dcdr2dswp17303mxlo.txt,2445148.4014,0.0,3.002541041589726e-13,9.789648674606304e-14
He II,1984.0,17dcdr2dswp23064mxlo.txt,2445841.53637,693.1349700000137,2.3213464099151073e-13,5.910008367478464e-14
He II,1984.0,18dcdr2dswp23444mxlo.txt,2445893.58914,745.1877399999648,8.404920206712336e-14,2.624269870201517e-14
He II,1987.0,34dcdr2dswp30238mxlo.txt,2446829.4259,1681.0245000002906,9.175459587479077e-14,2.819326714189619e-14
He II,1987.0,39dcdr2dswp30332mxlo.txt,2446844.886,1696.4846000000834,1.1812615031089164e-13,3.8660111818399904e-14
He II,1988.0,50dcdr2dswp32726mxlo.txt,2447175.01424,2026.6128400000744,1.1558518006819764e-13,2.3429260312592525e-14
He II,1988.0,55dcdr2dswp33704mxlo.txt,2447317.40553,2169.0041300002486,2.425717977669687e-13,6.30325917770867e-14
He II,1988.0,56dcdr2dswp33705mxlo.txt,2447317.45902,2169.057620000094,1.4642361496670846e-13,3.644426653519502e-14
He II,1988.0,58dcdr2dswp33889mxlo.txt,2447352.4837,2204.0823000003584,1.3250594649313815e-13,2.6199065248534616e-14
He II,1989.0,76dcdr2dswp36370mxlo.txt,2447677.64375,2529.242349999957,8.099314039430456e-14,2.3311217093064842e-14
He II,1990.0,88dcdr2dswp38139mxlo.txt,2447927.8635,2779.4621000001207,7.458200120572024e-14,2.3145549852891364e-14
He II,1990.0,93dcdr2dswp38946mxlo.txt,2448043.51272,2895.111320000142,1.0061990652240454e-13,3.2607949112137426e-14
He II,1991.0,113dcdr2dswp40619mxlo.txt,2448273.52138,3125.1199799999595,2.454403858083169e-13,5.0219229957535364e-14
He II,1991.0,115dcdr2dswp40660mxlo.txt,2448279.61078,3131.209380000364,1.1840244980786706e-13,3.7487340908336514e-14
He II,1991.0,117dcdr2dswp40666mxlo.txt,2448280.81833,3132.4169300002977,1.6606847313124051e-13,3.413180576441039e-14
He II,1991.0,119dcdr2dswp40840mxlo.txt,2448295.86608,3147.4646800002083,2.4416585250794673e-13,4.178241350077606e-14
He II,1991.0,125dcdr2dswp41703mxlo.txt,2448403.66852,3255.267119999975,1.8219094984159663e-13,3.878295893542775e-14
He II,1991.0,127dcdr2dswp41851mxlo.txt,2448424.53422,3276.1328199999407,1.0699474897167152e-13,3.254271025487758e-14
He II,1991.0,131dcdr2dswp43424mxlo.txt,2448609.90858,3461.5071800001897,1.3402409492245666e-13,4.32602401240413e-14
He II,1992.0,133dcdr2dswp43550mxlo.txt,2448626.96262,3478.5612200000323,8.239599065038817e-14,2.1318219634579017e-14
He II,1992.0,134dcdr2dswp43551mxlo.txt,2448627.03031,3478.6289099999703,6.503912420403475e-14,1.7262083956586836e-14
He II,1992.0,137dcdr2dswp43909mxlo.txt,2448653.80265,3505.4012500001118,4.015797798593013e-13,6.239409870324856e-14
He II,1992.0,154dcdr2dswp46608mxlo.txt,2448985.52169,3837.1202899999917,1.9826137040922034e-13,4.4296087835618384e-14
He II,1993.0,160dcdr2dswp46663mxlo.txt,2448993.55841,3845.157010000199,2.8279233803806866e-13,6.066377587624478e-14
He II,1993.0,162dcdr2dswp46739mxlo.txt,2449003.83271,3855.4313100003637,1.0327358974371941e-13,3.175593297360644e-14
He II,1993.0,168dcdr2dswp47655mxlo.txt,2449119.56345,3971.1620499999262,1.5161712135834649e-13,4.349246926077789e-14
He II,1993.0,171dcdr2dswp49596mxlo.txt,2449336.10162,4187.700219999999,4.429597593121493e-13,9.465957175544818e-14
He II,1993.0,174dcdr2dswp49694mxlo.txt,2449348.98438,4200.582979999948,1.7136804393611802e-13,4.4950063584140123e-14
He II,1994.0,176dcdr2dswp49796mxlo.txt,2449361.24083,4212.839430000167,9.895917748870267e-14,2.6632931851339192e-14
He II,1994.0,186dcdr2dswp50676mxlo.txt,2449475.51407,4327.112670000177,2.093950388712647e-13,5.704128160560095e-14
He II,1994.0,187dcdr2dswp50677mxlo.txt,2449475.56226,4327.160860000178,1.290214612420556e-13,3.340794558608568e-14
He II,1994.0,194dcdr2dswp51140mxlo.txt,2449523.7483,4375.346900000237,2.1296174312559484e-13,4.899657321687028e-14
He II,1994.0,198dcdr2dswp53223mxlo.txt,2449717.12322,4568.721820000093,1.759524485042169e-13,5.751303064291169e-14
He II,1994.0,199dcdr2dswp53224mxlo.txt,2449717.1715,4568.770100000314,1.7748830035124322e-13,5.196165062754685e-14
He II,1995.0,206dcdr2dswp53282mxlo.txt,2449722.71752,4574.31612000009,1.8534880058370262e-13,6.000385666511228e-14
He II,1995.0,207dcdr2dswp53283mxlo.txt,2449722.76137,4574.359970000107,2.036270018113367e-13,3.326373160994166e-14
He II,1995.0,216dcdr2dswp53328mxlo.txt,2449729.51029,4581.108890000265,1.6615252729155452e-13,4.513558305603674e-14
He II,1995.0,221dcdr2dswp53333mxlo.txt,2449730.37623,4581.974830000196,1.1079268860285512e-13,3.359504927787621e-14
He II,1995.0,224dcdr2dswp53786mxlo.txt,2449746.94882,4598.547420000192,1.5466251443318794e-13,4.621110473946695e-14
He II,1995.0,229dcdr2dswp54697mxlo.txt,2449854.67649,4706.2750900001265,2.0931991392635317e-13,6.037904974476324e-14
He II,1996.0,241dcdr2dswp56382mxlo.txt,2450087.81387,4939.41247000033,1.175735949715383e-13,3.8376395788197955e-14
He II,1996.0,243dcdr2dswp56581mxlo.txt,2450098.8145,4950.413100000005,4.428871477067788e-13,1.422956870892054e-13
He II,1996.0,245dcdr2dswp56622mxlo.txt,2450102.85589,4954.454489999916,1.3139063397534867e-13,3.6146505276426215e-14
He II,1996.0,248dcdr2dswp56636mxlo.txt,2450108.81105,4960.409650000278,1.5794043334924457e-13,5.017813977150365e-14
He II,1996.0,249dcdr2dswp56642mxlo.txt,2450110.84238,4962.440979999956,1.2218732480982833e-13,3.360270772619749e-14
Lyman Alpha (Lya),1978.0,1dcdr2dswp01365mxlo.txt,2443614.35486,0.0,7.89186609296619e-12,2.5271725544510523e-12
Lyman Alpha (Lya),1978.0,2dcdr2dswp01366mxlo.txt,2443614.49306,0.13819999992847443,1.0834627459666763e-11,5.869377727994137e-13
Lyman Alpha (Lya),1978.0,3dcdr2dswp01642mxlo.txt,2443654.90736,40.55250000022352,7.676253266466024e-12,6.69312576249272e-13
Lyman Alpha (Lya),1978.0,4dcdr2dswp02099mxlo.txt,2443714.52825,100.17339000012726,9.673993062712832e-12,4.721966745373474e-13
Lyman Alpha (Lya),1979.0,5dcdr2dswp05116mxlo.txt,2443997.54954,383.1946800001897,1.0819039528661224e-11,3.7522798751223404e-13
Lyman Alpha (Lya),1982.0,6dcdr2dswp16431mxlo.txt,2445026.89626,1412.5413999999873,8.793295817845504e-14,2.7976899903649716e-14
Lyman Alpha (Lya),1982.0,7dcdr2dswp16790mxlo.txt,2445078.43622,1464.0813600001857,9.174081750773716e-12,3.88403360699402e-13
Lyman Alpha (Lya),1982.0,8dcdr2dswp16801mxlo.txt,2445080.27446,1465.9196000001393,9.714718975650693e-12,4.452774141222988e-13
Lyman Alpha (Lya),1982.0,9dcdr2dswp16802mxlo.txt,2445080.32265,1465.9677900001407,8.902178836020281e-12,5.442368367528062e-13
Lyman Alpha (Lya),1982.0,10dcdr2dswp16803mxlo.txt,2445080.37093,1466.0160700003617,8.702822905050333e-12,5.021692061046765e-13
Lyman Alpha (Lya),1982.0,11dcdr2dswp17300mxlo.txt,2445148.27606,1533.9212000002153,8.817345277118046e-12,1.0811412018557123e-12
Lyman Alpha (Lya),1982.0,12dcdr2dswp17301mxlo.txt,2445148.31179,1533.956930000335,1.0271098160681523e-11,8.627156363426464e-13
Lyman Alpha (Lya),1982.0,13dcdr2dswp17302mxlo.txt,2445148.35831,1534.003450000193,9.862810138400928e-12,5.254260327159231e-13
Lyman Alpha (Lya),1982.0,14dcdr2dswp17303mxlo.txt,2445148.4014,1534.0465400000103,1.0393597674541326e-11,5.195480533686469e-13
Lyman Alpha (Lya),1983.0,15dcdr2dswp19731mxlo.txt,2445439.96013,1825.6052700001746,9.851332170824487e-12,4.530235701450352e-13
Lyman Alpha (Lya),1984.0,16dcdr2dswp23063mxlo.txt,2445841.4891,2227.134240000043,8.693290213404776e-12,3.150502604531839e-13
Lyman Alpha (Lya),1984.0,17dcdr2dswp23064mxlo.txt,2445841.53637,2227.181510000024,9.29961594288605e-12,4.0052366880905884e-13
Lyman Alpha (Lya),1984.0,18dcdr2dswp23444mxlo.txt,2445893.58914,2279.234279999975,8.821231765397972e-12,3.435524307507927e-13
Lyman Alpha (Lya),1985.0,19dcdr2dswp25973mxlo.txt,2446204.65473,2590.299870000221,8.546137815535341e-12,2.5424225873110914e-13
Lyman Alpha (Lya),1985.0,20dcdr2dswp25974mxlo.txt,2446204.70719,2590.35233000014,9.22668060005874e-12,4.66736946748148e-13
Lyman Alpha (Lya),1985.0,21dcdr2dswp26489mxlo.txt,2446273.85969,2659.5048299999908,8.733789891051058e-12,3.921341826578903e-13
Lyman Alpha (Lya),1986.0,22dcdr2dswp28304mxlo.txt,2446564.66188,2950.307020000182,9.16793885482077e-12,5.43071900469968e-13
Lyman Alpha (Lya),1986.0,23dcdr2dswp28305mxlo.txt,2446564.71157,2950.3567099999636,9.144571004191121e-12,4.528411929373669e-13
Lyman Alpha (Lya),1986.0,24dcdr2dswp29774mxlo.txt,2446764.17181,3149.816950000357,9.865251695200916e-12,4.716954700410097e-13
Lyman Alpha (Lya),1986.0,25dcdr2dswp29775mxlo.txt,2446764.22277,3149.86791000003,1.0688192587633221e-11,5.822650867129167e-13
Lyman Alpha (Lya),1986.0,26dcdr2dswp29843mxlo.txt,2446775.08101,3160.7261500000022,1.1077466453526156e-11,7.713375495788911e-13
Lyman Alpha (Lya),1986.0,27dcdr2dswp29844mxlo.txt,2446775.13941,3160.784549999982,1.103411492786641e-11,6.085083428137633e-13
Lyman Alpha (Lya),1986.0,28dcdr2dswp29939mxlo.txt,2446787.09865,3172.7437900002114,9.755103784632225e-12,6.215701290977723e-13
Lyman Alpha (Lya),1986.0,29dcdr2dswp29940mxlo.txt,2446787.15587,3172.801010000054,9.948076719677946e-12,4.1503084309701697e-13
Lyman Alpha (Lya),1987.0,30dcdr2dswp30081mxlo.txt,2446808.00218,3193.647319999989,1.0288093195429078e-11,6.868680536660501e-13
Lyman Alpha (Lya),1987.0,31dcdr2dswp30082mxlo.txt,2446808.05385,3193.698989999946,1.005188524275786e-11,4.465829673439284e-13
Lyman Alpha (Lya),1987.0,32dcdr2dswp30141mxlo.txt,2446818.81943,3204.464570000302,8.906900317889302e-12,6.776984249285558e-13
Lyman Alpha (Lya),1987.0,33dcdr2dswp30142mxlo.txt,2446818.87052,3204.5156600000337,9.78913687866626e-12,4.346778293679079e-13
Lyman Alpha (Lya),1987.0,34dcdr2dswp30238mxlo.txt,2446829.4259,3215.071040000301,9.89619494778474e-12,4.142963550372586e-13
Lyman Alpha (Lya),1987.0,35dcdr2dswp30239mxlo.txt,2446829.47735,3215.1224899999797,9.414777930545143e-12,5.052993501400804e-13
Lyman Alpha (Lya),1987.0,36dcdr2dswp30243mxlo.txt,2446829.75275,3215.3978900001384,1.0313135563703732e-11,4.930144294215909e-13
Lyman Alpha (Lya),1987.0,37dcdr2dswp30244mxlo.txt,2446829.80409,3215.4492300003767,1.0439802046722864e-11,5.098278633847955e-13
Lyman Alpha (Lya),1987.0,38dcdr2dswp30331mxlo.txt,2446844.83417,3230.4793100003153,1.0195066553234248e-11,5.748945005599277e-13
Lyman Alpha (Lya),1987.0,39dcdr2dswp30332mxlo.txt,2446844.886,3230.5311400000937,1.0657831402787588e-11,5.319036064534429e-13
Lyman Alpha (Lya),1987.0,40dcdr2dswp31077mxlo.txt,2446948.40162,3334.0467600002885,9.224363463666681e-12,3.7589869252111384e-13
Lyman Alpha (Lya),1987.0,41dcdr2dswp31078mxlo.txt,2446948.45322,3334.098360000178,9.553861944698228e-12,4.266495826253351e-13
Lyman Alpha (Lya),1987.0,42dcdr2dswp31079mxlo.txt,2446948.51856,3334.163700000383,9.376037475265503e-12,4.522606743315505e-13
Lyman Alpha (Lya),1987.0,43dcdr2dswp31353mxlo.txt,2446994.33255,3379.977690000087,9.833337882142684e-12,4.64633797204446e-13
Lyman Alpha (Lya),1987.0,44dcdr2dswp31354mxlo.txt,2446994.39286,3380.038000000175,9.379297528711149e-12,4.876249628947967e-13
Lyman Alpha (Lya),1987.0,45dcdr2dswp32459mxlo.txt,2447133.9083,3519.5534399999306,9.097678931194562e-12,4.364354684186919e-13
Lyman Alpha (Lya),1987.0,46dcdr2dswp32460mxlo.txt,2447133.96868,3519.613820000086,8.739170197307887e-12,4.899538911341401e-13
Lyman Alpha (Lya),1987.0,47dcdr2dswp32638mxlo.txt,2447159.10667,3544.751810000278,9.450133198752148e-12,3.845440809920841e-13
Lyman Alpha (Lya),1987.0,48dcdr2dswp32639mxlo.txt,2447159.15628,3544.8014200003818,9.112091501468868e-12,4.623949881278175e-13
Lyman Alpha (Lya),1988.0,49dcdr2dswp32725mxlo.txt,2447174.95447,3560.599610000383,8.946072960426843e-12,5.049009617379935e-13
Lyman Alpha (Lya),1988.0,50dcdr2dswp32726mxlo.txt,2447175.01424,3560.6593800000846,9.754067421512314e-12,4.4853938056706115e-13
Lyman Alpha (Lya),1988.0,51dcdr2dswp32889mxlo.txt,2447200.72588,3586.3710199999623,8.698708986891868e-12,3.4460128254929177e-13
Lyman Alpha (Lya),1988.0,52dcdr2dswp32890mxlo.txt,2447200.7777,3586.4228400001302,9.791605787729232e-12,5.319398499718272e-13
Lyman Alpha (Lya),1988.0,53dcdr2dswp33486mxlo.txt,2447289.70429,3675.349429999944,8.532559448191162e-12,3.8567443743459255e-13
Lyman Alpha (Lya),1988.0,54dcdr2dswp33487mxlo.txt,2447289.75234,3675.397480000276,8.53869205906911e-12,4.116240460459257e-13
Lyman Alpha (Lya),1988.0,55dcdr2dswp33704mxlo.txt,2447317.40553,3703.050670000259,9.665506598263423e-12,4.2558563364013233e-13
Lyman Alpha (Lya),1988.0,56dcdr2dswp33705mxlo.txt,2447317.45902,3703.1041600001045,9.232966174910907e-12,4.830831887351491e-13
Lyman Alpha (Lya),1988.0,57dcdr2dswp33797mxlo.txt,2447334.44435,3720.0894900001585,8.384093402000739e-12,4.965017650203242e-13
Lyman Alpha (Lya),1988.0,58dcdr2dswp33889mxlo.txt,2447352.4837,3738.1288400003687,9.189197673529017e-12,4.758888251589881e-13
Lyman Alpha (Lya),1988.0,59dcdr2dswp33890mxlo.txt,2447352.53755,3738.1826900001615,9.753545029806073e-12,4.735847796676528e-13
Lyman Alpha (Lya),1988.0,60dcdr2dswp33907mxlo.txt,2447356.04863,3741.6937700002454,8.390818936596694e-12,3.926339495561859e-13
Lyman Alpha (Lya),1988.0,61dcdr2dswp33908mxlo.txt,2447356.09922,3741.7443600003608,7.400172570758464e-12,1.2721420738746237e-12
Lyman Alpha (Lya),1988.0,62dcdr2dswp34996mxlo.txt,2447505.90225,3891.5473899999633,1.0377044676560365e-11,3.253765293858849e-13
Lyman Alpha (Lya),1988.0,63dcdr2dswp34997mxlo.txt,2447505.95638,3891.6015200000256,9.75881195616422e-12,3.718116136213318e-13
Lyman Alpha (Lya),1988.0,64dcdr2dswp35154mxlo.txt,2447523.1002,3908.7453400003724,9.760936124688441e-12,4.025724270611667e-13
Lyman Alpha (Lya),1988.0,65dcdr2dswp35155mxlo.txt,2447523.15706,3908.8022000002675,9.198739305637241e-12,7.328102716510821e-13
Lyman Alpha (Lya),1989.0,66dcdr2dswp35395mxlo.txt,2447550.05735,3935.7024900000542,9.342845096988485e-12,4.420751741753936e-13
Lyman Alpha (Lya),1989.0,67dcdr2dswp35396mxlo.txt,2447550.10245,3935.7475900002755,8.627644636536334e-12,3.7945530818483376e-13
Lyman Alpha (Lya),1989.0,68dcdr2dswp35470mxlo.txt,2447560.53772,3946.182860000059,9.870576848145375e-12,4.3733192949257287e-13
Lyman Alpha (Lya),1989.0,69dcdr2dswp35471mxlo.txt,2447560.58336,3946.228500000201,1.024136983990267e-11,4.935845376002614e-13
Lyman Alpha (Lya),1989.0,70dcdr2dswp35476mxlo.txt,2447561.71625,3947.361390000209,9.250787529358919e-12,3.341897104534784e-13
Lyman Alpha (Lya),1989.0,71dcdr2dswp35477mxlo.txt,2447561.77113,3947.4162699999288,9.317619527172213e-12,4.46970135984762e-13
Lyman Alpha (Lya),1989.0,72dcdr2dswp36169mxlo.txt,2447646.58108,4032.2262200000696,9.922289283380237e-12,2.8502775169743107e-13
Lyman Alpha (Lya),1989.0,73dcdr2dswp36170mxlo.txt,2447646.63447,4032.279610000085,9.160517179950081e-12,3.4514208043759577e-13
Lyman Alpha (Lya),1989.0,74dcdr2dswp36265mxlo.txt,2447661.63694,4047.2820800002664,9.67941683159734e-12,4.4780263549332514e-13
Lyman Alpha (Lya),1989.0,75dcdr2dswp36266mxlo.txt,2447661.7028,4047.3479400002398,9.085348084310444e-12,3.635437526077551e-13
Lyman Alpha (Lya),1989.0,76dcdr2dswp36370mxlo.txt,2447677.64375,4063.288889999967,9.073851799180385e-12,4.237795389210572e-13
Lyman Alpha (Lya),1989.0,77dcdr2dswp36371mxlo.txt,2447677.70013,4063.3452699999325,1.0012969848088053e-11,4.0328578458711713e-13
Lyman Alpha (Lya),1989.0,78dcdr2dswp36489mxlo.txt,2447691.61709,4077.262229999993,8.894802146062471e-12,4.127373266905652e-13
Lyman Alpha (Lya),1989.0,79dcdr2dswp36490mxlo.txt,2447691.66907,4077.3142099999823,8.86863357729673e-12,4.0345143919311086e-13
Lyman Alpha (Lya),1989.0,80dcdr2dswp36560mxlo.txt,2447698.27637,4083.9215100002475,9.162434651688032e-12,3.9077630283871373e-13
Lyman Alpha (Lya),1989.0,81dcdr2dswp36617mxlo.txt,2447713.48961,4099.134750000201,9.067651625542535e-12,3.778472065143487e-13
Lyman Alpha (Lya),1989.0,82dcdr2dswp36618mxlo.txt,2447713.54337,4099.18851000024,9.370847809772687e-12,2.616182129069139e-13
Lyman Alpha (Lya),1989.0,83dcdr2dswp37871mxlo.txt,2447882.91005,4268.555190000217,9.339026351883919e-12,5.35191361694477e-13
Lyman Alpha (Lya),1989.0,84dcdr2dswp37872mxlo.txt,2447882.96255,4268.607689999975,9.50833647419277e-12,3.999636252452161e-13
Lyman Alpha (Lya),1990.0,85dcdr2dswp37954mxlo.txt,2447897.06407,4282.709210000001,9.359252086047958e-12,3.530993527657068e-13
Lyman Alpha (Lya),1990.0,86dcdr2dswp38038mxlo.txt,2447909.00799,4294.6531299999915,6.491389013898388e-12,3.263991209143965e-13
Lyman Alpha (Lya),1990.0,87dcdr2dswp38039mxlo.txt,2447909.07103,4294.716170000378,8.38990857106519e-12,4.934950675799372e-13
Lyman Alpha (Lya),1990.0,88dcdr2dswp38139mxlo.txt,2447927.8635,4313.508640000131,9.222735183067279e-12,3.999442403745003e-13
Lyman Alpha (Lya),1990.0,89dcdr2dswp38140mxlo.txt,2447927.92734,4313.57248000009,9.239526946598084e-12,3.2313071934885803e-13
Lyman Alpha (Lya),1990.0,90dcdr2dswp38708mxlo.txt,2448012.51153,4398.1566699999385,8.404838496398114e-12,7.545749208618472e-13
Lyman Alpha (Lya),1990.0,91dcdr2dswp38709mxlo.txt,2448012.58617,4398.2313100001775,8.789520855792094e-12,3.2458480197101803e-13
Lyman Alpha (Lya),1990.0,92dcdr2dswp38825mxlo.txt,2448029.73639,4415.3815300003625,9.059843317563447e-12,3.501780788701692e-13
Lyman Alpha (Lya),1990.0,93dcdr2dswp38946mxlo.txt,2448043.51272,4429.157860000152,9.767230139709104e-12,4.3254582369330613e-13
Lyman Alpha (Lya),1990.0,94dcdr2dswp38947mxlo.txt,2448043.57403,4429.2191699999385,7.109912384282171e-12,1.3248940142152104e-12
Lyman Alpha (Lya),1990.0,95dcdr2dswp39067mxlo.txt,2448054.4206,4440.065739999991,9.965725498909317e-12,4.4466102589262793e-13
Lyman Alpha (Lya),1990.0,96dcdr2dswp39068mxlo.txt,2448054.47637,4440.121509999968,9.413400227209384e-12,3.472743972346051e-13
Lyman Alpha (Lya),1990.0,97dcdr2dswp40331mxlo.txt,2448240.06455,4625.709689999931,7.85070571678328e-12,8.730328274549708e-13
Lyman Alpha (Lya),1990.0,98dcdr2dswp40332mxlo.txt,2448240.1203,4625.765440000221,9.727803625860355e-12,5.307719994566208e-13
Lyman Alpha (Lya),1990.0,99dcdr2dswp40333mxlo.txt,2448240.18602,4625.83116000006,8.084431243176123e-12,4.583364342460878e-13
Lyman Alpha (Lya),1990.0,100dcdr2dswp40334mxlo.txt,2448240.22823,4625.873370000161,8.393906551750163e-12,7.161520323516643e-13
Lyman Alpha (Lya),1990.0,101dcdr2dswp40392mxlo.txt,2448245.31721,4630.962350000162,9.463597932725838e-12,3.357217047751104e-13
Lyman Alpha (Lya),1990.0,102dcdr2dswp40393mxlo.txt,2448245.35773,4631.0028699999675,8.596749678782356e-12,4.2618230514001346e-13
Lyman Alpha (Lya),1990.0,103dcdr2dswp40412mxlo.txt,2448246.23862,4631.883760000113,8.444145505237737e-12,3.3606622411868454e-13
Lyman Alpha (Lya),1990.0,104dcdr2dswp40413mxlo.txt,2448246.28572,4631.930860000197,8.622379295625071e-12,4.746374012434165e-13
Lyman Alpha (Lya),1990.0,105dcdr2dswp40414mxlo.txt,2448246.33682,4631.981960000005,8.961030439743766e-12,4.009933069644884e-13
Lyman Alpha (Lya),1990.0,106dcdr2dswp40470mxlo.txt,2448253.09882,4638.743960000109,8.582715275254349e-12,4.770421323706774e-13
Lyman Alpha (Lya),1991.0,107dcdr2dswp40546mxlo.txt,2448264.36171,4650.006850000005,8.996516975512302e-12,4.700839534738037e-13
Lyman Alpha (Lya),1991.0,108dcdr2dswp40580mxlo.txt,2448269.82462,4655.46976000024,9.219614799662e-12,4.2504074500278766e-13
Lyman Alpha (Lya),1991.0,109dcdr2dswp40581mxlo.txt,2448269.87881,4655.523950000294,9.217732264097382e-12,6.446012400794932e-13
Lyman Alpha (Lya),1991.0,110dcdr2dswp40584mxlo.txt,2448270.23464,4655.879780000076,9.925180432424024e-12,4.984854274811731e-13
Lyman Alpha (Lya),1991.0,111dcdr2dswp40594mxlo.txt,2448271.69024,4657.335380000062,9.542993520715885e-12,4.781539009911278e-13
Lyman Alpha (Lya),1991.0,112dcdr2dswp40595mxlo.txt,2448271.74441,4657.3895499999635,8.642061049437693e-12,3.9974722710873117e-13
Lyman Alpha (Lya),1991.0,113dcdr2dswp40619mxlo.txt,2448273.52138,4659.16651999997,9.203041697019829e-12,4.3274594083962967e-13
Lyman Alpha (Lya),1991.0,114dcdr2dswp40620mxlo.txt,2448273.57358,4659.218720000237,8.803370390644445e-12,4.602321388129755e-13
Lyman Alpha (Lya),1991.0,115dcdr2dswp40660mxlo.txt,2448279.61078,4665.255920000374,9.517385338000947e-12,4.451904353220206e-13
Lyman Alpha (Lya),1991.0,116dcdr2dswp40661mxlo.txt,2448279.66219,4665.307330000214,9.560500040862431e-12,5.201758463819597e-13
Lyman Alpha (Lya),1991.0,117dcdr2dswp40666mxlo.txt,2448280.81833,4666.463470000308,1.0343131604706304e-11,5.198880592328963e-13
Lyman Alpha (Lya),1991.0,118dcdr2dswp40667mxlo.txt,2448280.87456,4666.519700000063,9.35784466545008e-12,4.88159742664872e-13
Lyman Alpha (Lya),1991.0,119dcdr2dswp40840mxlo.txt,2448295.86608,4681.511220000219,8.557499359765478e-12,6.057304277166426e-13
Lyman Alpha (Lya),1991.0,120dcdr2dswp40841mxlo.txt,2448295.92458,4681.569720000029,6.973535735673622e-12,4.308596476943275e-13
Lyman Alpha (Lya),1991.0,121dcdr2dswp41582mxlo.txt,2448382.66831,4768.313450000249,8.441845298335355e-12,9.219900179132062e-13
Lyman Alpha (Lya),1991.0,122dcdr2dswp41583mxlo.txt,2448382.724,4768.369140000083,9.125982763734036e-12,4.2706787306170444e-13
Lyman Alpha (Lya),1991.0,123dcdr2dswp41629mxlo.txt,2448391.52225,4777.167390000075,9.404286297443348e-12,4.662880599752448e-13
Lyman Alpha (Lya),1991.0,124dcdr2dswp41630mxlo.txt,2448391.58102,4777.226160000078,9.473971261026199e-12,5.431148750758079e-13
Lyman Alpha (Lya),1991.0,125dcdr2dswp41703mxlo.txt,2448403.66852,4789.313659999985,9.641385398714025e-12,4.4298098391362775e-13
Lyman Alpha (Lya),1991.0,126dcdr2dswp41704mxlo.txt,2448403.71866,4789.363799999934,9.247653861321765e-12,7.958778734497767e-13
Lyman Alpha (Lya),1991.0,127dcdr2dswp41851mxlo.txt,2448424.53422,4810.179359999951,7.827336488207858e-12,7.67349119667888e-13
Lyman Alpha (Lya),1991.0,128dcdr2dswp41852mxlo.txt,2448424.58747,4810.232610000297,9.477402562589192e-12,5.253924480754154e-13
Lyman Alpha (Lya),1991.0,129dcdr2dswp43342mxlo.txt,2448598.08271,4983.727850000374,8.201664158503351e-12,4.368256820395939e-13
Lyman Alpha (Lya),1991.0,130dcdr2dswp43343mxlo.txt,2448598.14237,4983.787510000169,8.235548638046933e-12,5.56965452251022e-13
Lyman Alpha (Lya),1991.0,131dcdr2dswp43424mxlo.txt,2448609.90858,4995.5537200002,8.79223931597583e-12,4.1762558425322515e-13
Lyman Alpha (Lya),1991.0,132dcdr2dswp43425mxlo.txt,2448609.96998,4995.615120000206,8.669218132867217e-12,4.0515167513044165e-13
Lyman Alpha (Lya),1992.0,133dcdr2dswp43550mxlo.txt,2448626.96262,5012.607760000043,6.70924700711326e-12,2.6009470434127987e-13
Lyman Alpha (Lya),1992.0,134dcdr2dswp43551mxlo.txt,2448627.03031,5012.675449999981,8.621244171222588e-12,4.834096725411251e-13
Lyman Alpha (Lya),1992.0,135dcdr2dswp43677mxlo.txt,2448639.97214,5025.617280000355,9.311870114519954e-12,4.862837525671794e-13
Lyman Alpha (Lya),1992.0,136dcdr2dswp43908mxlo.txt,2448653.75094,5039.396080000326,8.703089407101896e-12,3.649928668443569e-13
Lyman Alpha (Lya),1992.0,137dcdr2dswp43909mxlo.txt,2448653.80265,5039.447790000122,8.87060665399498e-12,3.100566487506323e-13
Lyman Alpha (Lya),1992.0,138dcdr2dswp43994mxlo.txt,2448667.8785,5053.523640000261,9.147276035403938e-12,3.9227224918773847e-13
Lyman Alpha (Lya),1992.0,139dcdr2dswp44480mxlo.txt,2448738.57667,5124.221810000017,8.980603910492735e-12,5.78612909481492e-13
Lyman Alpha (Lya),1992.0,140dcdr2dswp44481mxlo.txt,2448738.63397,5124.279110000003,9.149447124504487e-12,6.172101889521322e-13
Lyman Alpha (Lya),1992.0,141dcdr2dswp44608mxlo.txt,2448748.7259,5134.371040000115,8.469812237888235e-12,5.430270461415251e-13
Lyman Alpha (Lya),1992.0,142dcdr2dswp44732mxlo.txt,2448763.66191,5149.307049999945,7.429642801387385e-12,6.579434882611697e-13
Lyman Alpha (Lya),1992.0,143dcdr2dswp44733mxlo.txt,2448763.71507,5149.360210000072,5.39429663836883e-12,3.0437441960730957e-13
Lyman Alpha (Lya),1992.0,144dcdr2dswp44871mxlo.txt,2448779.41814,5165.063280000351,9.018528169817614e-12,9.63504256030494e-13
Lyman Alpha (Lya),1992.0,145dcdr2dswp44872mxlo.txt,2448779.47145,5165.116590000223,8.09259779671505e-12,1.7157546563889434e-12
Lyman Alpha (Lya),1992.0,146dcdr2dswp44967mxlo.txt,2448794.6169,5180.262039999943,1.0424642398773875e-11,4.805092747282021e-13
Lyman Alpha (Lya),1992.0,147dcdr2dswp44968mxlo.txt,2448794.67178,5180.316920000128,1.02106590943966e-11,5.388698889847267e-13
Lyman Alpha (Lya),1992.0,148dcdr2dswp45079mxlo.txt,2448809.31051,5194.955650000367,9.413941641812841e-12,6.713792986621341e-13
Lyman Alpha (Lya),1992.0,149dcdr2dswp45080mxlo.txt,2448809.36508,5195.010220000055,9.20383831100329e-12,2.138408433079254e-12
Lyman Alpha (Lya),1992.0,150dcdr2dswp46514mxlo.txt,2448973.97646,5359.621600000188,1.0147846949199665e-11,4.2072566432048805e-13
Lyman Alpha (Lya),1992.0,151dcdr2dswp46515mxlo.txt,2448974.03314,5359.678280000109,1.0200917206868792e-11,7.496952365018572e-13
Lyman Alpha (Lya),1992.0,152dcdr2dswp46516mxlo.txt,2448974.12174,5359.76688000001,1.0165895490323662e-11,6.552439268611201e-13
Lyman Alpha (Lya),1992.0,153dcdr2dswp46607mxlo.txt,2448985.45715,5371.102290000301,1.1334813804907887e-11,5.372606243806011e-13
Lyman Alpha (Lya),1992.0,154dcdr2dswp46608mxlo.txt,2448985.52169,5371.166830000002,1.0705270826266668e-11,5.72506402512441e-13
Lyman Alpha (Lya),1992.0,155dcdr2dswp46633mxlo.txt,2448987.9867,5373.631839999929,8.044309768575627e-12,2.753666799445227e-13
Lyman Alpha (Lya),1993.0,156dcdr2dswp46647mxlo.txt,2448989.88841,5375.533550000284,4.107871461158674e-12,1.971309723885199e-13
Lyman Alpha (Lya),1993.0,157dcdr2dswp46650mxlo.txt,2448990.61029,5376.2554300003685,7.077728706457468e-12,6.137724669545498e-13
Lyman Alpha (Lya),1993.0,158dcdr2dswp46654mxlo.txt,2448991.54194,5377.1870800000615,9.524262487779734e-12,6.608672340286702e-13
Lyman Alpha (Lya),1993.0,159dcdr2dswp46658mxlo.txt,2448992.56383,5378.208970000036,9.686138662550569e-12,6.433092639332852e-13
Lyman Alpha (Lya),1993.0,160dcdr2dswp46663mxlo.txt,2448993.55841,5379.203550000209,9.628408212832106e-12,6.829696212189121e-13
Lyman Alpha (Lya),1993.0,161dcdr2dswp46692mxlo.txt,2448997.23609,5382.881229999941,9.759873359471645e-12,5.077798990935858e-13
Lyman Alpha (Lya),1993.0,162dcdr2dswp46739mxlo.txt,2449003.83271,5389.477850000374,8.706803039370808e-12,3.8968392590607085e-13
Lyman Alpha (Lya),1993.0,163dcdr2dswp46863mxlo.txt,2449019.7395,5405.384640000295,1.0096935616847597e-11,7.672913698346628e-13
Lyman Alpha (Lya),1993.0,164dcdr2dswp46864mxlo.txt,2449019.78859,5405.433730000164,1.0694767973227062e-11,7.051350737796826e-13
Lyman Alpha (Lya),1993.0,165dcdr2dswp46926mxlo.txt,2449031.78126,5417.4264000002295,1.0653065463022565e-11,7.077607516213634e-13
Lyman Alpha (Lya),1993.0,166dcdr2dswp46927mxlo.txt,2449031.83492,5417.480059999973,1.0422091011518532e-11,6.864644917171795e-13
Lyman Alpha (Lya),1993.0,167dcdr2dswp47654mxlo.txt,2449119.50971,5505.15485000005,1.0435370496479293e-11,5.817494532169661e-13
Lyman Alpha (Lya),1993.0,168dcdr2dswp47655mxlo.txt,2449119.56345,5505.2085899999365,1.0163290134208821e-11,5.79677937084164e-13
Lyman Alpha (Lya),1993.0,169dcdr2dswp47744mxlo.txt,2449134.66709,5520.312230000272,9.786136535917493e-12,5.006595825347088e-13
Lyman Alpha (Lya),1993.0,170dcdr2dswp47745mxlo.txt,2449134.71817,5520.363309999928,9.59911522032791e-12,5.571214084669067e-13
Lyman Alpha (Lya),1993.0,171dcdr2dswp49596mxlo.txt,2449336.10162,5721.746760000009,1.059635655604785e-11,4.49909855074018e-13
Lyman Alpha (Lya),1993.0,172dcdr2dswp49597mxlo.txt,2449336.1692,5721.814340000041,1.0968520779317856e-11,5.809008268747249e-13
Lyman Alpha (Lya),1993.0,173dcdr2dswp49693mxlo.txt,2449348.92644,5734.571580000222,1.0091530112279429e-11,5.549837124746887e-13
Lyman Alpha (Lya),1993.0,174dcdr2dswp49694mxlo.txt,2449348.98438,5734.629519999959,1.2132726365272019e-11,6.99073702492836e-13
Lyman Alpha (Lya),1994.0,175dcdr2dswp49795mxlo.txt,2449361.19398,5746.839120000135,1.1595006875804018e-11,5.736657774810266e-13
Lyman Alpha (Lya),1994.0,176dcdr2dswp49796mxlo.txt,2449361.24083,5746.885970000178,1.20412887521287e-11,6.880055167791991e-13
Lyman Alpha (Lya),1994.0,179dcdr2dswp49830mxlo.txt,2449366.75045,5752.39559000032,1.0961658115536094e-11,4.0427846163236e-13
Lyman Alpha (Lya),1994.0,180dcdr2dswp49879mxlo.txt,2449376.75838,5762.403520000167,1.0385449949586351e-11,4.4867325201143996e-13
Lyman Alpha (Lya),1994.0,181dcdr2dswp49880mxlo.txt,2449376.81093,5762.456070000306,9.839075091887169e-12,6.424692825906075e-13
Lyman Alpha (Lya),1994.0,182dcdr2dswp49969mxlo.txt,2449390.92439,5776.569529999979,1.081170269620139e-11,4.579477125585271e-13
Lyman Alpha (Lya),1994.0,183dcdr2dswp49970mxlo.txt,2449390.97727,5776.622410000302,8.16566492449855e-12,6.06569501901543e-13
Lyman Alpha (Lya),1994.0,184dcdr2dswp50091mxlo.txt,2449406.93755,5792.582690000068,1.0581341803604334e-11,6.133138481821032e-13
Lyman Alpha (Lya),1994.0,185dcdr2dswp50092mxlo.txt,2449406.98983,5792.634970000014,9.308604496758145e-12,6.015042994508296e-13
Lyman Alpha (Lya),1994.0,186dcdr2dswp50676mxlo.txt,2449475.51407,5861.159210000187,9.599881093810226e-12,6.207252843260083e-13
Lyman Alpha (Lya),1994.0,187dcdr2dswp50677mxlo.txt,2449475.56226,5861.2074000001885,1.0749590186903467e-11,8.368367723977094e-13
Lyman Alpha (Lya),1994.0,188dcdr2dswp50769mxlo.txt,2449487.62498,5873.270120000001,1.0977983439372125e-11,4.827606300908614e-13
Lyman Alpha (Lya),1994.0,189dcdr2dswp50770mxlo.txt,2449487.67285,5873.31799000036,8.038405335473582e-12,1.9583493368261326e-12
Lyman Alpha (Lya),1994.0,190dcdr2dswp50934mxlo.txt,2449502.51009,5888.1552300001495,1.0324592533204335e-11,4.811117317390663e-13
Lyman Alpha (Lya),1994.0,191dcdr2dswp50935mxlo.txt,2449502.56256,5888.2077000001445,7.88180307161011e-12,7.60875280153745e-13
Lyman Alpha (Lya),1994.0,192dcdr2dswp51099mxlo.txt,2449518.59228,5904.237420000136,1.1142557586179923e-11,4.701114706584199e-13
Lyman Alpha (Lya),1994.0,193dcdr2dswp51100mxlo.txt,2449518.65385,5904.298990000039,1.023945861359118e-11,6.779642425450923e-13
Lyman Alpha (Lya),1994.0,194dcdr2dswp51140mxlo.txt,2449523.7483,5909.393440000247,1.1040014176328152e-11,6.233488656285721e-13
Lyman Alpha (Lya),1994.0,195dcdr2dswp51141mxlo.txt,2449523.79645,5909.441589999944,1.079161436733881e-11,5.407238066825793e-13
Lyman Alpha (Lya),1994.0,196dcdr2dswp51238mxlo.txt,2449531.42692,5917.072060000151,1.1315631666737213e-11,5.45139114772633e-13
Lyman Alpha (Lya),1994.0,197dcdr2dswp51239mxlo.txt,2449531.49236,5917.137500000186,1.0596139830092004e-11,5.633159787320614e-13
Lyman Alpha (Lya),1994.0,198dcdr2dswp53223mxlo.txt,2449717.12322,6102.768360000104,1.0855576798980987e-11,6.286479873212237e-13
Lyman Alpha (Lya),1994.0,199dcdr2dswp53224mxlo.txt,2449717.1715,6102.816640000325,1.0910580746314e-11,5.689461057855394e-13
Lyman Alpha (Lya),1995.0,200dcdr2dswp53262mxlo.txt,2449721.21616,6106.86129999999,1.2550111247707046e-11,4.618358972481139e-13
Lyman Alpha (Lya),1995.0,201dcdr2dswp53263mxlo.txt,2449721.26541,6106.910550000146,1.1072855628649763e-11,6.948213251169823e-13
Lyman Alpha (Lya),1995.0,202dcdr2dswp53264mxlo.txt,2449721.31343,6106.95857000025,1.1719436452983696e-11,4.2929142496973717e-13
Lyman Alpha (Lya),1995.0,203dcdr2dswp53265mxlo.txt,2449721.36698,6107.012120000087,1.2023962756561626e-11,5.161627941987801e-13
Lyman Alpha (Lya),1995.0,204dcdr2dswp53266mxlo.txt,2449721.4166,6107.061740000267,1.1137916810410647e-11,4.649786201937773e-13
Lyman Alpha (Lya),1995.0,205dcdr2dswp53281mxlo.txt,2449722.67308,6108.318220000248,1.107319694578574e-11,4.690703160533278e-13
Lyman Alpha (Lya),1995.0,206dcdr2dswp53282mxlo.txt,2449722.71752,6108.362660000101,1.1455800756149155e-11,5.148824009844248e-13
Lyman Alpha (Lya),1995.0,207dcdr2dswp53283mxlo.txt,2449722.76137,6108.406510000117,1.184903446086282e-11,5.114515065529716e-13
Lyman Alpha (Lya),1995.0,208dcdr2dswp53291mxlo.txt,2449724.37198,6110.017119999975,1.1230823124309224e-11,4.766965807533145e-13
Lyman Alpha (Lya),1995.0,209dcdr2dswp53292mxlo.txt,2449724.427,6110.072140000295,1.1718506108293991e-11,5.353667243899659e-13
Lyman Alpha (Lya),1995.0,210dcdr2dswp53293mxlo.txt,2449724.47424,6110.119380000047,1.1326643183035928e-11,5.098054466756316e-13
Lyman Alpha (Lya),1995.0,211dcdr2dswp53296mxlo.txt,2449725.03383,6110.678970000241,1.1113637846825414e-11,5.200058100930484e-13
Lyman Alpha (Lya),1995.0,212dcdr2dswp53297mxlo.txt,2449725.08252,6110.727660000324,1.2387917434660957e-11,4.4527367797595076e-13
Lyman Alpha (Lya),1995.0,213dcdr2dswp53305mxlo.txt,2449727.02806,6112.6732000000775,5.383974370847446e-12,2.2687213871222775e-13
Lyman Alpha (Lya),1995.0,214dcdr2dswp53306mxlo.txt,2449727.10558,6112.75072000036,1.204662253077221e-11,4.2128051913691736e-13
Lyman Alpha (Lya),1995.0,215dcdr2dswp53307mxlo.txt,2449727.15231,6112.797449999955,1.210718473770032e-11,5.70182573421122e-13
Lyman Alpha (Lya),1995.0,216dcdr2dswp53328mxlo.txt,2449729.51029,6115.155430000275,1.2709538783115902e-11,5.643208172589404e-13
Lyman Alpha (Lya),1995.0,217dcdr2dswp53329mxlo.txt,2449729.56066,6115.2058000001125,1.1483849882951537e-11,5.323850446785497e-13
Lyman Alpha (Lya),1995.0,218dcdr2dswp53330mxlo.txt,2449729.60627,6115.251410000026,1.2112121111186229e-11,5.200019227845458e-13
Lyman Alpha (Lya),1995.0,219dcdr2dswp53331mxlo.txt,2449729.74469,6115.389830000233,1.0823000190963954e-11,4.917912100919752e-13
Lyman Alpha (Lya),1995.0,220dcdr2dswp53332mxlo.txt,2449729.80021,6115.445350000169,1.0652588746504664e-11,8.010981053260775e-13
Lyman Alpha (Lya),1995.0,221dcdr2dswp53333mxlo.txt,2449730.37623,6116.021370000206,1.1750288055310304e-11,6.180573297362359e-13
Lyman Alpha (Lya),1995.0,222dcdr2dswp53334mxlo.txt,2449730.42723,6116.072370000184,1.1437839691928653e-11,6.126732559038734e-13
Lyman Alpha (Lya),1995.0,223dcdr2dswp53785mxlo.txt,2449746.88858,6132.533720000181,9.58253837066365e-12,5.374454324230131e-13
Lyman Alpha (Lya),1995.0,224dcdr2dswp53786mxlo.txt,2449746.94882,6132.593960000202,1.0168065307248088e-11,7.99984754227867e-13
Lyman Alpha (Lya),1995.0,225dcdr2dswp53914mxlo.txt,2449762.9328,6148.577940000221,1.1569242523689134e-11,5.813117201649887e-13
Lyman Alpha (Lya),1995.0,226dcdr2dswp53915mxlo.txt,2449762.98733,6148.63247000007,1.2499635201435383e-11,7.353342599805165e-13
Lyman Alpha (Lya),1995.0,227dcdr2dswp54580mxlo.txt,2449840.69494,6226.3400799999945,1.1238905096295523e-11,3.974553463271314e-13
Lyman Alpha (Lya),1995.0,228dcdr2dswp54581mxlo.txt,2449840.74501,6226.390150000341,1.1095131352423599e-11,6.821394494624975e-13
Lyman Alpha (Lya),1995.0,229dcdr2dswp54697mxlo.txt,2449854.67649,6240.321630000137,1.0531741558963565e-11,4.507683593247448e-13
Lyman Alpha (Lya),1995.0,230dcdr2dswp54698mxlo.txt,2449855.72563,6241.370769999921,1.1323900359316516e-11,6.696076197004596e-13
Lyman Alpha (Lya),1995.0,231dcdr2dswp54802mxlo.txt,2449868.67042,6254.315560000017,1.1586832464660842e-11,4.795522916400071e-13
Lyman Alpha (Lya),1995.0,232dcdr2dswp54803mxlo.txt,2449868.73225,6254.377390000038,1.205595731725132e-11,6.528795320243513e-13
Lyman Alpha (Lya),1995.0,233dcdr2dswp54998mxlo.txt,2449882.54679,6268.191930000205,1.0754945245224704e-11,6.195339960100221e-13
Lyman Alpha (Lya),1995.0,234dcdr2dswp54999mxlo.txt,2449882.59977,6268.244910000358,1.2320752537231148e-11,6.285528548135886e-13
Lyman Alpha (Lya),1995.0,235dcdr2dswp55148mxlo.txt,2449895.51914,6281.164280000143,1.0583182107737002e-11,7.052457429416074e-13
Lyman Alpha (Lya),1995.0,236dcdr2dswp55147mxlo.txt,2449896.43318,6282.078320000321,1.1154891201233395e-11,4.719018915002814e-13
Lyman Alpha (Lya),1995.0,237dcdr2dswp56312mxlo.txt,2450070.35794,6456.00308000017,8.879985280601399e-12,4.334620084613623e-13
Lyman Alpha (Lya),1995.0,238dcdr2dswp56322mxlo.txt,2450073.21096,6458.856099999975,1.0432287103865042e-11,4.4604417168445964e-13
Lyman Alpha (Lya),1995.0,239dcdr2dswp56348mxlo.txt,2450078.03265,6463.677790000103,1.1437520894138372e-11,5.666326165413831e-13
Lyman Alpha (Lya),1995.0,240dcdr2dswp56368mxlo.txt,2450082.89171,6468.536850000266,1.0806180379045972e-11,4.902602492149649e-13
Lyman Alpha (Lya),1996.0,241dcdr2dswp56382mxlo.txt,2450087.81387,6473.459010000341,1.1044216238268528e-11,5.917699645833597e-13
Lyman Alpha (Lya),1996.0,242dcdr2dswp56398mxlo.txt,2450092.8189,6478.464039999992,1.057840142621874e-11,5.352416417765437e-13
Lyman Alpha (Lya),1996.0,243dcdr2dswp56581mxlo.txt,2450098.8145,6484.4596400000155,1.144409867558238e-11,5.477494810385646e-13
Lyman Alpha (Lya),1996.0,244dcdr2dswp56588mxlo.txt,2450100.851,6486.496139999945,9.683829315083249e-12,5.211031648351887e-13
Lyman Alpha (Lya),1996.0,245dcdr2dswp56622mxlo.txt,2450102.85589,6488.501029999927,7.51868962123856e-12,4.4620186100423033e-13
Lyman Alpha (Lya),1996.0,246dcdr2dswp56629mxlo.txt,2450104.84473,6490.489870000165,1.1010518812819508e-11,5.751238803390541e-13
Lyman Alpha (Lya),1996.0,247dcdr2dswp56632mxlo.txt,2450106.81597,6492.461110000033,1.0027939383518975e-11,6.782517655255273e-13
Lyman Alpha (Lya),1996.0,248dcdr2dswp56636mxlo.txt,2450108.81105,6494.456190000288,1.1210792327345762e-11,5.460430825306619e-13
Lyman Alpha (Lya),1996.0,249dcdr2dswp56642mxlo.txt,2450110.84238,6496.487519999966,1.0724429567731574e-11,4.958676031001932e-13
Lyman Alpha (Lya),1996.0,250dcdr2dswp56653mxlo.txt,2450112.97499,6498.62013000017,1.1212847310222563e-11,6.176241035872889e-13
Lyman Beta + O VI,1984.0,16dcdr2dswp23063mxlo.txt,2445841.4891,0.0,2.6414671522271875e-12,4.518187602575308e-13
Lyman Beta + O VI,1984.0,17dcdr2dswp23064mxlo.txt,2445841.53637,0.047269999980926514,1.3935110704737042e-12,4.588055889318754e-13
Lyman Beta + O VI,1984.0,18dcdr2dswp23444mxlo.txt,2445893.58914,52.10003999993205,2.621307417206719e-12,3.895234743456736e-13
Lyman Beta + O VI,1985.0,19dcdr2dswp25973mxlo.txt,2446204.65473,363.16563000017777,1.9212269483269494e-12,5.566397453249325e-13
Lyman Beta + O VI,1985.0,20dcdr2dswp25974mxlo.txt,2446204.70719,363.2180900000967,2.2154386572200045e-12,5.170898334937939e-13
Lyman Beta + O VI,1986.0,22dcdr2dswp28304mxlo.txt,2446564.66188,723.172780000139,2.1215894475391326e-12,4.2411360856509603e-13
Lyman Beta + O VI,1986.0,23dcdr2dswp28305mxlo.txt,2446564.71157,723.2224699999206,1.1349608994116635e-12,2.492963181528293e-13
Lyman Beta + O VI,1986.0,24dcdr2dswp29774mxlo.txt,2446764.17181,922.6827100003138,1.2413208488020899e-12,3.797370774602495e-13
Lyman Beta + O VI,1986.0,26dcdr2dswp29843mxlo.txt,2446775.08101,933.5919099999592,1.6902025657392276e-12,4.14206604365248e-13
Lyman Beta + O VI,1986.0,29dcdr2dswp29940mxlo.txt,2446787.15587,945.6667700000107,9.94217480430053e-13,3.066157976986588e-13
Lyman Beta + O VI,1987.0,30dcdr2dswp30081mxlo.txt,2446808.00218,966.5130799999461,1.0563172496284672e-12,2.2159805298868185e-13
Lyman Beta + O VI,1987.0,31dcdr2dswp30082mxlo.txt,2446808.05385,966.5647499999031,1.7854398985304723e-12,4.2927402591779026e-13
Lyman Beta + O VI,1987.0,32dcdr2dswp30141mxlo.txt,2446818.81943,977.330330000259,1.5819750271172234e-12,3.34460651588605e-13
Lyman Beta + O VI,1987.0,33dcdr2dswp30142mxlo.txt,2446818.87052,977.3814199999906,2.1093221570025207e-12,4.678185710682332e-13
Lyman Beta + O VI,1987.0,35dcdr2dswp30239mxlo.txt,2446829.47735,987.9882499999367,2.62727826694038e-12,6.247115273098811e-13
Lyman Beta + O VI,1987.0,36dcdr2dswp30243mxlo.txt,2446829.75275,988.2636500000954,2.5078538320303404e-12,7.800577917781461e-13
Lyman Beta + O VI,1987.0,37dcdr2dswp30244mxlo.txt,2446829.80409,988.3149900003336,1.2425781356389035e-12,2.8757723498594123e-13
Lyman Beta + O VI,1987.0,39dcdr2dswp30332mxlo.txt,2446844.886,1003.3969000000507,1.310167377442068e-12,3.341336866803045e-13
Lyman Beta + O VI,1987.0,43dcdr2dswp31353mxlo.txt,2446994.33255,1152.843450000044,1.8695733198308486e-12,4.397557896574302e-13
Lyman Beta + O VI,1987.0,46dcdr2dswp32460mxlo.txt,2447133.96868,1292.479580000043,1.3669114008254082e-12,3.1050047763606953e-13
Lyman Beta + O VI,1987.0,47dcdr2dswp32638mxlo.txt,2447159.10667,1317.617570000235,1.1446238173975387e-12,2.4246918620451133e-13
Lyman Beta + O VI,1988.0,50dcdr2dswp32726mxlo.txt,2447175.01424,1333.5251400000416,1.2997578762055197e-12,2.9110607518679607e-13
Lyman Beta + O VI,1988.0,52dcdr2dswp32890mxlo.txt,2447200.7777,1359.2886000000872,1.2918747369584668e-12,3.6412290481045817e-13
Lyman Beta + O VI,1988.0,53dcdr2dswp33486mxlo.txt,2447289.70429,1448.2151899999008,1.917887649522212e-12,4.520941249634115e-13
Lyman Beta + O VI,1988.0,55dcdr2dswp33704mxlo.txt,2447317.40553,1475.9164300002158,2.0204490489976976e-12,3.690455402936976e-13
Lyman Beta + O VI,1988.0,56dcdr2dswp33705mxlo.txt,2447317.45902,1475.9699200000614,8.761038953515649e-13,1.5313609783890753e-13
Lyman Beta + O VI,1988.0,62dcdr2dswp34996mxlo.txt,2447505.90225,1664.4131499999203,2.691058673500398e-12,3.7901067996103895e-13
Lyman Beta + O VI,1988.0,63dcdr2dswp34997mxlo.txt,2447505.95638,1664.4672799999826,1.6565119809772545e-12,3.4933380538236646e-13
Lyman Beta + O VI,1989.0,67dcdr2dswp35396mxlo.txt,2447550.10245,1708.6133500002325,1.5972149911707457e-12,4.598831992087129e-13
Lyman Beta + O VI,1989.0,68dcdr2dswp35470mxlo.txt,2447560.53772,1719.048620000016,4.1550063216443306e-12,9.47144523509738e-13
Lyman Beta + O VI,1989.0,69dcdr2dswp35471mxlo.txt,2447560.58336,1719.094260000158,1.7405970688005693e-12,3.131028170502285e-13
Lyman Beta + O VI,1989.0,70dcdr2dswp35476mxlo.txt,2447561.71625,1720.2271500001661,1.4927724529093605e-12,3.111503707370797e-13
Lyman Beta + O VI,1989.0,74dcdr2dswp36265mxlo.txt,2447661.63694,1820.1478400002234,2.028845483099267e-12,2.7200994569905975e-13
Lyman Beta + O VI,1989.0,78dcdr2dswp36489mxlo.txt,2447691.61709,1850.12798999995,3.408114630285544e-12,7.408379352586198e-13
Lyman Beta + O VI,1989.0,80dcdr2dswp36560mxlo.txt,2447698.27637,1856.7872700002044,3.0547130647882346e-12,3.730837995931378e-13
Lyman Beta + O VI,1989.0,81dcdr2dswp36617mxlo.txt,2447713.48961,1872.000510000158,1.668138557117548e-12,2.640115641466942e-13
Lyman Beta + O VI,1989.0,82dcdr2dswp36618mxlo.txt,2447713.54337,1872.054270000197,3.2345574258415307e-12,6.311478488353641e-13
Lyman Beta + O VI,1989.0,84dcdr2dswp37872mxlo.txt,2447882.96255,2041.4734499999322,2.3427230755636926e-12,5.526298338972615e-13
Lyman Beta + O VI,1990.0,85dcdr2dswp37954mxlo.txt,2447897.06407,2055.574969999958,2.014247689121651e-12,3.794085631125761e-13
Lyman Beta + O VI,1990.0,88dcdr2dswp38139mxlo.txt,2447927.8635,2086.374400000088,3.0548197086355486e-12,7.188761949303697e-13
Lyman Beta + O VI,1990.0,89dcdr2dswp38140mxlo.txt,2447927.92734,2086.438240000047,3.273524818328685e-12,6.163356326799766e-13
Lyman Beta + O VI,1990.0,90dcdr2dswp38708mxlo.txt,2448012.51153,2171.0224299998954,1.3208800870612911e-12,2.947640437884347e-13
Lyman Beta + O VI,1990.0,93dcdr2dswp38946mxlo.txt,2448043.51272,2202.023620000109,1.7369881163029437e-12,3.263910461364362e-13
Lyman Beta + O VI,1990.0,94dcdr2dswp38947mxlo.txt,2448043.57403,2202.0849299998954,1.066109462566133e-12,3.5165860754476706e-13
Lyman Beta + O VI,1990.0,95dcdr2dswp39067mxlo.txt,2448054.4206,2212.931499999948,1.8069319920414366e-12,3.582775775230257e-13
Lyman Beta + O VI,1990.0,103dcdr2dswp40412mxlo.txt,2448246.23862,2404.7495200000703,1.5080344411751016e-12,5.024784715499372e-13
Lyman Beta + O VI,1990.0,105dcdr2dswp40414mxlo.txt,2448246.33682,2404.8477199999616,4.051072270655654e-12,1.226573179789433e-12
Lyman Beta + O VI,1991.0,108dcdr2dswp40580mxlo.txt,2448269.82462,2428.335520000197,1.6131804492848727e-12,4.323701198849644e-13
Lyman Beta + O VI,1991.0,112dcdr2dswp40595mxlo.txt,2448271.74441,2430.2553099999204,7.274878415231265e-13,2.2286174662380015e-13
Lyman Beta + O VI,1991.0,116dcdr2dswp40661mxlo.txt,2448279.66219,2438.173090000171,1.6359411626692758e-12,3.777240160848237e-13
Lyman Beta + O VI,1991.0,117dcdr2dswp40666mxlo.txt,2448280.81833,2439.329230000265,1.4053690459395591e-12,2.8610209698553323e-13
Lyman Beta + O VI,1991.0,119dcdr2dswp40840mxlo.txt,2448295.86608,2454.3769800001755,1.7138609608250335e-12,5.341860230580236e-13
Lyman Beta + O VI,1991.0,120dcdr2dswp40841mxlo.txt,2448295.92458,2454.4354799999855,1.7158347228107755e-12,4.171932768918576e-13
Lyman Beta + O VI,1991.0,122dcdr2dswp41583mxlo.txt,2448382.724,2541.2349000000395,1.306615972560296e-12,3.059545100037925e-13
Lyman Beta + O VI,1991.0,124dcdr2dswp41630mxlo.txt,2448391.58102,2550.0919200000353,8.491402739175529e-13,2.7067335924096106e-13
Lyman Beta + O VI,1991.0,125dcdr2dswp41703mxlo.txt,2448403.66852,2562.179419999942,2.1840453952876077e-12,5.034699879052398e-13
Lyman Beta + O VI,1991.0,129dcdr2dswp43342mxlo.txt,2448598.08271,2756.593610000331,1.6440387365101891e-12,4.346536202691195e-13
Lyman Beta + O VI,1991.0,130dcdr2dswp43343mxlo.txt,2448598.14237,2756.653270000126,1.91523672219448e-12,4.196859524307934e-13
Lyman Beta + O VI,1992.0,134dcdr2dswp43551mxlo.txt,2448627.03031,2785.5412099999376,8.45000827153085e-13,2.378015169542437e-13
Lyman Beta + O VI,1992.0,135dcdr2dswp43677mxlo.txt,2448639.97214,2798.483040000312,1.1882098408711289e-12,2.0490138872225256e-13
Lyman Beta + O VI,1992.0,138dcdr2dswp43994mxlo.txt,2448667.8785,2826.3894000002183,1.5139582918801602e-12,3.0914730231811324e-13
Lyman Beta + O VI,1992.0,152dcdr2dswp46516mxlo.txt,2448974.12174,3132.632639999967,7.894016756133848e-13,2.5953872948960436e-13
Lyman Beta + O VI,1992.0,155dcdr2dswp46633mxlo.txt,2448987.9867,3146.497599999886,2.367293244082193e-12,6.803547948201278e-13
Lyman Beta + O VI,1993.0,164dcdr2dswp46864mxlo.txt,2449019.78859,3178.2994900001213,1.44681963371732e-12,2.7006775136508873e-13
Lyman Beta + O VI,1994.0,184dcdr2dswp50091mxlo.txt,2449406.93755,3565.4484500000253,1.2386408887737947e-12,3.582854909055084e-13
Lyman Beta + O VI,1994.0,188dcdr2dswp50769mxlo.txt,2449487.62498,3646.135879999958,1.1665427005040072e-12,3.6491185424277083e-13
Lyman Beta + O VI,1994.0,189dcdr2dswp50770mxlo.txt,2449487.67285,3646.1837500003166,2.331830051171303e-12,6.404051581066749e-13
Lyman Beta + O VI,1994.0,195dcdr2dswp51141mxlo.txt,2449523.79645,3682.307349999901,1.7005008360414533e-12,3.3332735683620417e-13
Lyman Beta + O VI,1995.0,203dcdr2dswp53265mxlo.txt,2449721.36698,3879.8778800000437,1.6799439997365142e-12,5.202503655744643e-13
Lyman Beta + O VI,1995.0,207dcdr2dswp53283mxlo.txt,2449722.76137,3881.272270000074,2.1121951286263023e-12,5.812534274905195e-13
Lyman Beta + O VI,1995.0,216dcdr2dswp53328mxlo.txt,2449729.51029,3888.0211900002323,2.116531837195294e-12,6.45237045182538e-13
Lyman Beta + O VI,1995.0,221dcdr2dswp53333mxlo.txt,2449730.37623,3888.887130000163,2.5544429315278443e-12,7.880154438308818e-13
Lyman Beta + O VI,1995.0,231dcdr2dswp54802mxlo.txt,2449868.67042,4027.181319999974,6.923337209694601e-13,2.023247495415851e-13
Lyman Beta + O VI,1995.0,235dcdr2dswp55148mxlo.txt,2449895.51914,4054.0300400000997,1.7995726985319668e-12,5.591788431762963e-13
N V,1978.0,2dcdr2dswp01366mxlo.txt,2443614.49306,0.0,2.1650740321819045e-12,5.722938002843715e-13
N V,1978.0,4dcdr2dswp02099mxlo.txt,2443714.52825,100.03519000019878,1.8981236721590588e-12,5.147770398863905e-13
N V,1979.0,5dcdr2dswp05116mxlo.txt,2443997.54954,383.0564800002612,2.2266092196523766e-12,3.6866239315982696e-13
N V,1982.0,7dcdr2dswp16790mxlo.txt,2445078.43622,1463.9431600002572,2.220887983642033e-12,4.283232396884132e-13
N V,1982.0,8dcdr2dswp16801mxlo.txt,2445080.27446,1465.7814000002109,2.0048706148022283e-12,4.907017470562808e-13
N V,1982.0,10dcdr2dswp16803mxlo.txt,2445080.37093,1465.8778700004332,2.033367700528174e-12,6.335043490023257e-13
N V,1982.0,14dcdr2dswp17303mxlo.txt,2445148.4014,1533.9083400000818,2.6280485161303195e-12,7.526995427865473e-13
N V,1984.0,16dcdr2dswp23063mxlo.txt,2445841.4891,2226.9960400001146,1.8521388114006914e-12,3.363057295617999e-13
N V,1984.0,17dcdr2dswp23064mxlo.txt,2445841.53637,2227.0433100000955,1.6795791611155025e-12,4.259060995395979e-13
N V,1984.0,18dcdr2dswp23444mxlo.txt,2445893.58914,2279.0960800000466,1.5610043396373604e-12,3.2386127696225096e-13
N V,1985.0,19dcdr2dswp25973mxlo.txt,2446204.65473,2590.1616700002924,1.858280256782719e-12,2.4924519011500945e-13
N V,1985.0,20dcdr2dswp25974mxlo.txt,2446204.70719,2590.2141300002113,1.9046941868690854e-12,5.295531863737916e-13
N V,1985.0,21dcdr2dswp26489mxlo.txt,2446273.85969,2659.3666300000623,2.1539697715059182e-12,4.48250585229973e-13
N V,1986.0,23dcdr2dswp28305mxlo.txt,2446564.71157,2950.218510000035,2.2120842749343018e-12,6.078610518157536e-13
N V,1986.0,24dcdr2dswp29774mxlo.txt,2446764.17181,3149.6787500004284,2.5533849747242457e-12,6.251922975051224e-13
N V,1986.0,27dcdr2dswp29844mxlo.txt,2446775.13941,3160.6463500000536,2.121134647933496e-12,7.051058060008944e-13
N V,1986.0,28dcdr2dswp29939mxlo.txt,2446787.09865,3172.605590000283,3.3250045420347833e-12,1.0328992313195263e-12
N V,1986.0,29dcdr2dswp29940mxlo.txt,2446787.15587,3172.6628100001253,2.039941803705647e-12,4.827600264050789e-13
N V,1987.0,30dcdr2dswp30081mxlo.txt,2446808.00218,3193.5091200000606,3.0586767745004207e-12,9.550945542332625e-13
N V,1987.0,31dcdr2dswp30082mxlo.txt,2446808.05385,3193.5607900000177,2.2288489140002075e-12,5.884855514550693e-13
N V,1987.0,33dcdr2dswp30142mxlo.txt,2446818.87052,3204.377460000105,1.9294372142377747e-12,5.325219560374039e-13
N V,1987.0,34dcdr2dswp30238mxlo.txt,2446829.4259,3214.9328400003724,2.0030882198726094e-12,4.60552834161487e-13
N V,1987.0,35dcdr2dswp30239mxlo.txt,2446829.47735,3214.9842900000513,2.7297615139801823e-12,7.845669995745384e-13
N V,1987.0,36dcdr2dswp30243mxlo.txt,2446829.75275,3215.25969000021,1.581643860871721e-12,5.118386797185963e-13
N V,1987.0,37dcdr2dswp30244mxlo.txt,2446829.80409,3215.311030000448,1.9827949353326813e-12,5.931662752754383e-13
N V,1987.0,38dcdr2dswp30331mxlo.txt,2446844.83417,3230.341110000387,1.7793393008085272e-12,5.58657714725697e-13
N V,1987.0,39dcdr2dswp30332mxlo.txt,2446844.886,3230.3929400001653,2.3526526757266842e-12,5.66388386386965e-13
N V,1987.0,40dcdr2dswp31077mxlo.txt,2446948.40162,3333.90856000036,2.3605524135071092e-12,6.283379381318731e-13
N V,1987.0,41dcdr2dswp31078mxlo.txt,2446948.45322,3333.9601600002497,1.7484086533091205e-12,4.948876431549114e-13
N V,1987.0,42dcdr2dswp31079mxlo.txt,2446948.51856,3334.0255000004545,2.094215881027257e-12,6.150709618764964e-13
N V,1987.0,43dcdr2dswp31353mxlo.txt,2446994.33255,3379.8394900001585,1.643576877070234e-12,4.839615404014163e-13
N V,1987.0,44dcdr2dswp31354mxlo.txt,2446994.39286,3379.8998000002466,1.4598225222739604e-12,4.413892637764283e-13
N V,1987.0,45dcdr2dswp32459mxlo.txt,2447133.9083,3519.415240000002,1.722701071826867e-12,4.783594771565201e-13
N V,1987.0,46dcdr2dswp32460mxlo.txt,2447133.96868,3519.4756200001575,2.111658346436235e-12,5.621952335111422e-13
N V,1987.0,47dcdr2dswp32638mxlo.txt,2447159.10667,3544.6136100003496,1.6631818534722482e-12,4.4827198874101326e-13
N V,1987.0,48dcdr2dswp32639mxlo.txt,2447159.15628,3544.6632200004533,1.9244956917227203e-12,4.953715935887294e-13
N V,1988.0,49dcdr2dswp32725mxlo.txt,2447174.95447,3560.4614100004546,2.658559853214372e-12,8.546870782228334e-13
N V,1988.0,50dcdr2dswp32726mxlo.txt,2447175.01424,3560.521180000156,2.0926508916252035e-12,5.369134682734374e-13
N V,1988.0,51dcdr2dswp32889mxlo.txt,2447200.72588,3586.232820000034,2.5412127498695024e-12,4.902477536344531e-13
N V,1988.0,52dcdr2dswp32890mxlo.txt,2447200.7777,3586.2846400002018,2.0597113077231114e-12,5.076860540696213e-13
N V,1988.0,53dcdr2dswp33486mxlo.txt,2447289.70429,3675.2112300000153,2.5435801093565025e-12,6.6200945038438e-13
N V,1988.0,54dcdr2dswp33487mxlo.txt,2447289.75234,3675.2592800003476,2.4297502308532568e-12,6.13922630621766e-13
N V,1988.0,55dcdr2dswp33704mxlo.txt,2447317.40553,3702.9124700003304,2.0632028652411836e-12,4.883318252821837e-13
N V,1988.0,56dcdr2dswp33705mxlo.txt,2447317.45902,3702.965960000176,2.4453400665290814e-12,6.864101084441064e-13
N V,1988.0,57dcdr2dswp33797mxlo.txt,2447334.44435,3719.95129000023,2.2347455457428623e-12,6.961294208066162e-13
N V,1988.0,58dcdr2dswp33889mxlo.txt,2447352.4837,3737.99064000044,2.566982793361955e-12,6.253444784715061e-13
N V,1988.0,59dcdr2dswp33890mxlo.txt,2447352.53755,3738.044490000233,1.3591711829271267e-12,3.6812387609028344e-13
N V,1988.0,60dcdr2dswp33907mxlo.txt,2447356.04863,3741.555570000317,2.019024739172971e-12,4.464216310299741e-13
N V,1988.0,62dcdr2dswp34996mxlo.txt,2447505.90225,3891.409190000035,1.67143831062144e-12,3.7329390574522414e-13
N V,1988.0,63dcdr2dswp34997mxlo.txt,2447505.95638,3891.463320000097,1.894468775351104e-12,4.109212860565954e-13
N V,1988.0,64dcdr2dswp35154mxlo.txt,2447523.1002,3908.607140000444,2.6355421099153267e-12,6.345746245364338e-13
N V,1989.0,66dcdr2dswp35395mxlo.txt,2447550.05735,3935.5642900001258,2.5519463960035857e-12,6.683053454916604e-13
N V,1989.0,67dcdr2dswp35396mxlo.txt,2447550.10245,3935.609390000347,2.6658756441622846e-12,7.12717086119077e-13
N V,1989.0,68dcdr2dswp35470mxlo.txt,2447560.53772,3946.0446600001305,2.515103240218252e-12,6.699962180163967e-13
N V,1989.0,69dcdr2dswp35471mxlo.txt,2447560.58336,3946.0903000002727,2.046464156911675e-12,6.580057055813169e-13
N V,1989.0,70dcdr2dswp35476mxlo.txt,2447561.71625,3947.2231900002807,1.7798515748942007e-12,3.3597594989958276e-13
N V,1989.0,71dcdr2dswp35477mxlo.txt,2447561.77113,3947.2780700000003,1.9690086950179077e-12,4.853034105291439e-13
N V,1989.0,72dcdr2dswp36169mxlo.txt,2447646.58108,4032.088020000141,2.141823656888159e-12,4.0872195302079525e-13
N V,1989.0,73dcdr2dswp36170mxlo.txt,2447646.63447,4032.1414100001566,2.1278467744283756e-12,4.953783839113861e-13
N V,1989.0,74dcdr2dswp36265mxlo.txt,2447661.63694,4047.143880000338,2.5734464295570314e-12,6.457859058662059e-13
N V,1989.0,75dcdr2dswp36266mxlo.txt,2447661.7028,4047.2097400003113,1.5918406161029002e-12,3.822867145518667e-13
N V,1989.0,76dcdr2dswp36370mxlo.txt,2447677.64375,4063.1506900000386,3.0523331197112604e-12,7.448666299792682e-13
N V,1989.0,77dcdr2dswp36371mxlo.txt,2447677.70013,4063.207070000004,1.6042004949090047e-12,3.75482571180319e-13
N V,1989.0,78dcdr2dswp36489mxlo.txt,2447691.61709,4077.1240300000645,1.7232840781050909e-12,5.117170113936852e-13
N V,1989.0,79dcdr2dswp36490mxlo.txt,2447691.66907,4077.176010000054,1.9012279890832746e-12,4.012115533405856e-13
N V,1989.0,80dcdr2dswp36560mxlo.txt,2447698.27637,4083.783310000319,1.4369400004213323e-12,4.555089967969013e-13
N V,1989.0,81dcdr2dswp36617mxlo.txt,2447713.48961,4098.996550000273,1.505013652675942e-12,4.750713437885953e-13
N V,1989.0,82dcdr2dswp36618mxlo.txt,2447713.54337,4099.050310000312,1.5229120150757202e-12,2.198624457536034e-13
N V,1989.0,83dcdr2dswp37871mxlo.txt,2447882.91005,4268.416990000289,2.0241904478312863e-12,6.228678986633386e-13
N V,1989.0,84dcdr2dswp37872mxlo.txt,2447882.96255,4268.469490000047,1.6926327358057538e-12,3.7746401782803883e-13
N V,1990.0,85dcdr2dswp37954mxlo.txt,2447897.06407,4282.571010000072,1.9841028858733776e-12,5.061707552386258e-13
N V,1990.0,86dcdr2dswp38038mxlo.txt,2447909.00799,4294.514930000063,1.5579670853801374e-12,4.1098477397139935e-13
N V,1990.0,87dcdr2dswp38039mxlo.txt,2447909.07103,4294.57797000045,2.05005985483388e-12,5.980845705126756e-13
N V,1990.0,88dcdr2dswp38139mxlo.txt,2447927.8635,4313.3704400002025,1.6305584607447657e-12,4.679265037025972e-13
N V,1990.0,89dcdr2dswp38140mxlo.txt,2447927.92734,4313.434280000161,1.5090706951546895e-12,3.8820308448720724e-13
N V,1990.0,91dcdr2dswp38709mxlo.txt,2448012.58617,4398.093110000249,1.9349689915322446e-12,4.151662541799068e-13
N V,1990.0,92dcdr2dswp38825mxlo.txt,2448029.73639,4415.243330000434,2.256706899249935e-12,3.9697055956370426e-13
N V,1990.0,93dcdr2dswp38946mxlo.txt,2448043.51272,4429.019660000224,2.064652019412581e-12,4.223114359203939e-13
N V,1990.0,95dcdr2dswp39067mxlo.txt,2448054.4206,4439.927540000062,1.933373643948912e-12,5.030008682136757e-13
N V,1990.0,96dcdr2dswp39068mxlo.txt,2448054.47637,4439.98331000004,1.528763871336083e-12,2.7548816199115177e-13
N V,1990.0,97dcdr2dswp40331mxlo.txt,2448240.06455,4625.571490000002,4.119782539128276e-12,1.340333299051442e-12
N V,1990.0,99dcdr2dswp40333mxlo.txt,2448240.18602,4625.692960000131,1.836904047943351e-12,5.528366651863561e-13
N V,1990.0,101dcdr2dswp40392mxlo.txt,2448245.31721,4630.824150000233,1.7471518880181662e-12,3.2637002826791036e-13
N V,1990.0,102dcdr2dswp40393mxlo.txt,2448245.35773,4630.864670000039,1.994616808762984e-12,4.560256612605353e-13
N V,1990.0,103dcdr2dswp40412mxlo.txt,2448246.23862,4631.745560000185,1.6757171503749857e-12,3.4502486046102757e-13
N V,1990.0,104dcdr2dswp40413mxlo.txt,2448246.28572,4631.792660000268,2.685269405269476e-12,7.689334290816727e-13
N V,1990.0,105dcdr2dswp40414mxlo.txt,2448246.33682,4631.843760000076,1.462410155636552e-12,3.642853980361863e-13
N V,1990.0,106dcdr2dswp40470mxlo.txt,2448253.09882,4638.60576000018,2.231960572808663e-12,5.652951129960926e-13
N V,1991.0,107dcdr2dswp40546mxlo.txt,2448264.36171,4649.868650000077,1.4914977269626612e-12,4.2863541109889706e-13
N V,1991.0,108dcdr2dswp40580mxlo.txt,2448269.82462,4655.331560000312,2.2071568106526377e-12,4.874764558143839e-13
N V,1991.0,110dcdr2dswp40584mxlo.txt,2448270.23464,4655.741580000147,2.0852244633658893e-12,4.727939221105884e-13
N V,1991.0,111dcdr2dswp40594mxlo.txt,2448271.69024,4657.197180000134,1.7179315960771511e-12,4.894574260948442e-13
N V,1991.0,112dcdr2dswp40595mxlo.txt,2448271.74441,4657.251350000035,1.9264157963724776e-12,4.0209857190801473e-13
N V,1991.0,113dcdr2dswp40619mxlo.txt,2448273.52138,4659.028320000041,2.0548264777557324e-12,4.597740913586849e-13
N V,1991.0,114dcdr2dswp40620mxlo.txt,2448273.57358,4659.080520000309,1.6404888102892784e-12,4.126999789245745e-13
N V,1991.0,115dcdr2dswp40660mxlo.txt,2448279.61078,4665.117720000446,2.3615345496214568e-12,6.154551703269146e-13
N V,1991.0,116dcdr2dswp40661mxlo.txt,2448279.66219,4665.169130000286,1.685701602023567e-12,4.4091873809324343e-13
N V,1991.0,117dcdr2dswp40666mxlo.txt,2448280.81833,4666.3252700003795,2.3021750112602026e-12,7.029968047987871e-13
N V,1991.0,118dcdr2dswp40667mxlo.txt,2448280.87456,4666.381500000134,2.250815267099331e-12,5.83971912055498e-13
N V,1991.0,120dcdr2dswp40841mxlo.txt,2448295.92458,4681.4315200001,1.9776460220422876e-12,5.771873774390898e-13
N V,1991.0,122dcdr2dswp41583mxlo.txt,2448382.724,4768.230940000154,1.8527035541961665e-12,4.774854409322508e-13
N V,1991.0,123dcdr2dswp41629mxlo.txt,2448391.52225,4777.029190000147,2.4830231339129974e-12,6.192074485056629e-13
N V,1991.0,124dcdr2dswp41630mxlo.txt,2448391.58102,4777.08796000015,2.1236551052460177e-12,5.07561514167847e-13
N V,1991.0,125dcdr2dswp41703mxlo.txt,2448403.66852,4789.175460000057,1.6537947874383552e-12,3.690313231891679e-13
N V,1991.0,128dcdr2dswp41852mxlo.txt,2448424.58747,4810.094410000369,2.724710911157605e-12,7.353105602536408e-13
N V,1991.0,129dcdr2dswp43342mxlo.txt,2448598.08271,4983.5896500004455,1.6835361743778076e-12,4.814973735314093e-13
N V,1991.0,130dcdr2dswp43343mxlo.txt,2448598.14237,4983.649310000241,2.4278904872069587e-12,7.065234293177771e-13
N V,1991.0,131dcdr2dswp43424mxlo.txt,2448609.90858,4995.4155200002715,1.7785949083491691e-12,4.2041135952747624e-13
N V,1991.0,132dcdr2dswp43425mxlo.txt,2448609.96998,4995.4769200002775,2.1808247791895324e-12,5.108439679179538e-13
N V,1992.0,133dcdr2dswp43550mxlo.txt,2448626.96262,5012.469560000114,1.233060244506394e-12,2.702128879055148e-13
N V,1992.0,134dcdr2dswp43551mxlo.txt,2448627.03031,5012.537250000052,1.6261596365653855e-12,5.123114284806481e-13
N V,1992.0,135dcdr2dswp43677mxlo.txt,2448639.97214,5025.479080000427,2.7592397747343047e-12,7.03575277325304e-13
N V,1992.0,136dcdr2dswp43908mxlo.txt,2448653.75094,5039.257880000398,2.1462353070487037e-12,4.677268785348624e-13
N V,1992.0,137dcdr2dswp43909mxlo.txt,2448653.80265,5039.309590000194,1.6769138598163133e-12,3.134817593126461e-13
N V,1992.0,138dcdr2dswp43994mxlo.txt,2448667.8785,5053.385440000333,2.4050649425498935e-12,4.749545332641218e-13
N V,1992.0,139dcdr2dswp44480mxlo.txt,2448738.57667,5124.083610000089,2.5981382940222055e-12,8.003101153044278e-13
N V,1992.0,140dcdr2dswp44481mxlo.txt,2448738.63397,5124.140910000075,1.8013531356707371e-12,5.773614336168663e-13
N V,1992.0,141dcdr2dswp44608mxlo.txt,2448748.7259,5134.232840000186,3.624143793472031e-12,9.049771367645889e-13
N V,1992.0,143dcdr2dswp44733mxlo.txt,2448763.71507,5149.222010000143,1.4064101326089755e-12,3.281801448413983e-13
N V,1992.0,146dcdr2dswp44967mxlo.txt,2448794.6169,5180.123840000015,2.7400211432781802e-12,5.212071898781621e-13
N V,1992.0,147dcdr2dswp44968mxlo.txt,2448794.67178,5180.1787200002,2.7809935093232575e-12,5.965274188757492e-13
N V,1992.0,148dcdr2dswp45079mxlo.txt,2448809.31051,5194.817450000439,2.5292832625615476e-12,8.075592706747394e-13
N V,1992.0,150dcdr2dswp46514mxlo.txt,2448973.97646,5359.483400000259,2.321323422953481e-12,5.254420782163286e-13
N V,1992.0,152dcdr2dswp46516mxlo.txt,2448974.12174,5359.628680000082,2.601886531312332e-12,7.918168974135485e-13
N V,1992.0,153dcdr2dswp46607mxlo.txt,2448985.45715,5370.964090000372,1.7778704285660845e-12,4.464765195467575e-13
N V,1992.0,155dcdr2dswp46633mxlo.txt,2448987.9867,5373.493640000001,1.3319999566509016e-12,2.461991140869218e-13
N V,1993.0,156dcdr2dswp46647mxlo.txt,2448989.88841,5375.395350000355,1.0619964889432592e-12,2.2010331087405648e-13
N V,1993.0,161dcdr2dswp46692mxlo.txt,2448997.23609,5382.743030000012,2.986360403963645e-12,7.99517983625895e-13
N V,1993.0,162dcdr2dswp46739mxlo.txt,2449003.83271,5389.3396500004455,2.8115291115093706e-12,6.854289966929358e-13
N V,1993.0,164dcdr2dswp46864mxlo.txt,2449019.78859,5405.295530000236,2.869795699621383e-12,8.429280661620789e-13
N V,1993.0,166dcdr2dswp46927mxlo.txt,2449031.83492,5417.341860000044,2.5061566418396924e-12,8.203912727618426e-13
N V,1993.0,167dcdr2dswp47654mxlo.txt,2449119.50971,5505.016650000121,2.794860934650902e-12,8.04900835405842e-13
N V,1993.0,168dcdr2dswp47655mxlo.txt,2449119.56345,5505.070390000008,3.023987396578164e-12,8.257470464082935e-13
N V,1993.0,169dcdr2dswp47744mxlo.txt,2449134.66709,5520.174030000344,2.860188606040251e-12,6.912128741478385e-13
N V,1993.0,170dcdr2dswp47745mxlo.txt,2449134.71817,5520.225109999999,1.9999845327011504e-12,5.268654332027477e-13
N V,1993.0,171dcdr2dswp49596mxlo.txt,2449336.10162,5721.608560000081,2.215538832981289e-12,5.525750752152637e-13
N V,1993.0,172dcdr2dswp49597mxlo.txt,2449336.1692,5721.676140000112,2.06303281283818e-12,5.304276363619695e-13
N V,1993.0,173dcdr2dswp49693mxlo.txt,2449348.92644,5734.433380000293,2.42712516678033e-12,6.394117140377745e-13
N V,1993.0,174dcdr2dswp49694mxlo.txt,2449348.98438,5734.49132000003,2.4975911161345358e-12,7.680211140262786e-13
N V,1994.0,175dcdr2dswp49795mxlo.txt,2449361.19398,5746.700920000207,2.2161354294531544e-12,6.102602188851983e-13
N V,1994.0,179dcdr2dswp49830mxlo.txt,2449366.75045,5752.257390000392,2.105620652623858e-12,4.69526937113193e-13
N V,1994.0,180dcdr2dswp49879mxlo.txt,2449376.75838,5762.265320000239,2.1459197255222867e-12,4.687923540271449e-13
N V,1994.0,181dcdr2dswp49880mxlo.txt,2449376.81093,5762.317870000377,2.100139183883182e-12,6.381919583155878e-13
N V,1994.0,182dcdr2dswp49969mxlo.txt,2449390.92439,5776.43133000005,1.6260508497403582e-12,4.4089648136163344e-13
N V,1994.0,184dcdr2dswp50091mxlo.txt,2449406.93755,5792.44449000014,1.5986600819759007e-12,4.3985792415027253e-13
N V,1994.0,186dcdr2dswp50676mxlo.txt,2449475.51407,5861.021010000259,2.2556577433657566e-12,6.712269354257684e-13
N V,1994.0,188dcdr2dswp50769mxlo.txt,2449487.62498,5873.131920000073,2.4222434217611702e-12,6.305508441370609e-13
N V,1994.0,190dcdr2dswp50934mxlo.txt,2449502.51009,5888.017030000221,1.583730761763051e-12,4.03480298071457e-13
N V,1994.0,192dcdr2dswp51099mxlo.txt,2449518.59228,5904.099220000207,2.0463126348168392e-12,4.562440620949274e-13
N V,1994.0,195dcdr2dswp51141mxlo.txt,2449523.79645,5909.3033900000155,2.6638477920779505e-12,8.195788922871056e-13
N V,1994.0,196dcdr2dswp51238mxlo.txt,2449531.42692,5916.933860000223,2.1579092112716998e-12,4.71478220567899e-13
N V,1994.0,197dcdr2dswp51239mxlo.txt,2449531.49236,5916.999300000258,2.0702873976516974e-12,5.65032398094471e-13
N V,1994.0,199dcdr2dswp53224mxlo.txt,2449717.1715,6102.678440000396,1.9008555293431472e-12,5.054276155019654e-13
N V,1995.0,200dcdr2dswp53262mxlo.txt,2449721.21616,6106.723100000061,1.8008899506630858e-12,3.5208293406886535e-13
N V,1995.0,201dcdr2dswp53263mxlo.txt,2449721.26541,6106.772350000218,3.0006635357947856e-12,9.168563454131362e-13
N V,1995.0,202dcdr2dswp53264mxlo.txt,2449721.31343,6106.820370000321,1.7667579033825742e-12,3.831363194262006e-13
N V,1995.0,203dcdr2dswp53265mxlo.txt,2449721.36698,6106.873920000158,1.405023206549464e-12,3.6270754067589167e-13
N V,1995.0,204dcdr2dswp53266mxlo.txt,2449721.4166,6106.923540000338,2.184014136635859e-12,4.813953576145793e-13
N V,1995.0,205dcdr2dswp53281mxlo.txt,2449722.67308,6108.18002000032,2.518258939734652e-12,5.294843236308406e-13
N V,1995.0,206dcdr2dswp53282mxlo.txt,2449722.71752,6108.224460000172,2.473027293118086e-12,6.212570584100677e-13
N V,1995.0,207dcdr2dswp53283mxlo.txt,2449722.76137,6108.268310000189,2.3327492268416854e-12,5.786127701797152e-13
N V,1995.0,208dcdr2dswp53291mxlo.txt,2449724.37198,6109.8789200000465,1.4835212244880817e-12,4.0126426546089364e-13
N V,1995.0,209dcdr2dswp53292mxlo.txt,2449724.427,6109.933940000366,1.959503552959443e-12,5.223848520862233e-13
N V,1995.0,210dcdr2dswp53293mxlo.txt,2449724.47424,6109.981180000119,2.122823622205827e-12,5.357606208523228e-13
N V,1995.0,211dcdr2dswp53296mxlo.txt,2449725.03383,6110.5407700003125,2.506945309813916e-12,5.176969432829736e-13
N V,1995.0,212dcdr2dswp53297mxlo.txt,2449725.08252,6110.589460000396,1.9078349387228807e-12,4.055276491498476e-13
N V,1995.0,213dcdr2dswp53305mxlo.txt,2449727.02806,6112.535000000149,7.600758356260065e-13,1.9793966473801754e-13
N V,1995.0,214dcdr2dswp53306mxlo.txt,2449727.10558,6112.612520000432,2.1336339227503275e-12,4.35809089801004e-13
N V,1995.0,215dcdr2dswp53307mxlo.txt,2449727.15231,6112.659250000026,1.7411509840885315e-12,4.946740138633104e-13
N V,1995.0,216dcdr2dswp53328mxlo.txt,2449729.51029,6115.017230000347,2.0545065485682303e-12,4.624185484339961e-13
N V,1995.0,217dcdr2dswp53329mxlo.txt,2449729.56066,6115.067600000184,1.9354233361786506e-12,4.798634799370351e-13
N V,1995.0,218dcdr2dswp53330mxlo.txt,2449729.60627,6115.113210000098,2.2851622543079223e-12,5.705927951432452e-13
N V,1995.0,219dcdr2dswp53331mxlo.txt,2449729.74469,6115.251630000304,2.1972151843997406e-12,6.336023739673142e-13
N V,1995.0,221dcdr2dswp53333mxlo.txt,2449730.37623,6115.8831700002775,1.909315884981838e-12,4.5443492635888804e-13
N V,1995.0,222dcdr2dswp53334mxlo.txt,2449730.42723,6115.934170000255,2.5791909585393847e-12,5.759405047127107e-13
N V,1995.0,223dcdr2dswp53785mxlo.txt,2449746.88858,6132.395520000253,2.1666643461854264e-12,5.819031504567082e-13
N V,1995.0,227dcdr2dswp54580mxlo.txt,2449840.69494,6226.201880000066,1.4875733569142313e-12,3.0283206857927517e-13
N V,1995.0,228dcdr2dswp54581mxlo.txt,2449840.74501,6226.251950000413,2.404103025641079e-12,7.356588687262139e-13
N V,1995.0,229dcdr2dswp54697mxlo.txt,2449854.67649,6240.183430000208,1.870140668477356e-12,4.2262989750328743e-13
N V,1995.0,230dcdr2dswp54698mxlo.txt,2449855.72563,6241.232569999993,1.871183380216593e-12,5.339249511364446e-13
N V,1995.0,231dcdr2dswp54802mxlo.txt,2449868.67042,6254.177360000089,1.9838453355886195e-12,5.209612742639721e-13
N V,1995.0,232dcdr2dswp54803mxlo.txt,2449868.73225,6254.239190000109,1.8649690158607267e-12,5.768558426231531e-13
N V,1995.0,233dcdr2dswp54998mxlo.txt,2449882.54679,6268.053730000276,1.5465274903307987e-12,5.06649676085252e-13
N V,1995.0,236dcdr2dswp55147mxlo.txt,2449896.43318,6281.940120000392,1.6426882336522582e-12,4.969938080828132e-13
N V,1995.0,237dcdr2dswp56312mxlo.txt,2450070.35794,6455.864880000241,1.390778778521962e-12,3.4740139093309737e-13
N V,1995.0,238dcdr2dswp56322mxlo.txt,2450073.21096,6458.717900000047,2.2431301974785504e-12,5.041787470714054e-13
N V,1995.0,240dcdr2dswp56368mxlo.txt,2450082.89171,6468.3986500003375,1.928509269460381e-12,5.185782164036666e-13
N V,1996.0,241dcdr2dswp56382mxlo.txt,2450087.81387,6473.320810000412,2.1300482309720307e-12,5.12577584594657e-13
N V,1996.0,242dcdr2dswp56398mxlo.txt,2450092.8189,6478.325840000063,2.1721211550660734e-12,5.660294764969106e-13
N V,1996.0,243dcdr2dswp56581mxlo.txt,2450098.8145,6484.321440000087,1.6789343342878887e-12,4.43227462256822e-13
N V,1996.0,244dcdr2dswp56588mxlo.txt,2450100.851,6486.357940000016,2.182987470330285e-12,6.214113999703781e-13
N V,1996.0,246dcdr2dswp56629mxlo.txt,2450104.84473,6490.3516700002365,1.6169053143076343e-12,4.359009208854382e-13
N V,1996.0,248dcdr2dswp56636mxlo.txt,2450108.81105,6494.31799000036,1.922891458728084e-12,3.71846343160542e-13
N V,1996.0,249dcdr2dswp56642mxlo.txt,2450110.84238,6496.349320000038,2.1549835372360064e-12,5.842412443003885e-13
N V,1996.0,250dcdr2dswp56653mxlo.txt,2450112.97499,6498.481930000242,1.396354799804147e-12,4.352147279577442e-13
O I + Si II,1986.0,26dcdr2dswp29843mxlo.txt,2446775.08101,0.0,5.659626490645929e-13,1.6350864651851515e-13
O I + Si II,1987.0,33dcdr2dswp30142mxlo.txt,2446818.87052,43.78951000003144,5.341198907393652e-13,1.386879661038608e-13
O I + Si II,1987.0,37dcdr2dswp30244mxlo.txt,2446829.80409,54.723080000374466,3.8048432939177363e-13,1.0864556530988745e-13
O I + Si II,1989.0,66dcdr2dswp35395mxlo.txt,2447550.05735,774.976340000052,3.303554860010834e-13,1.0552943382392238e-13
O I + Si II,1989.0,78dcdr2dswp36489mxlo.txt,2447691.61709,916.5360799999908,5.350948594210869e-13,1.4086137550898414e-13
O I + Si II,1990.0,91dcdr2dswp38709mxlo.txt,2448012.58617,1237.5051600001752,2.6495228537854735e-13,8.503489699415977e-14
O I + Si II,1990.0,105dcdr2dswp40414mxlo.txt,2448246.33682,1471.2558100000024,4.2285656251380334e-13,1.015140989695498e-13
O I + Si II,1991.0,119dcdr2dswp40840mxlo.txt,2448295.86608,1520.7850700002164,5.906680071958976e-13,1.666115958760408e-13
O I + Si II,1991.0,122dcdr2dswp41583mxlo.txt,2448382.724,1607.6429900000803,6.171102093340412e-13,1.4406692032811445e-13
O I + Si II,1991.0,127dcdr2dswp41851mxlo.txt,2448424.53422,1649.4532099999487,4.4059877422458564e-13,1.465592230659438e-13
O I + Si II,1992.0,137dcdr2dswp43909mxlo.txt,2448653.80265,1878.7216400001198,5.355474297640758e-13,1.1610486933475077e-13
O I + Si II,1994.0,179dcdr2dswp49830mxlo.txt,2449366.75045,2591.669440000318,3.57664295631703e-13,1.0924695746603965e-13
O I + Si II,1995.0,209dcdr2dswp53292mxlo.txt,2449724.427,2949.3459900002927,4.161663307079126e-13,1.2203869802592898e-13
O I + Si II,1996.0,243dcdr2dswp56581mxlo.txt,2450098.8145,3323.7334900000133,2.702062495362066e-13,7.861498039730671e-14
O III],1978.0,2dcdr2dswp01366mxlo.txt,2443614.49306,0.0,1.0164411744060638e-13,2.5267070531392088e-14
O III],1982.0,10dcdr2dswp16803mxlo.txt,2445080.37093,1465.8778700004332,1.8412296885495684e-13,5.622709632585783e-14
O III],1982.0,11dcdr2dswp17300mxlo.txt,2445148.27606,1533.7830000002868,3.9064802395260005e-13,9.231481177122618e-14
O III],1982.0,12dcdr2dswp17301mxlo.txt,2445148.31179,1533.8187300004065,2.949452212333822e-13,9.11615101440854e-14
O III],1983.0,15dcdr2dswp19731mxlo.txt,2445439.96013,1825.4670700002462,1.3481576285634715e-13,4.039083054431426e-14
O III],1984.0,18dcdr2dswp23444mxlo.txt,2445893.58914,2279.0960800000466,1.415277156804473e-13,4.639988318276265e-14
O III],1985.0,20dcdr2dswp25974mxlo.txt,2446204.70719,2590.2141300002113,1.6486283717388143e-13,5.2895108640629054e-14
O III],1986.0,22dcdr2dswp28304mxlo.txt,2446564.66188,2950.1688200002536,1.522002448171155e-13,3.111258066799024e-14
O III],1986.0,23dcdr2dswp28305mxlo.txt,2446564.71157,2950.218510000035,1.5433279420098353e-13,4.56683205128477e-14
O III],1986.0,28dcdr2dswp29939mxlo.txt,2446787.09865,3172.605590000283,3.3387955964074615e-13,1.1113265100994697e-13
O III],1987.0,31dcdr2dswp30082mxlo.txt,2446808.05385,3193.5607900000177,2.4832004682264e-13,3.2016458717081794e-14
O III],1987.0,41dcdr2dswp31078mxlo.txt,2446948.45322,3333.9601600002497,1.0003502901803652e-13,2.1794672509788892e-14
O III],1987.0,42dcdr2dswp31079mxlo.txt,2446948.51856,3334.0255000004545,1.8902207820524318e-13,5.874895173195733e-14
O III],1988.0,55dcdr2dswp33704mxlo.txt,2447317.40553,3702.9124700003304,2.1821969354494665e-13,5.0627561107070076e-14
O III],1988.0,57dcdr2dswp33797mxlo.txt,2447334.44435,3719.95129000023,1.0648838161349354e-13,2.4651675994551406e-14
O III],1988.0,64dcdr2dswp35154mxlo.txt,2447523.1002,3908.607140000444,2.9807581170784697e-13,6.164122937492004e-14
O III],1988.0,65dcdr2dswp35155mxlo.txt,2447523.15706,3908.664000000339,1.693469092028879e-13,5.1327576712673465e-14
O III],1989.0,68dcdr2dswp35470mxlo.txt,2447560.53772,3946.0446600001305,1.732082177215838e-13,3.3912124919079096e-14
O III],1989.0,79dcdr2dswp36490mxlo.txt,2447691.66907,4077.176010000054,3.3701703917522453e-13,1.0110045818655527e-13
O III],1989.0,82dcdr2dswp36618mxlo.txt,2447713.54337,4099.050310000312,1.3932161316215834e-13,3.081831745343828e-14
O III],1989.0,83dcdr2dswp37871mxlo.txt,2447882.91005,4268.416990000289,3.0926463595283807e-13,1.0275969816779706e-13
O III],1990.0,85dcdr2dswp37954mxlo.txt,2447897.06407,4282.571010000072,2.1724603594447988e-13,3.1794636195113576e-14
O III],1990.0,86dcdr2dswp38038mxlo.txt,2447909.00799,4294.514930000063,1.2410511598688172e-13,3.143281975391272e-14
O III],1990.0,92dcdr2dswp38825mxlo.txt,2448029.73639,4415.243330000434,3.8597737221618897e-13,4.898853609051707e-14
O III],1990.0,94dcdr2dswp38947mxlo.txt,2448043.57403,4429.08097000001,1.211466316071328e-13,3.401314024947748e-14
O III],1990.0,103dcdr2dswp40412mxlo.txt,2448246.23862,4631.745560000185,1.5659059982316822e-13,3.080964958672757e-14
O III],1990.0,106dcdr2dswp40470mxlo.txt,2448253.09882,4638.60576000018,1.724895932947788e-13,5.4403984241895787e-14
O III],1991.0,114dcdr2dswp40620mxlo.txt,2448273.57358,4659.080520000309,1.6431307418309547e-13,4.4082940280760835e-14
O III],1991.0,118dcdr2dswp40667mxlo.txt,2448280.87456,4666.381500000134,1.4360903848307135e-13,4.1335373069502247e-14
O III],1991.0,121dcdr2dswp41582mxlo.txt,2448382.66831,4768.17525000032,2.873719789010398e-13,7.899565444336168e-14
O III],1991.0,129dcdr2dswp43342mxlo.txt,2448598.08271,4983.5896500004455,1.6743611175167283e-13,3.970589384415833e-14
O III],1992.0,135dcdr2dswp43677mxlo.txt,2448639.97214,5025.479080000427,2.3841071751915146e-13,6.088943689666199e-14
O III],1992.0,138dcdr2dswp43994mxlo.txt,2448667.8785,5053.385440000333,1.107746700039112e-13,2.9416306449592086e-14
O III],1992.0,150dcdr2dswp46514mxlo.txt,2448973.97646,5359.483400000259,1.774100799165281e-13,4.9429406566376265e-14
O III],1993.0,157dcdr2dswp46650mxlo.txt,2448990.61029,5376.11723000044,3.4983256429660686e-13,4.620351973944246e-14
O III],1993.0,158dcdr2dswp46654mxlo.txt,2448991.54194,5377.048880000133,3.3283460081986517e-13,3.727370254185946e-14
O III],1993.0,167dcdr2dswp47654mxlo.txt,2449119.50971,5505.016650000121,1.4409082469614988e-13,4.170150158231671e-14
O III],1993.0,170dcdr2dswp47745mxlo.txt,2449134.71817,5520.225109999999,6.488550833463951e-14,1.9228118940232577e-14
O III],1994.0,176dcdr2dswp49796mxlo.txt,2449361.24083,5746.747770000249,1.1696878044461728e-13,2.974223496914416e-14
O III],1994.0,180dcdr2dswp49879mxlo.txt,2449376.75838,5762.265320000239,1.488177753184395e-13,4.746958326959966e-14
O III],1994.0,188dcdr2dswp50769mxlo.txt,2449487.62498,5873.131920000073,1.54429943677414e-13,3.196102524613276e-14
O III],1994.0,190dcdr2dswp50934mxlo.txt,2449502.51009,5888.017030000221,3.82923403602853e-13,7.641983470697906e-14
O III],1994.0,191dcdr2dswp50935mxlo.txt,2449502.56256,5888.069500000216,7.903357260134753e-14,1.505332061426793e-14
O III],1994.0,193dcdr2dswp51100mxlo.txt,2449518.65385,5904.160790000111,9.990693622076196e-14,3.0502485951501466e-14
O III],1994.0,194dcdr2dswp51140mxlo.txt,2449523.7483,5909.255240000319,2.1107566288415236e-13,6.188881584526087e-14
O III],1994.0,198dcdr2dswp53223mxlo.txt,2449717.12322,6102.630160000175,2.700951163662495e-13,3.588957295168433e-14
O III],1994.0,199dcdr2dswp53224mxlo.txt,2449717.1715,6102.678440000396,3.175701929824599e-13,7.619585027776204e-14
O III],1995.0,204dcdr2dswp53266mxlo.txt,2449721.4166,6106.923540000338,3.4285767041447054e-13,5.3688706074862536e-14
O III],1995.0,216dcdr2dswp53328mxlo.txt,2449729.51029,6115.017230000347,2.713110549089026e-13,5.4143669225361934e-14
O III],1995.0,217dcdr2dswp53329mxlo.txt,2449729.56066,6115.067600000184,2.1934691463235586e-13,3.923301631689353e-14
O III],1995.0,218dcdr2dswp53330mxlo.txt,2449729.60627,6115.113210000098,2.2663135520634398e-13,3.8805446118990214e-14
O III],1995.0,223dcdr2dswp53785mxlo.txt,2449746.88858,6132.395520000253,4.849317420449167e-13,1.4817448070844285e-13
O III],1995.0,231dcdr2dswp54802mxlo.txt,2449868.67042,6254.177360000089,1.2247081387776367e-13,2.218529954601959e-14
O III],1995.0,232dcdr2dswp54803mxlo.txt,2449868.73225,6254.239190000109,9.60845290253541e-14,1.902045624017597e-14
O III],1995.0,233dcdr2dswp54998mxlo.txt,2449882.54679,6268.053730000276,1.5994677219701158e-13,5.141643896551993e-14
O III],1995.0,235dcdr2dswp55148mxlo.txt,2449895.51914,6281.026080000214,1.9901416956960885e-13,3.8189559243639877e-14
O III],1996.0,243dcdr2dswp56581mxlo.txt,2450098.8145,6484.321440000087,3.932489617792113e-13,1.2809168232727655e-13
Si IV + O IV],1978.0,3dcdr2dswp01642mxlo.txt,2443654.90736,0.0,1.0092505905052577e-12,1.6039918655381553e-13
Si IV + O IV],1978.0,4dcdr2dswp02099mxlo.txt,2443714.52825,59.62088999990374,1.1080380711440607e-12,2.7397158264878973e-13
Si IV + O IV],1982.0,10dcdr2dswp16803mxlo.txt,2445080.37093,1425.4635700001381,5.497322522921515e-13,1.8182406862504974e-13
Si IV + O IV],1983.0,15dcdr2dswp19731mxlo.txt,2445439.96013,1785.0527699999511,5.92676596257185e-13,1.0392118945380486e-13
Si IV + O IV],1984.0,18dcdr2dswp23444mxlo.txt,2445893.58914,2238.6817799997516,5.91474985442097e-13,1.3216393576096784e-13
Si IV + O IV],1985.0,19dcdr2dswp25973mxlo.txt,2446204.65473,2549.7473699999973,9.003863702196974e-13,2.4159176267136365e-13
Si IV + O IV],1985.0,20dcdr2dswp25974mxlo.txt,2446204.70719,2549.7998299999163,9.474068632964676e-13,1.4816754042381662e-13
Si IV + O IV],1986.0,23dcdr2dswp28305mxlo.txt,2446564.71157,2909.80420999974,7.300577076446947e-13,1.160378599900046e-13
Si IV + O IV],1986.0,24dcdr2dswp29774mxlo.txt,2446764.17181,3109.2644500001334,5.93713039239052e-13,1.1628169314914212e-13
Si IV + O IV],1986.0,25dcdr2dswp29775mxlo.txt,2446764.22277,3109.3154099998064,6.678718762266193e-13,1.1985130592491586e-13
Si IV + O IV],1986.0,26dcdr2dswp29843mxlo.txt,2446775.08101,3120.1736499997787,1.2343243943491595e-12,1.910104422655788e-13
Si IV + O IV],1986.0,27dcdr2dswp29844mxlo.txt,2446775.13941,3120.2320499997586,7.138921010050563e-13,1.1849273374429288e-13
Si IV + O IV],1986.0,28dcdr2dswp29939mxlo.txt,2446787.09865,3132.191289999988,6.392657974864571e-13,1.2057864001603066e-13
Si IV + O IV],1987.0,31dcdr2dswp30082mxlo.txt,2446808.05385,3153.1464899997227,8.400004286805757e-13,2.0775356171110278e-13
Si IV + O IV],1987.0,32dcdr2dswp30141mxlo.txt,2446818.81943,3163.9120700000785,8.938010910858168e-13,1.845799466255628e-13
Si IV + O IV],1987.0,33dcdr2dswp30142mxlo.txt,2446818.87052,3163.96315999981,1.1016287065060258e-12,1.8527659408512368e-13
Si IV + O IV],1987.0,35dcdr2dswp30239mxlo.txt,2446829.47735,3174.569989999756,3.2707196980768927e-13,1.0401347901432787e-13
Si IV + O IV],1987.0,36dcdr2dswp30243mxlo.txt,2446829.75275,3174.845389999915,4.965928945443497e-13,1.1456209671372575e-13
Si IV + O IV],1987.0,37dcdr2dswp30244mxlo.txt,2446829.80409,3174.896730000153,1.4371618990921347e-12,3.051612253217337e-13
Si IV + O IV],1987.0,38dcdr2dswp30331mxlo.txt,2446844.83417,3189.926810000092,1.2053486250293178e-12,3.212387010312452e-13
Si IV + O IV],1987.0,39dcdr2dswp30332mxlo.txt,2446844.886,3189.97863999987,8.599164998267583e-13,1.2696117998757516e-13
Si IV + O IV],1987.0,42dcdr2dswp31079mxlo.txt,2446948.51856,3293.6112000001594,1.0537247651918592e-12,1.8736652847878095e-13
Si IV + O IV],1987.0,43dcdr2dswp31353mxlo.txt,2446994.33255,3339.4251899998635,1.2051377027812903e-12,3.2161788009217467e-13
Si IV + O IV],1987.0,45dcdr2dswp32459mxlo.txt,2447133.9083,3479.000939999707,1.1026403870970207e-12,2.8715235459118136e-13
Si IV + O IV],1987.0,46dcdr2dswp32460mxlo.txt,2447133.96868,3479.0613199998625,1.031669129446618e-12,2.0781964724273955e-13
Si IV + O IV],1987.0,47dcdr2dswp32638mxlo.txt,2447159.10667,3504.1993100000545,5.421501315521672e-13,1.3767126240204143e-13
Si IV + O IV],1987.0,48dcdr2dswp32639mxlo.txt,2447159.15628,3504.2489200001583,9.256471939377902e-13,1.423373521305776e-13
Si IV + O IV],1988.0,49dcdr2dswp32725mxlo.txt,2447174.95447,3520.0471100001596,6.702037227058844e-13,1.8434386139389456e-13
Si IV + O IV],1988.0,50dcdr2dswp32726mxlo.txt,2447175.01424,3520.106879999861,1.7838816417147027e-12,5.850732836537023e-13
Si IV + O IV],1988.0,52dcdr2dswp32890mxlo.txt,2447200.7777,3545.8703399999067,1.5857543791495223e-12,3.6644963285122997e-13
Si IV + O IV],1988.0,53dcdr2dswp33486mxlo.txt,2447289.70429,3634.7969299997203,3.994268779415523e-13,1.0446992588660524e-13
Si IV + O IV],1988.0,54dcdr2dswp33487mxlo.txt,2447289.75234,3634.8449800000526,7.072615495594643e-13,1.243175133383878e-13
Si IV + O IV],1988.0,55dcdr2dswp33704mxlo.txt,2447317.40553,3662.4981700000353,5.956809776847397e-13,1.0656953273698081e-13
Si IV + O IV],1988.0,56dcdr2dswp33705mxlo.txt,2447317.45902,3662.551659999881,6.201045834044253e-13,1.076838516521008e-13
Si IV + O IV],1988.0,62dcdr2dswp34996mxlo.txt,2447505.90225,3850.99488999974,7.414279968865266e-13,1.4069563466190202e-13
Si IV + O IV],1988.0,63dcdr2dswp34997mxlo.txt,2447505.95638,3851.049019999802,6.534382366084304e-13,1.3710819093633063e-13
Si IV + O IV],1988.0,65dcdr2dswp35155mxlo.txt,2447523.15706,3868.249700000044,3.1226990821772054e-13,8.893747643309751e-14
Si IV + O IV],1989.0,67dcdr2dswp35396mxlo.txt,2447550.10245,3895.195090000052,1.0005987194367017e-12,2.946851061248015e-13
Si IV + O IV],1989.0,68dcdr2dswp35470mxlo.txt,2447560.53772,3905.6303599998355,9.25515286517097e-13,1.3842131225321647e-13
Si IV + O IV],1989.0,69dcdr2dswp35471mxlo.txt,2447560.58336,3905.6759999999776,7.877786803523272e-13,1.719121725928484e-13
Si IV + O IV],1989.0,70dcdr2dswp35476mxlo.txt,2447561.71625,3906.8088899999857,9.20438019416804e-13,2.821098123000059e-13
Si IV + O IV],1989.0,71dcdr2dswp35477mxlo.txt,2447561.77113,3906.8637699997053,1.4692502994395147e-12,2.403371530771954e-13
Si IV + O IV],1989.0,72dcdr2dswp36169mxlo.txt,2447646.58108,3991.673719999846,1.0252000514375144e-12,2.0759722177690297e-13
Si IV + O IV],1989.0,73dcdr2dswp36170mxlo.txt,2447646.63447,3991.7271099998616,1.5833559002287678e-12,4.638900560974119e-13
Si IV + O IV],1989.0,74dcdr2dswp36265mxlo.txt,2447661.63694,4006.729580000043,1.0273451642510665e-12,3.276974462528263e-13
Si IV + O IV],1989.0,75dcdr2dswp36266mxlo.txt,2447661.7028,4006.7954400000162,6.833839747801589e-13,6.894195598761878e-14
Si IV + O IV],1989.0,76dcdr2dswp36370mxlo.txt,2447677.64375,4022.7363899997436,6.502552074199943e-13,9.216206538629944e-14
Si IV + O IV],1989.0,77dcdr2dswp36371mxlo.txt,2447677.70013,4022.792769999709,8.938824449041087e-13,2.1469476529659187e-13
Si IV + O IV],1989.0,79dcdr2dswp36490mxlo.txt,2447691.66907,4036.7617099997588,7.639195104623717e-13,1.490213885711511e-13
Si IV + O IV],1989.0,80dcdr2dswp36560mxlo.txt,2447698.27637,4043.369010000024,1.0590978746132492e-12,2.9438195692606694e-13
Si IV + O IV],1989.0,81dcdr2dswp36617mxlo.txt,2447713.48961,4058.5822499999776,1.30144989002334e-12,3.2399562389107147e-13
Si IV + O IV],1990.0,87dcdr2dswp38039mxlo.txt,2447909.07103,4254.1636700001545,7.72786369639133e-13,1.0553588030586791e-13
Si IV + O IV],1990.0,91dcdr2dswp38709mxlo.txt,2448012.58617,4357.678809999954,7.24853321070544e-13,9.227716728749639e-14
Si IV + O IV],1990.0,94dcdr2dswp38947mxlo.txt,2448043.57403,4388.666669999715,7.627562353988256e-13,1.432202111352559e-13
Si IV + O IV],1990.0,95dcdr2dswp39067mxlo.txt,2448054.4206,4399.513239999767,6.350292388017672e-13,1.7662252414967701e-13
Si IV + O IV],1990.0,96dcdr2dswp39068mxlo.txt,2448054.47637,4399.569009999745,4.93022428788657e-13,1.1217369086489544e-13
Si IV + O IV],1990.0,97dcdr2dswp40331mxlo.txt,2448240.06455,4585.157189999707,5.028388612971947e-13,1.2413398537443068e-13
Si IV + O IV],1990.0,98dcdr2dswp40332mxlo.txt,2448240.1203,4585.212939999998,5.09979297877226e-13,1.215298099718492e-13
Si IV + O IV],1990.0,103dcdr2dswp40412mxlo.txt,2448246.23862,4591.33125999989,8.253943101680597e-13,2.6079117257963344e-13
Si IV + O IV],1991.0,107dcdr2dswp40546mxlo.txt,2448264.36171,4609.454349999782,5.608642988865988e-13,1.3844294030437986e-13
Si IV + O IV],1991.0,108dcdr2dswp40580mxlo.txt,2448269.82462,4614.9172600000165,4.083703465919232e-13,8.914904330771955e-14
Si IV + O IV],1991.0,110dcdr2dswp40584mxlo.txt,2448270.23464,4615.327279999852,4.440485814625189e-13,1.3493661429420278e-13
Si IV + O IV],1991.0,111dcdr2dswp40594mxlo.txt,2448271.69024,4616.782879999839,6.356372845625899e-13,1.4846928738475842e-13
Si IV + O IV],1991.0,112dcdr2dswp40595mxlo.txt,2448271.74441,4616.83704999974,5.246428791287868e-13,9.187110982796745e-14
Si IV + O IV],1991.0,113dcdr2dswp40619mxlo.txt,2448273.52138,4618.614019999746,1.3736617185120438e-12,3.0111941406407797e-13
Si IV + O IV],1991.0,115dcdr2dswp40660mxlo.txt,2448279.61078,4624.703420000151,4.013073797255434e-13,1.2183654195312868e-13
Si IV + O IV],1991.0,117dcdr2dswp40666mxlo.txt,2448280.81833,4625.9109700000845,1.3620685166690604e-12,2.680702880800316e-13
Si IV + O IV],1991.0,118dcdr2dswp40667mxlo.txt,2448280.87456,4625.967199999839,5.486499177238629e-13,1.133865744700644e-13
Si IV + O IV],1991.0,120dcdr2dswp40841mxlo.txt,2448295.92458,4641.017219999805,7.183822457617171e-13,1.5797048285975197e-13
Si IV + O IV],1991.0,121dcdr2dswp41582mxlo.txt,2448382.66831,4727.760950000025,4.86446514006293e-13,1.3734270461112607e-13
Si IV + O IV],1991.0,122dcdr2dswp41583mxlo.txt,2448382.724,4727.816639999859,6.793340376315345e-13,8.877294244862526e-14
Si IV + O IV],1991.0,123dcdr2dswp41629mxlo.txt,2448391.52225,4736.614889999852,5.172119430248909e-13,1.0240514461979314e-13
Si IV + O IV],1991.0,124dcdr2dswp41630mxlo.txt,2448391.58102,4736.673659999855,9.87121778370607e-13,1.7533023971974438e-13
Si IV + O IV],1991.0,126dcdr2dswp41704mxlo.txt,2448403.71866,4748.81129999971,5.584453449751616e-13,1.0272314498416318e-13
Si IV + O IV],1991.0,127dcdr2dswp41851mxlo.txt,2448424.53422,4769.6268599997275,7.627469336114329e-13,2.323571836067791e-13
Si IV + O IV],1991.0,130dcdr2dswp43343mxlo.txt,2448598.14237,4943.235009999946,6.896741477072114e-13,2.0784216575635273e-13
Si IV + O IV],1991.0,132dcdr2dswp43425mxlo.txt,2448609.96998,4955.062619999982,4.454716982850934e-13,1.1381387965359197e-13
Si IV + O IV],1992.0,133dcdr2dswp43550mxlo.txt,2448626.96262,4972.055259999819,4.621683914395578e-13,8.865718932025589e-14
Si IV + O IV],1992.0,134dcdr2dswp43551mxlo.txt,2448627.03031,4972.122949999757,7.157393572426456e-13,1.3476387156169493e-13
Si IV + O IV],1992.0,135dcdr2dswp43677mxlo.txt,2448639.97214,4985.064780000132,6.130348708715304e-13,1.7936453892757154e-13
Si IV + O IV],1992.0,138dcdr2dswp43994mxlo.txt,2448667.8785,5012.971140000038,1.5060122940943986e-12,4.1721991872785925e-13
Si IV + O IV],1992.0,139dcdr2dswp44480mxlo.txt,2448738.57667,5083.669309999794,6.867481900743775e-13,1.3908844654894102e-13
Si IV + O IV],1992.0,140dcdr2dswp44481mxlo.txt,2448738.63397,5083.72660999978,4.161856863732522e-13,1.2042989573326337e-13
Si IV + O IV],1992.0,141dcdr2dswp44608mxlo.txt,2448748.7259,5093.818539999891,1.0063475752633365e-12,2.0949448014307938e-13
Si IV + O IV],1992.0,143dcdr2dswp44733mxlo.txt,2448763.71507,5108.807709999848,4.599315372303471e-13,1.1565687735877385e-13
Si IV + O IV],1992.0,144dcdr2dswp44871mxlo.txt,2448779.41814,5124.510780000128,6.552397651717702e-13,1.5291296274334904e-13
Si IV + O IV],1992.0,145dcdr2dswp44872mxlo.txt,2448779.47145,5124.56409,9.098127260459768e-13,2.4520360600431344e-13
Si IV + O IV],1992.0,147dcdr2dswp44968mxlo.txt,2448794.67178,5139.764419999905,1.712724802818976e-12,5.488414499390131e-13
Si IV + O IV],1992.0,148dcdr2dswp45079mxlo.txt,2448809.31051,5154.403150000144,7.809224076183155e-13,1.56918953211873e-13
Si IV + O IV],1992.0,151dcdr2dswp46515mxlo.txt,2448974.03314,5319.125779999886,1.1260390856268863e-12,2.9096714398587076e-13
Si IV + O IV],1992.0,152dcdr2dswp46516mxlo.txt,2448974.12174,5319.214379999787,1.3528869614286032e-12,2.5397929234890906e-13
Si IV + O IV],1992.0,153dcdr2dswp46607mxlo.txt,2448985.45715,5330.549790000077,8.106699399500489e-13,1.6254306499336353e-13
Si IV + O IV],1992.0,155dcdr2dswp46633mxlo.txt,2448987.9867,5333.079339999706,9.061993925046993e-13,2.0723557908772828e-13
Si IV + O IV],1993.0,158dcdr2dswp46654mxlo.txt,2448991.54194,5336.634579999838,1.0676145622308326e-12,3.34046159480454e-13
Si IV + O IV],1993.0,160dcdr2dswp46663mxlo.txt,2448993.55841,5338.651049999986,1.4609248430042278e-12,4.325452594135099e-13
Si IV + O IV],1993.0,162dcdr2dswp46739mxlo.txt,2449003.83271,5348.9253500001505,2.932312688454602e-13,8.070454261861979e-14
Si IV + O IV],1993.0,163dcdr2dswp46863mxlo.txt,2449019.7395,5364.832140000071,7.056247809320751e-13,1.3867404432680274e-13
Si IV + O IV],1993.0,164dcdr2dswp46864mxlo.txt,2449019.78859,5364.881229999941,1.1356413944525623e-12,3.5041604629888175e-13
Si IV + O IV],1993.0,167dcdr2dswp47654mxlo.txt,2449119.50971,5464.602349999826,9.976720746036063e-13,2.6482198576236547e-13
Si IV + O IV],1993.0,168dcdr2dswp47655mxlo.txt,2449119.56345,5464.656089999713,1.115166244008707e-12,1.7492508998026064e-13
Si IV + O IV],1993.0,169dcdr2dswp47744mxlo.txt,2449134.66709,5479.759730000049,6.182206301549653e-13,1.686984932844039e-13
Si IV + O IV],1993.0,171dcdr2dswp49596mxlo.txt,2449336.10162,5681.194259999786,1.053249635066825e-12,2.4450170889184326e-13
Si IV + O IV],1993.0,172dcdr2dswp49597mxlo.txt,2449336.1692,5681.261839999817,8.824677526652282e-13,2.2903251268359903e-13
Si IV + O IV],1993.0,174dcdr2dswp49694mxlo.txt,2449348.98438,5694.077019999735,1.1894004834150738e-12,2.2431749087573984e-13
Si IV + O IV],1994.0,175dcdr2dswp49795mxlo.txt,2449361.19398,5706.286619999912,7.026821489901653e-13,1.7642285689778062e-13
Si IV + O IV],1994.0,176dcdr2dswp49796mxlo.txt,2449361.24083,5706.333469999954,1.130356701238399e-12,3.0165355001977843e-13
Si IV + O IV],1994.0,179dcdr2dswp49830mxlo.txt,2449366.75045,5711.843090000097,1.0812416489503166e-12,2.5600382522213617e-13
Si IV + O IV],1994.0,180dcdr2dswp49879mxlo.txt,2449376.75838,5721.851019999944,1.542494897875514e-12,2.980969964048013e-13
Si IV + O IV],1994.0,181dcdr2dswp49880mxlo.txt,2449376.81093,5721.903570000082,3.7619370058134076e-13,9.161953538685881e-14
Si IV + O IV],1994.0,183dcdr2dswp49970mxlo.txt,2449390.97727,5736.069910000078,6.741947860521155e-13,1.6827366929765417e-13
Si IV + O IV],1994.0,187dcdr2dswp50677mxlo.txt,2449475.56226,5820.654899999965,9.484064302099062e-13,1.6652412141300624e-13
Si IV + O IV],1994.0,189dcdr2dswp50770mxlo.txt,2449487.67285,5832.765490000136,1.0295433213107942e-12,1.4468205126522323e-13
Si IV + O IV],1994.0,190dcdr2dswp50934mxlo.txt,2449502.51009,5847.602729999926,1.7955318692556872e-12,3.4545817615674977e-13
Si IV + O IV],1994.0,191dcdr2dswp50935mxlo.txt,2449502.56256,5847.655199999921,1.1715483107045447e-12,3.5916405680016884e-13
Si IV + O IV],1994.0,193dcdr2dswp51100mxlo.txt,2449518.65385,5863.746489999816,9.03900517679419e-13,2.0869802046721522e-13
Si IV + O IV],1994.0,195dcdr2dswp51141mxlo.txt,2449523.79645,5868.88908999972,1.0333154649542244e-12,2.2524252312106308e-13
Si IV + O IV],1994.0,196dcdr2dswp51238mxlo.txt,2449531.42692,5876.519559999928,1.1182681114591404e-12,2.5660341703375103e-13
Si IV + O IV],1994.0,197dcdr2dswp51239mxlo.txt,2449531.49236,5876.584999999963,9.789489108432784e-13,2.981676820350931e-13
Si IV + O IV],1994.0,199dcdr2dswp53224mxlo.txt,2449717.1715,6062.264140000101,1.4696370636901739e-12,4.099719261492075e-13
Si IV + O IV],1995.0,201dcdr2dswp53263mxlo.txt,2449721.26541,6066.3580499999225,2.36269846413089e-12,4.730196902841388e-13
Si IV + O IV],1995.0,202dcdr2dswp53264mxlo.txt,2449721.31343,6066.406070000026,1.1307269836459658e-12,1.8217302282797399e-13
Si IV + O IV],1995.0,203dcdr2dswp53265mxlo.txt,2449721.36698,6066.459619999863,8.753117832400385e-13,2.375390352353515e-13
Si IV + O IV],1995.0,204dcdr2dswp53266mxlo.txt,2449721.4166,6066.509240000043,1.887375664932506e-12,5.854641673440256e-13
Si IV + O IV],1995.0,205dcdr2dswp53281mxlo.txt,2449722.67308,6067.765720000025,8.715216706336194e-13,2.1347415076978266e-13
Si IV + O IV],1995.0,206dcdr2dswp53282mxlo.txt,2449722.71752,6067.810159999877,9.284115256533975e-13,2.246369453934134e-13
Si IV + O IV],1995.0,207dcdr2dswp53283mxlo.txt,2449722.76137,6067.854009999894,4.615384027520997e-13,1.2227580170605687e-13
Si IV + O IV],1995.0,209dcdr2dswp53292mxlo.txt,2449724.427,6069.519640000071,6.29953301593908e-13,1.4223964958501116e-13
Si IV + O IV],1995.0,211dcdr2dswp53296mxlo.txt,2449725.03383,6070.126470000017,5.740448759341963e-13,1.4898649247102615e-13
Si IV + O IV],1995.0,212dcdr2dswp53297mxlo.txt,2449725.08252,6070.175160000101,1.2552888395692476e-12,2.0644279540356991e-13
Si IV + O IV],1995.0,214dcdr2dswp53306mxlo.txt,2449727.10558,6072.198220000137,1.0568746848982062e-12,2.4763340950663186e-13
Si IV + O IV],1995.0,215dcdr2dswp53307mxlo.txt,2449727.15231,6072.244949999731,5.460039979065544e-13,1.1335375538624322e-13
Si IV + O IV],1995.0,216dcdr2dswp53328mxlo.txt,2449729.51029,6074.602930000052,1.1205475175951859e-12,1.7466962244252046e-13
Si IV + O IV],1995.0,217dcdr2dswp53329mxlo.txt,2449729.56066,6074.653299999889,1.6649431097252898e-12,4.12359199216774e-13
Si IV + O IV],1995.0,220dcdr2dswp53332mxlo.txt,2449729.80021,6074.892849999946,1.307399769050317e-12,3.433601259269157e-13
Si IV + O IV],1995.0,221dcdr2dswp53333mxlo.txt,2449730.37623,6075.468869999982,1.1378400718209993e-12,1.9150475272625518e-13
Si IV + O IV],1995.0,223dcdr2dswp53785mxlo.txt,2449746.88858,6091.981219999958,3.852949149942765e-13,1.2219804796427656e-13
Si IV + O IV],1995.0,227dcdr2dswp54580mxlo.txt,2449840.69494,6185.787579999771,6.615046460522355e-13,1.898166344490733e-13
Si IV + O IV],1995.0,228dcdr2dswp54581mxlo.txt,2449840.74501,6185.837650000118,1.0022635190371712e-12,1.6945381365476807e-13
Si IV + O IV],1995.0,230dcdr2dswp54698mxlo.txt,2449855.72563,6200.818269999698,1.1002068867909855e-12,1.8940603622147423e-13
Si IV + O IV],1995.0,232dcdr2dswp54803mxlo.txt,2449868.73225,6213.824889999814,7.64174542428394e-13,1.8839291285132952e-13
Si IV + O IV],1995.0,234dcdr2dswp54999mxlo.txt,2449882.59977,6227.692410000134,1.0105589269653994e-12,1.596327488837584e-13
Si IV + O IV],1995.0,235dcdr2dswp55148mxlo.txt,2449895.51914,6240.611779999919,9.499589180637243e-13,2.6077790194612664e-13
Si IV + O IV],1995.0,236dcdr2dswp55147mxlo.txt,2449896.43318,6241.525820000097,1.138607627787022e-12,1.519091619799422e-13
Si IV + O IV],1995.0,238dcdr2dswp56322mxlo.txt,2450073.21096,6418.303599999752,8.736635028409394e-13,2.797303899171758e-13
Si IV + O IV],1995.0,239dcdr2dswp56348mxlo.txt,2450078.03265,6423.12528999988,9.268428864502805e-13,2.843730849819976e-13
Si IV + O IV],1995.0,240dcdr2dswp56368mxlo.txt,2450082.89171,6427.9843500000425,8.150970296939399e-13,1.6051594884175867e-13
Si IV + O IV],1996.0,242dcdr2dswp56398mxlo.txt,2450092.8189,6437.911539999768,9.126774809951632e-13,2.8258734536453967e-13
Si IV + O IV],1996.0,243dcdr2dswp56581mxlo.txt,2450098.8145,6443.907139999792,1.2340514038502592e-12,3.9677395490185746e-13
Si IV + O IV],1996.0,244dcdr2dswp56588mxlo.txt,2450100.851,6445.943639999721,1.3388247249965619e-12,3.032880026596086e-13
Si IV + O IV],1996.0,249dcdr2dswp56642mxlo.txt,2450110.84238,6455.9350199997425,1.677958028082e-12,3.9882488919227936e-13
