line,year,spectrum,jd,jd_minus_min,flux,flux_err
C II,1979.0,5dcdr2dswp05116mxlo.txt,2443997.54954,0.0,3.435527946135435e-13,1.0196159277663551e-13
C II,1982.0,6dcdr2dswp16431mxlo.txt,2445026.89626,1029.3467199997976,6.701386593651311e-14,1.738101823298572e-14
C II,1982.0,14dcdr2dswp17303mxlo.txt,2445148.4014,1150.8518599998206,5.81668185760609e-13,1.857426114762796e-13
C II,1983.0,15dcdr2dswp19731mxlo.txt,2445439.96013,1442.410589999985,4.836410979083713e-13,1.0895238516207432e-13
C II,1985.0,20dcdr2dswp25974mxlo.txt,2446204.70719,2207.15764999995,2.859263038877245e-13,7.720558819397078e-14
C II,1986.0,22dcdr2dswp28304mxlo.txt,2446564.66188,2567.1123399999924,4.1326479383945883e-13,8.01192077209635e-14
C II,1986.0,23dcdr2dswp28305mxlo.txt,2446564.71157,2567.162029999774,1.3945229738475433e-13,4.637951606117162e-14
C II,1986.0,25dcdr2dswp29775mxlo.txt,2446764.22277,2766.6732299998403,3.9137988478736835e-13,7.854872723174849e-14
C II,1986.0,29dcdr2dswp29940mxlo.txt,2446787.15587,2789.606329999864,2.7246203528486333e-13,8.228461475769636e-14
C II,1987.0,33dcdr2dswp30142mxlo.txt,2446818.87052,2821.320979999844,2.173196917526759e-13,5.907274119272687e-14
C II,1987.0,37dcdr2dswp30244mxlo.txt,2446829.80409,2832.254550000187,2.2563342416400558e-13,5.0487246753022505e-14
C II,1987.0,41dcdr2dswp31078mxlo.txt,2446948.45322,2950.9036799999885,2.807704157790097e-13,6.253330012675427e-14
C II,1987.0,45dcdr2dswp32459mxlo.txt,2447133.9083,3136.358759999741,3.474446505877891e-13,1.0238245780209291e-13
C II,1987.0,47dcdr2dswp32638mxlo.txt,2447159.10667,3161.5571300000884,2.393854693060415e-13,7.18893939905306e-14
C II,1988.0,50dcdr2dswp32726mxlo.txt,2447175.01424,3177.464699999895,2.758585965864318e-13,4.66459901388082e-14
C II,1988.0,51dcdr2dswp32889mxlo.txt,2447200.72588,3203.1763399997726,3.462183906165143e-13,7.837353614790809e-14
C II,1988.0,52dcdr2dswp32890mxlo.txt,2447200.7777,3203.2281599999405,3.319741275128017e-13,6.380616298578005e-14
C II,1988.0,53dcdr2dswp33486mxlo.txt,2447289.70429,3292.154749999754,2.3186794292048474e-13,7.432280752191306e-14
C II,1988.0,55dcdr2dswp33704mxlo.txt,2447317.40553,3319.855990000069,5.162499073185059e-13,1.1354464257047232e-13
C II,1989.0,67dcdr2dswp35396mxlo.txt,2447550.10245,3552.552910000086,4.09186832504066e-13,5.870013069095301e-14
C II,1989.0,69dcdr2dswp35471mxlo.txt,2447560.58336,3563.0338200000115,3.7802725497719455e-13,1.1361358240612587e-13
C II,1989.0,70dcdr2dswp35476mxlo.txt,2447561.71625,3564.1667100000195,2.9752362024405237e-13,7.862986268330772e-14
C II,1989.0,72dcdr2dswp36169mxlo.txt,2447646.58108,3649.03153999988,2.6265438209141333e-13,7.645491443546985e-14
C II,1989.0,73dcdr2dswp36170mxlo.txt,2447646.63447,3649.0849299998954,2.3987008321101543e-13,7.353029264397725e-14
C II,1989.0,77dcdr2dswp36371mxlo.txt,2447677.70013,3680.150589999743,2.0420588450065269e-13,4.6918543900038765e-14
C II,1989.0,79dcdr2dswp36490mxlo.txt,2447691.66907,3694.1195299997926,4.3831675749809896e-13,4.25542315480624e-14
C II,1989.0,81dcdr2dswp36617mxlo.txt,2447713.48961,3715.9400700000115,3.331459207056878e-13,7.580660605943642e-14
C II,1990.0,87dcdr2dswp38039mxlo.txt,2447909.07103,3911.5214900001884,1.8100854408022452e-13,3.754840769825291e-14
C II,1990.0,88dcdr2dswp38139mxlo.txt,2447927.8635,3930.3139599999413,3.105014299976699e-13,4.38665024542151e-14
C II,1990.0,98dcdr2dswp40332mxlo.txt,2448240.1203,4242.570760000031,5.274851922473155e-13,1.5432953071668352e-13
C II,1990.0,102dcdr2dswp40393mxlo.txt,2448245.35773,4247.808189999778,3.604081459732129e-13,9.972450737059828e-14
C II,1990.0,104dcdr2dswp40413mxlo.txt,2448246.28572,4248.736180000007,6.353917881530922e-13,1.197189189843427e-13
C II,1991.0,114dcdr2dswp40620mxlo.txt,2448273.57358,4276.0240400000475,4.382502709515099e-13,1.1751558442392325e-13
C II,1991.0,119dcdr2dswp40840mxlo.txt,2448295.86608,4298.316540000029,3.3174354952385803e-13,9.011693507029963e-14
C II,1991.0,124dcdr2dswp41630mxlo.txt,2448391.58102,4394.031479999889,2.242736664256551e-13,5.6785878439257796e-14
C II,1991.0,125dcdr2dswp41703mxlo.txt,2448403.66852,4406.118979999796,4.250376884469704e-13,1.2913414237568005e-13
C II,1992.0,134dcdr2dswp43551mxlo.txt,2448627.03031,4629.480769999791,2.823879665040239e-13,5.88530820278545e-14
C II,1992.0,139dcdr2dswp44480mxlo.txt,2448738.57667,4741.027129999828,3.154633801925014e-13,8.056012250163509e-14
C II,1992.0,142dcdr2dswp44732mxlo.txt,2448763.66191,4766.112369999755,3.576334401450637e-13,8.275168781821343e-14
C II,1992.0,143dcdr2dswp44733mxlo.txt,2448763.71507,4766.165529999882,3.827483451499714e-13,9.718873639885004e-14
C II,1992.0,149dcdr2dswp45080mxlo.txt,2448809.36508,4811.815539999865,3.1958061681673824e-13,7.439832604321305e-14
C II,1992.0,151dcdr2dswp46515mxlo.txt,2448974.03314,4976.4835999999195,1.7562327361286508e-13,5.692704222297504e-14
C II,1993.0,164dcdr2dswp46864mxlo.txt,2449019.78859,5022.239049999975,3.510558759734553e-13,3.5674779341994596e-14
C II,1993.0,167dcdr2dswp47654mxlo.txt,2449119.50971,5121.96016999986,2.816205057236303e-13,7.581191837241619e-14
C II,1993.0,174dcdr2dswp49694mxlo.txt,2449348.98438,5351.434839999769,2.4667399408189015e-13,5.398858582284957e-14
C II,1994.0,181dcdr2dswp49880mxlo.txt,2449376.81093,5379.261390000116,1.6414140615132837e-13,4.976502529754181e-14
C II,1994.0,182dcdr2dswp49969mxlo.txt,2449390.92439,5393.374849999789,4.824345011873753e-13,1.1999062506026232e-13
C II,1994.0,183dcdr2dswp49970mxlo.txt,2449390.97727,5393.427730000112,5.030927261341648e-13,1.6726905158241707e-13
C II,1994.0,186dcdr2dswp50676mxlo.txt,2449475.51407,5477.9645299999975,2.732918315742027e-13,5.0066712445312246e-14
C II,1994.0,188dcdr2dswp50769mxlo.txt,2449487.62498,5490.075439999811,2.9458597179344724e-13,8.497081199954208e-14
C II,1994.0,189dcdr2dswp50770mxlo.txt,2449487.67285,5490.12331000017,2.431530306160657e-13,4.9260915929616766e-14
C II,1994.0,193dcdr2dswp51100mxlo.txt,2449518.65385,5521.10430999985,2.9255300153309623e-13,8.902272166940892e-14
C II,1994.0,194dcdr2dswp51140mxlo.txt,2449523.7483,5526.1987600000575,5.209051005504243e-13,9.841623080609529e-14
C II,1994.0,198dcdr2dswp53223mxlo.txt,2449717.12322,5719.573679999914,2.547594921866517e-13,7.961755008705874e-14
C II,1994.0,199dcdr2dswp53224mxlo.txt,2449717.1715,5719.621960000135,5.904154204385413e-13,9.736705576501513e-14
C II,1995.0,204dcdr2dswp53266mxlo.txt,2449721.4166,5723.867060000077,4.662551222913005e-13,1.2516063517347575e-13
C II,1995.0,205dcdr2dswp53281mxlo.txt,2449722.67308,5725.123540000059,1.9895405282384193e-13,6.595377073360774e-14
C II,1995.0,207dcdr2dswp53283mxlo.txt,2449722.76137,5725.211829999927,4.5184766407643177e-13,8.997735595809636e-14
C II,1995.0,220dcdr2dswp53332mxlo.txt,2449729.80021,5732.250669999979,3.1390339445141967e-13,8.928781376611698e-14
C II,1995.0,221dcdr2dswp53333mxlo.txt,2449730.37623,5732.826690000016,5.394836629003418e-13,1.0636222728005198e-13
C II,1995.0,224dcdr2dswp53786mxlo.txt,2449746.94882,5749.399280000012,2.8534610847129525e-13,5.5126704616644215e-14
C II,1995.0,231dcdr2dswp54802mxlo.txt,2449868.67042,5871.120879999828,1.9506248825950695e-13,6.15591769078577e-14
C II,1995.0,238dcdr2dswp56322mxlo.txt,2450073.21096,6075.661419999786,3.6689455850970746e-13,8.853758689983086e-14
C II,1996.0,241dcdr2dswp56382mxlo.txt,2450087.81387,6090.264330000151,2.4674249528303744e-13,7.148204330731857e-14
C II,1996.0,242dcdr2dswp56398mxlo.txt,2450092.8189,6095.269359999802,3.625647569328346e-13,7.03312131868816e-14
C II,1996.0,243dcdr2dswp56581mxlo.txt,2450098.8145,6101.264959999826,4.750377112488948e-13,8.330520809110828e-14
C II,1996.0,248dcdr2dswp56636mxlo.txt,2450108.81105,6111.2615100000985,3.9807321105375167e-13,8.253413051487649e-14
C IV,1978.0,1dcdr2dswp01365mxlo.txt,2443614.35486,0.0,5.2751733292508924e-12,8.656992754528499e-13
C IV,1978.0,2dcdr2dswp01366mxlo.txt,2443614.49306,0.13819999992847443,4.411150381415526e-12,9.801264056725741e-14
C IV,1978.0,3dcdr2dswp01642mxlo.txt,2443654.90736,40.55250000022352,4.31319499817783e-12,6.826960754943185e-14
C IV,1978.0,4dcdr2dswp02099mxlo.txt,2443714.52825,100.17339000012726,4.75347462756016e-12,1.0714164388902649e-13
C IV,1979.0,5dcdr2dswp05116mxlo.txt,2443997.54954,383.1946800001897,4.90635974134481e-12,1.2839584388761835e-13
C IV,1982.0,7dcdr2dswp16790mxlo.txt,2445078.43622,1464.0813600001857,4.934352883238928e-12,6.737691543946293e-14
C IV,1982.0,8dcdr2dswp16801mxlo.txt,2445080.27446,1465.9196000001393,4.401704904425817e-12,1.6147167264030072e-13
C IV,1982.0,9dcdr2dswp16802mxlo.txt,2445080.32265,1465.9677900001407,5.052313367121549e-12,1.27154926688515e-13
C IV,1982.0,10dcdr2dswp16803mxlo.txt,2445080.37093,1466.0160700003617,4.326212615338255e-12,1.3604619525671162e-13
C IV,1982.0,11dcdr2dswp17300mxlo.txt,2445148.27606,1533.9212000002153,5.6592322678408794e-12,2.7425440600379617e-13
C IV,1982.0,12dcdr2dswp17301mxlo.txt,2445148.31179,1533.956930000335,5.310523649758112e-12,1.3365826356950845e-13
C IV,1982.0,13dcdr2dswp17302mxlo.txt,2445148.35831,1534.003450000193,4.698744956661227e-12,1.4735125409643118e-13
C IV,1982.0,14dcdr2dswp17303mxlo.txt,2445148.4014,1534.0465400000103,5.76962141033942e-12,1.7677323775779817e-13
C IV,1983.0,15dcdr2dswp19731mxlo.txt,2445439.96013,1825.6052700001746,4.4317952756126786e-12,1.3274986700454467e-13
C IV,1984.0,16dcdr2dswp23063mxlo.txt,2445841.4891,2227.134240000043,4.0280406420754904e-12,1.0252010808322536e-13
C IV,1984.0,17dcdr2dswp23064mxlo.txt,2445841.53637,2227.181510000024,4.405811567018571e-12,5.76751746113609e-14
C IV,1984.0,18dcdr2dswp23444mxlo.txt,2445893.58914,2279.234279999975,3.7610700111741776e-12,8.621663836892923e-14
C IV,1985.0,19dcdr2dswp25973mxlo.txt,2446204.65473,2590.299870000221,4.03191307808291e-12,5.491242870890101e-14
C IV,1985.0,20dcdr2dswp25974mxlo.txt,2446204.70719,2590.35233000014,4.56777536927685e-12,5.671921259541414e-14
C IV,1985.0,21dcdr2dswp26489mxlo.txt,2446273.85969,2659.5048299999908,4.799382861215471e-12,7.01254120911096e-14
C IV,1986.0,22dcdr2dswp28304mxlo.txt,2446564.66188,2950.307020000182,4.7370604513153414e-12,8.309978884445337e-14
C IV,1986.0,23dcdr2dswp28305mxlo.txt,2446564.71157,2950.3567099999636,4.578989971035608e-12,8.467242691762986e-14
C IV,1986.0,24dcdr2dswp29774mxlo.txt,2446764.17181,3149.816950000357,4.465817058435911e-12,1.3526904727886144e-13
C IV,1986.0,25dcdr2dswp29775mxlo.txt,2446764.22277,3149.86791000003,7.267266648797684e-12,1.1044657726264651e-13
C IV,1986.0,26dcdr2dswp29843mxlo.txt,2446775.08101,3160.7261500000022,5.457761473550486e-12,7.775847061081415e-14
C IV,1986.0,27dcdr2dswp29844mxlo.txt,2446775.13941,3160.784549999982,4.7353530579146965e-12,8.337324716391452e-14
C IV,1986.0,28dcdr2dswp29939mxlo.txt,2446787.09865,3172.7437900002114,4.966621392416948e-12,1.0763714086846277e-13
C IV,1986.0,29dcdr2dswp29940mxlo.txt,2446787.15587,3172.801010000054,5.00026151254237e-12,1.2904858330502106e-13
C IV,1987.0,30dcdr2dswp30081mxlo.txt,2446808.00218,3193.647319999989,4.910159118484824e-12,9.76238191833533e-14
C IV,1987.0,31dcdr2dswp30082mxlo.txt,2446808.05385,3193.698989999946,5.188745832128111e-12,7.484246011789108e-14
C IV,1987.0,32dcdr2dswp30141mxlo.txt,2446818.81943,3204.464570000302,5.059956865712408e-12,8.318701510113044e-14
C IV,1987.0,33dcdr2dswp30142mxlo.txt,2446818.87052,3204.5156600000337,4.601149998488721e-12,1.1999826992200424e-13
C IV,1987.0,34dcdr2dswp30238mxlo.txt,2446829.4259,3215.071040000301,5.014849502856248e-12,7.185540911840952e-14
C IV,1987.0,35dcdr2dswp30239mxlo.txt,2446829.47735,3215.1224899999797,5.574679408409702e-12,1.4445987782207696e-13
C IV,1987.0,36dcdr2dswp30243mxlo.txt,2446829.75275,3215.3978900001384,5.005353915927463e-12,9.395794409675208e-14
C IV,1987.0,37dcdr2dswp30244mxlo.txt,2446829.80409,3215.4492300003767,5.477985973345154e-12,9.73868628685438e-14
C IV,1987.0,38dcdr2dswp30331mxlo.txt,2446844.83417,3230.4793100003153,4.870262894253755e-12,1.0252528671253413e-13
C IV,1987.0,39dcdr2dswp30332mxlo.txt,2446844.886,3230.5311400000937,4.7458873945163675e-12,9.233412851321034e-14
C IV,1987.0,40dcdr2dswp31077mxlo.txt,2446948.40162,3334.0467600002885,5.1359465162381255e-12,5.349531918367821e-14
C IV,1987.0,41dcdr2dswp31078mxlo.txt,2446948.45322,3334.098360000178,4.532282889122119e-12,8.079416455499107e-14
C IV,1987.0,42dcdr2dswp31079mxlo.txt,2446948.51856,3334.163700000383,5.02199319529288e-12,7.202450406477764e-14
C IV,1987.0,43dcdr2dswp31353mxlo.txt,2446994.33255,3379.977690000087,4.768615506911951e-12,7.806838512414224e-14
C IV,1987.0,44dcdr2dswp31354mxlo.txt,2446994.39286,3380.038000000175,4.346128049601597e-12,6.791965336724467e-14
C IV,1987.0,45dcdr2dswp32459mxlo.txt,2447133.9083,3519.5534399999306,4.772012337392141e-12,9.482661826592255e-14
C IV,1987.0,46dcdr2dswp32460mxlo.txt,2447133.96868,3519.613820000086,4.811528484717955e-12,5.91590695920417e-14
C IV,1987.0,47dcdr2dswp32638mxlo.txt,2447159.10667,3544.751810000278,5.501870373628711e-12,8.847167344411893e-14
C IV,1987.0,48dcdr2dswp32639mxlo.txt,2447159.15628,3544.8014200003818,4.645802551981021e-12,8.581602696463794e-14
C IV,1988.0,49dcdr2dswp32725mxlo.txt,2447174.95447,3560.599610000383,4.587561146937142e-12,6.694744971897e-14
C IV,1988.0,50dcdr2dswp32726mxlo.txt,2447175.01424,3560.6593800000846,4.833422888740275e-12,1.0632128832747265e-13
C IV,1988.0,51dcdr2dswp32889mxlo.txt,2447200.72588,3586.3710199999623,4.370333015044811e-12,7.507870964203596e-14
C IV,1988.0,52dcdr2dswp32890mxlo.txt,2447200.7777,3586.4228400001302,4.9186308047813354e-12,8.378534754350277e-14
C IV,1988.0,53dcdr2dswp33486mxlo.txt,2447289.70429,3675.349429999944,4.661432297543824e-12,1.1666326243671411e-13
C IV,1988.0,54dcdr2dswp33487mxlo.txt,2447289.75234,3675.397480000276,4.358879570762065e-12,9.328451093268506e-14
C IV,1988.0,55dcdr2dswp33704mxlo.txt,2447317.40553,3703.050670000259,4.3059379062671655e-12,9.939432499246756e-14
C IV,1988.0,56dcdr2dswp33705mxlo.txt,2447317.45902,3703.1041600001045,4.837743104129164e-12,9.494813170111903e-14
C IV,1988.0,57dcdr2dswp33797mxlo.txt,2447334.44435,3720.0894900001585,4.9482248830373296e-12,1.268339971179956e-13
C IV,1988.0,58dcdr2dswp33889mxlo.txt,2447352.4837,3738.1288400003687,5.574204620601736e-12,1.2635063619471293e-13
C IV,1988.0,59dcdr2dswp33890mxlo.txt,2447352.53755,3738.1826900001615,4.60950466629876e-12,5.947717864984249e-14
C IV,1988.0,60dcdr2dswp33907mxlo.txt,2447356.04863,3741.6937700002454,5.145628377656353e-12,1.0833337632355571e-13
C IV,1988.0,61dcdr2dswp33908mxlo.txt,2447356.09922,3741.7443600003608,4.435430455462772e-12,1.5024402668990475e-13
C IV,1988.0,62dcdr2dswp34996mxlo.txt,2447505.90225,3891.5473899999633,4.692859171043554e-12,8.129192516277613e-14
C IV,1988.0,63dcdr2dswp34997mxlo.txt,2447505.95638,3891.6015200000256,5.123404149576879e-12,7.404938675731549e-14
C IV,1988.0,64dcdr2dswp35154mxlo.txt,2447523.1002,3908.7453400003724,4.947460639183008e-12,7.739657617883592e-14
C IV,1988.0,65dcdr2dswp35155mxlo.txt,2447523.15706,3908.8022000002675,4.8402645289479695e-12,1.2275563236040505e-13
C IV,1989.0,66dcdr2dswp35395mxlo.txt,2447550.05735,3935.7024900000542,5.641392647904617e-12,8.891101818742598e-14
C IV,1989.0,67dcdr2dswp35396mxlo.txt,2447550.10245,3935.7475900002755,4.128837707745894e-12,1.581172322256183e-13
C IV,1989.0,68dcdr2dswp35470mxlo.txt,2447560.53772,3946.182860000059,5.23948694544207e-12,1.0879700300948341e-13
C IV,1989.0,69dcdr2dswp35471mxlo.txt,2447560.58336,3946.228500000201,5.661830521147642e-12,1.685777930099722e-13
C IV,1989.0,70dcdr2dswp35476mxlo.txt,2447561.71625,3947.361390000209,5.370398078538482e-12,8.242504903158625e-14
C IV,1989.0,71dcdr2dswp35477mxlo.txt,2447561.77113,3947.4162699999288,4.696110126024763e-12,8.09838506905131e-14
C IV,1989.0,72dcdr2dswp36169mxlo.txt,2447646.58108,4032.2262200000696,4.5947711511929205e-12,6.830863539637231e-14
C IV,1989.0,73dcdr2dswp36170mxlo.txt,2447646.63447,4032.279610000085,4.706186467410003e-12,9.373466596454305e-14
C IV,1989.0,74dcdr2dswp36265mxlo.txt,2447661.63694,4047.2820800002664,4.915311844382479e-12,6.206445489310319e-14
C IV,1989.0,75dcdr2dswp36266mxlo.txt,2447661.7028,4047.3479400002398,5.1805384214954926e-12,8.147813058666966e-14
C IV,1989.0,76dcdr2dswp36370mxlo.txt,2447677.64375,4063.288889999967,4.416524221721386e-12,7.851950752423367e-14
C IV,1989.0,77dcdr2dswp36371mxlo.txt,2447677.70013,4063.3452699999325,4.790916402040647e-12,7.10561334033172e-14
C IV,1989.0,78dcdr2dswp36489mxlo.txt,2447691.61709,4077.262229999993,4.837599310015203e-12,6.49942182350897e-14
C IV,1989.0,79dcdr2dswp36490mxlo.txt,2447691.66907,4077.3142099999823,5.286778792879797e-12,9.148579529095228e-14
C IV,1989.0,80dcdr2dswp36560mxlo.txt,2447698.27637,4083.9215100002475,5.268772656949598e-12,7.873859156605585e-14
C IV,1989.0,81dcdr2dswp36617mxlo.txt,2447713.48961,4099.134750000201,4.745671395550657e-12,7.795602798688346e-14
C IV,1989.0,82dcdr2dswp36618mxlo.txt,2447713.54337,4099.18851000024,4.6584117659343856e-12,6.733093472412958e-14
C IV,1989.0,83dcdr2dswp37871mxlo.txt,2447882.91005,4268.555190000217,5.2567041428957e-12,9.019273063300728e-14
C IV,1989.0,84dcdr2dswp37872mxlo.txt,2447882.96255,4268.607689999975,4.446022752634e-12,8.173842826563349e-14
C IV,1990.0,85dcdr2dswp37954mxlo.txt,2447897.06407,4282.709210000001,4.310489847045113e-12,1.106551983948031e-13
C IV,1990.0,86dcdr2dswp38038mxlo.txt,2447909.00799,4294.6531299999915,3.066877363270354e-12,5.2893128810117855e-14
C IV,1990.0,87dcdr2dswp38039mxlo.txt,2447909.07103,4294.716170000378,4.684148458250351e-12,6.30120357314478e-14
C IV,1990.0,88dcdr2dswp38139mxlo.txt,2447927.8635,4313.508640000131,4.338810668741676e-12,7.780944507658085e-14
C IV,1990.0,89dcdr2dswp38140mxlo.txt,2447927.92734,4313.57248000009,4.813531394263268e-12,7.210374849122872e-14
C IV,1990.0,90dcdr2dswp38708mxlo.txt,2448012.51153,4398.1566699999385,4.377719387322811e-12,7.796833638312106e-14
C IV,1990.0,91dcdr2dswp38709mxlo.txt,2448012.58617,4398.2313100001775,5.111663203470648e-12,6.498739223318938e-14
C IV,1990.0,92dcdr2dswp38825mxlo.txt,2448029.73639,4415.3815300003625,5.239317477223109e-12,6.243059256861205e-14
C IV,1990.0,93dcdr2dswp38946mxlo.txt,2448043.51272,4429.157860000152,4.7584904323723135e-12,8.592579728733813e-14
C IV,1990.0,94dcdr2dswp38947mxlo.txt,2448043.57403,4429.2191699999385,4.766398221391803e-12,7.747079305578611e-14
C IV,1990.0,95dcdr2dswp39067mxlo.txt,2448054.4206,4440.065739999991,4.880981106013989e-12,9.255962574849095e-14
C IV,1990.0,96dcdr2dswp39068mxlo.txt,2448054.47637,4440.121509999968,4.85394867564796e-12,5.097151731695924e-14
C IV,1990.0,97dcdr2dswp40331mxlo.txt,2448240.06455,4625.709689999931,4.70227756565052e-12,8.013692807110609e-14
C IV,1990.0,98dcdr2dswp40332mxlo.txt,2448240.1203,4625.765440000221,4.631945392397967e-12,8.157294474962594e-14
C IV,1990.0,99dcdr2dswp40333mxlo.txt,2448240.18602,4625.83116000006,4.375863643314829e-12,9.990735986106566e-14
C IV,1990.0,100dcdr2dswp40334mxlo.txt,2448240.22823,4625.873370000161,4.24888696123404e-12,1.4670199611644401e-13
C IV,1990.0,101dcdr2dswp40392mxlo.txt,2448245.31721,4630.962350000162,4.787707752992995e-12,8.319654241359859e-14
C IV,1990.0,102dcdr2dswp40393mxlo.txt,2448245.35773,4631.0028699999675,3.8644254440416005e-12,1.4687148351242408e-13
C IV,1990.0,103dcdr2dswp40412mxlo.txt,2448246.23862,4631.883760000113,4.747080059761787e-12,1.1101750515593026e-13
C IV,1990.0,104dcdr2dswp40413mxlo.txt,2448246.28572,4631.930860000197,4.713047907422912e-12,9.398985501983747e-14
C IV,1990.0,105dcdr2dswp40414mxlo.txt,2448246.33682,4631.981960000005,4.414379517871203e-12,1.4102745566492022e-13
C IV,1990.0,106dcdr2dswp40470mxlo.txt,2448253.09882,4638.743960000109,5.033157977794444e-12,1.1661832454772684e-13
C IV,1991.0,107dcdr2dswp40546mxlo.txt,2448264.36171,4650.006850000005,4.365400073908819e-12,1.030311336474373e-13
C IV,1991.0,108dcdr2dswp40580mxlo.txt,2448269.82462,4655.46976000024,5.1158719889008e-12,1.185801594768981e-13
C IV,1991.0,109dcdr2dswp40581mxlo.txt,2448269.87881,4655.523950000294,4.489099513653872e-12,9.13617440102602e-14
C IV,1991.0,110dcdr2dswp40584mxlo.txt,2448270.23464,4655.879780000076,5.859240336681136e-12,9.49473578539093e-14
C IV,1991.0,111dcdr2dswp40594mxlo.txt,2448271.69024,4657.335380000062,4.644267078414171e-12,1.4271121818669844e-13
C IV,1991.0,112dcdr2dswp40595mxlo.txt,2448271.74441,4657.3895499999635,4.13095177628318e-12,7.892172103343573e-14
C IV,1991.0,113dcdr2dswp40619mxlo.txt,2448273.52138,4659.16651999997,4.7304098510280895e-12,1.249736277421902e-13
C IV,1991.0,114dcdr2dswp40620mxlo.txt,2448273.57358,4659.218720000237,4.72333716011677e-12,1.4210803169932738e-13
C IV,1991.0,115dcdr2dswp40660mxlo.txt,2448279.61078,4665.255920000374,5.212273012208533e-12,8.598645235794824e-14
C IV,1991.0,116dcdr2dswp40661mxlo.txt,2448279.66219,4665.307330000214,4.886773814441906e-12,1.3982841618704433e-13
C IV,1991.0,117dcdr2dswp40666mxlo.txt,2448280.81833,4666.463470000308,3.805456092219552e-12,1.2255693834168524e-13
C IV,1991.0,118dcdr2dswp40667mxlo.txt,2448280.87456,4666.519700000063,4.7393899546601615e-12,9.697159284968701e-14
C IV,1991.0,119dcdr2dswp40840mxlo.txt,2448295.86608,4681.511220000219,4.451270175420981e-12,8.885402063728907e-14
C IV,1991.0,120dcdr2dswp40841mxlo.txt,2448295.92458,4681.569720000029,4.438826255423422e-12,9.43706353443207e-14
C IV,1991.0,121dcdr2dswp41582mxlo.txt,2448382.66831,4768.313450000249,4.568868148551449e-12,1.130824048177491e-13
C IV,1991.0,122dcdr2dswp41583mxlo.txt,2448382.724,4768.369140000083,4.5394475399725214e-12,7.304294610073076e-14
C IV,1991.0,123dcdr2dswp41629mxlo.txt,2448391.52225,4777.167390000075,4.872010188982965e-12,9.523166311679964e-14
C IV,1991.0,124dcdr2dswp41630mxlo.txt,2448391.58102,4777.226160000078,5.082187590158021e-12,8.098779491565506e-14
C IV,1991.0,125dcdr2dswp41703mxlo.txt,2448403.66852,4789.313659999985,4.581465153923712e-12,1.5490151731733415e-13
C IV,1991.0,126dcdr2dswp41704mxlo.txt,2448403.71866,4789.363799999934,4.700174229141356e-12,5.787264177696156e-14
C IV,1991.0,127dcdr2dswp41851mxlo.txt,2448424.53422,4810.179359999951,4.600301757228394e-12,1.7190544360536062e-13
C IV,1991.0,128dcdr2dswp41852mxlo.txt,2448424.58747,4810.232610000297,5.4099174340596575e-12,1.463144397588244e-13
C IV,1991.0,129dcdr2dswp43342mxlo.txt,2448598.08271,4983.727850000374,3.697381472885805e-12,9.944108624772331e-14
C IV,1991.0,130dcdr2dswp43343mxlo.txt,2448598.14237,4983.787510000169,4.488439326700085e-12,8.36622172131823e-14
C IV,1991.0,131dcdr2dswp43424mxlo.txt,2448609.90858,4995.5537200002,4.127961712756174e-12,8.979751456520168e-14
C IV,1991.0,132dcdr2dswp43425mxlo.txt,2448609.96998,4995.615120000206,4.910895258940867e-12,9.087212662872612e-14
C IV,1992.0,133dcdr2dswp43550mxlo.txt,2448626.96262,5012.607760000043,2.5797311887832534e-12,5.839048484568449e-14
C IV,1992.0,134dcdr2dswp43551mxlo.txt,2448627.03031,5012.675449999981,4.384959012663338e-12,4.878591666775406e-14
C IV,1992.0,135dcdr2dswp43677mxlo.txt,2448639.97214,5025.617280000355,4.287172580161227e-12,8.93897118298302e-14
C IV,1992.0,136dcdr2dswp43908mxlo.txt,2448653.75094,5039.396080000326,4.219694492033121e-12,9.54286277420173e-14
C IV,1992.0,137dcdr2dswp43909mxlo.txt,2448653.80265,5039.447790000122,4.042704851290724e-12,6.647343727165282e-14
C IV,1992.0,138dcdr2dswp43994mxlo.txt,2448667.8785,5053.523640000261,4.319108278341225e-12,8.806569024708707e-14
C IV,1992.0,139dcdr2dswp44480mxlo.txt,2448738.57667,5124.221810000017,4.080961291830407e-12,1.5179098256542408e-13
C IV,1992.0,140dcdr2dswp44481mxlo.txt,2448738.63397,5124.279110000003,4.423577711708462e-12,9.893404365514914e-14
C IV,1992.0,141dcdr2dswp44608mxlo.txt,2448748.7259,5134.371040000115,4.052450732934214e-12,1.1762858341862045e-13
C IV,1992.0,142dcdr2dswp44732mxlo.txt,2448763.66191,5149.307049999945,2.5792625211120753e-12,1.0060312226162225e-13
C IV,1992.0,143dcdr2dswp44733mxlo.txt,2448763.71507,5149.360210000072,2.2436218523148463e-12,4.118053595699353e-14
C IV,1992.0,144dcdr2dswp44871mxlo.txt,2448779.41814,5165.063280000351,5.1056003279471425e-12,1.1198010508574679e-13
C IV,1992.0,145dcdr2dswp44872mxlo.txt,2448779.47145,5165.116590000223,5.249077053123141e-12,9.889806922101228e-14
C IV,1992.0,146dcdr2dswp44967mxlo.txt,2448794.6169,5180.262039999943,5.4356912340541285e-12,1.0717097670367285e-13
C IV,1992.0,147dcdr2dswp44968mxlo.txt,2448794.67178,5180.316920000128,4.697979316740468e-12,8.314975774700699e-14
C IV,1992.0,148dcdr2dswp45079mxlo.txt,2448809.31051,5194.955650000367,5.8246382202015344e-12,1.3567139505109875e-13
C IV,1992.0,149dcdr2dswp45080mxlo.txt,2448809.36508,5195.010220000055,5.132523063665768e-12,1.4721994019065997e-13
C IV,1992.0,150dcdr2dswp46514mxlo.txt,2448973.97646,5359.621600000188,5.4927597522656965e-12,8.448685295184951e-14
C IV,1992.0,151dcdr2dswp46515mxlo.txt,2448974.03314,5359.678280000109,5.621024848175749e-12,7.56125116986568e-14
C IV,1992.0,152dcdr2dswp46516mxlo.txt,2448974.12174,5359.76688000001,3.3841242104379675e-12,1.200019259050828e-13
C IV,1992.0,153dcdr2dswp46607mxlo.txt,2448985.45715,5371.102290000301,5.47938057273318e-12,1.1832290128129058e-13
C IV,1992.0,154dcdr2dswp46608mxlo.txt,2448985.52169,5371.166830000002,5.353592357387983e-12,1.3322950684212742e-13
C IV,1992.0,155dcdr2dswp46633mxlo.txt,2448987.9867,5373.631839999929,3.755303161829287e-12,1.1057237130663098e-13
C IV,1993.0,156dcdr2dswp46647mxlo.txt,2448989.88841,5375.533550000284,2.634977140321561e-12,7.907615514330372e-14
C IV,1993.0,157dcdr2dswp46650mxlo.txt,2448990.61029,5376.2554300003685,2.212718146357034e-12,1.8799073791013854e-13
C IV,1993.0,158dcdr2dswp46654mxlo.txt,2448991.54194,5377.1870800000615,4.947255855719061e-12,1.3712939497250814e-13
C IV,1993.0,159dcdr2dswp46658mxlo.txt,2448992.56383,5378.208970000036,5.7339116302689235e-12,1.4298693946878452e-13
C IV,1993.0,160dcdr2dswp46663mxlo.txt,2448993.55841,5379.203550000209,4.903009044623725e-12,1.8091358422680624e-13
C IV,1993.0,161dcdr2dswp46692mxlo.txt,2448997.23609,5382.881229999941,5.450109721306297e-12,9.457273639504053e-14
C IV,1993.0,162dcdr2dswp46739mxlo.txt,2449003.83271,5389.477850000374,4.263254424763365e-12,7.050607654702201e-14
C IV,1993.0,163dcdr2dswp46863mxlo.txt,2449019.7395,5405.384640000295,5.336749956897319e-12,1.258275550197607e-13
C IV,1993.0,164dcdr2dswp46864mxlo.txt,2449019.78859,5405.433730000164,5.928093871003385e-12,1.319195037883132e-13
C IV,1993.0,165dcdr2dswp46926mxlo.txt,2449031.78126,5417.4264000002295,5.435039061813863e-12,1.1406880478002465e-13
C IV,1993.0,166dcdr2dswp46927mxlo.txt,2449031.83492,5417.480059999973,5.845070721580342e-12,7.43586423389339e-14
C IV,1993.0,167dcdr2dswp47654mxlo.txt,2449119.50971,5505.15485000005,5.216585947612759e-12,1.1041526145326302e-13
C IV,1993.0,168dcdr2dswp47655mxlo.txt,2449119.56345,5505.2085899999365,5.614021362162142e-12,1.1146501500583775e-13
C IV,1993.0,169dcdr2dswp47744mxlo.txt,2449134.66709,5520.312230000272,5.758471720532012e-12,1.192012173986195e-13
C IV,1993.0,170dcdr2dswp47745mxlo.txt,2449134.71817,5520.363309999928,5.497439193374587e-12,5.3524612934335305e-14
C IV,1993.0,171dcdr2dswp49596mxlo.txt,2449336.10162,5721.746760000009,5.7077401155891425e-12,1.4815840223706496e-13
C IV,1993.0,172dcdr2dswp49597mxlo.txt,2449336.1692,5721.814340000041,6.4337290008623274e-12,1.9115120151565482e-13
C IV,1993.0,173dcdr2dswp49693mxlo.txt,2449348.92644,5734.571580000222,6.1550818099669285e-12,1.200848147032652e-13
C IV,1993.0,174dcdr2dswp49694mxlo.txt,2449348.98438,5734.629519999959,5.702998175410588e-12,5.969605887037118e-14
C IV,1994.0,175dcdr2dswp49795mxlo.txt,2449361.19398,5746.839120000135,5.3057387130346204e-12,9.462950767248411e-14
C IV,1994.0,176dcdr2dswp49796mxlo.txt,2449361.24083,5746.885970000178,6.052738237555948e-12,9.557396845631786e-14
C IV,1994.0,179dcdr2dswp49830mxlo.txt,2449366.75045,5752.39559000032,6.272175262129574e-12,1.3745605931240657e-13
C IV,1994.0,180dcdr2dswp49879mxlo.txt,2449376.75838,5762.403520000167,5.715209826135717e-12,1.2312367778432214e-13
C IV,1994.0,181dcdr2dswp49880mxlo.txt,2449376.81093,5762.456070000306,5.293678665204449e-12,6.980361945411539e-14
C IV,1994.0,182dcdr2dswp49969mxlo.txt,2449390.92439,5776.569529999979,5.270122624378899e-12,1.164761507431311e-13
C IV,1994.0,183dcdr2dswp49970mxlo.txt,2449390.97727,5776.622410000302,4.169472833024185e-12,1.1676569029346774e-13
C IV,1994.0,184dcdr2dswp50091mxlo.txt,2449406.93755,5792.582690000068,4.423668805623191e-12,1.7155616207679017e-13
C IV,1994.0,185dcdr2dswp50092mxlo.txt,2449406.98983,5792.634970000014,4.140700188198228e-12,1.1585357931492024e-13
C IV,1994.0,186dcdr2dswp50676mxlo.txt,2449475.51407,5861.159210000187,5.730880974588452e-12,9.296956126630724e-14
C IV,1994.0,187dcdr2dswp50677mxlo.txt,2449475.56226,5861.2074000001885,5.740432141875796e-12,9.280088523398376e-14
C IV,1994.0,188dcdr2dswp50769mxlo.txt,2449487.62498,5873.270120000001,5.514303483767132e-12,9.148801179850858e-14
C IV,1994.0,189dcdr2dswp50770mxlo.txt,2449487.67285,5873.31799000036,6.138144737345232e-12,1.2718554594373816e-13
C IV,1994.0,190dcdr2dswp50934mxlo.txt,2449502.51009,5888.1552300001495,5.052579777901284e-12,1.0329861858107879e-13
C IV,1994.0,191dcdr2dswp50935mxlo.txt,2449502.56256,5888.2077000001445,5.935025826184326e-12,9.490091937984543e-14
C IV,1994.0,192dcdr2dswp51099mxlo.txt,2449518.59228,5904.237420000136,5.041165849740642e-12,1.0971791113212317e-13
C IV,1994.0,193dcdr2dswp51100mxlo.txt,2449518.65385,5904.298990000039,5.728344931318376e-12,1.0588114500317857e-13
C IV,1994.0,194dcdr2dswp51140mxlo.txt,2449523.7483,5909.393440000247,5.513803364005008e-12,1.2084366951052072e-13
C IV,1994.0,195dcdr2dswp51141mxlo.txt,2449523.79645,5909.441589999944,5.489555449854831e-12,1.1433303068782974e-13
C IV,1994.0,196dcdr2dswp51238mxlo.txt,2449531.42692,5917.072060000151,5.535540780504263e-12,1.4335683073580715e-13
C IV,1994.0,197dcdr2dswp51239mxlo.txt,2449531.49236,5917.137500000186,5.367519106654631e-12,8.2100480751735e-14
C IV,1994.0,198dcdr2dswp53223mxlo.txt,2449717.12322,6102.768360000104,5.3484051126047816e-12,1.2504791848327693e-13
C IV,1994.0,199dcdr2dswp53224mxlo.txt,2449717.1715,6102.816640000325,5.404849900072344e-12,1.2037218401254873e-13
C IV,1995.0,200dcdr2dswp53262mxlo.txt,2449721.21616,6106.86129999999,5.950414371925673e-12,1.0622207363148938e-13
C IV,1995.0,201dcdr2dswp53263mxlo.txt,2449721.26541,6106.910550000146,5.644150361680342e-12,1.328441428455793e-13
C IV,1995.0,202dcdr2dswp53264mxlo.txt,2449721.31343,6106.95857000025,5.2546601036969874e-12,1.2752142706783068e-13
C IV,1995.0,203dcdr2dswp53265mxlo.txt,2449721.36698,6107.012120000087,5.738999135703194e-12,1.2669441380810055e-13
C IV,1995.0,204dcdr2dswp53266mxlo.txt,2449721.4166,6107.061740000267,6.065148666823668e-12,9.852687263079544e-14
C IV,1995.0,205dcdr2dswp53281mxlo.txt,2449722.67308,6108.318220000248,5.976400055183217e-12,1.0923761488850066e-13
C IV,1995.0,206dcdr2dswp53282mxlo.txt,2449722.71752,6108.362660000101,6.473223712977821e-12,1.4265799479956257e-13
C IV,1995.0,207dcdr2dswp53283mxlo.txt,2449722.76137,6108.406510000117,6.335401021994745e-12,1.3231005503631475e-13
C IV,1995.0,208dcdr2dswp53291mxlo.txt,2449724.37198,6110.017119999975,5.849950098671772e-12,1.1676819460368276e-13
C IV,1995.0,209dcdr2dswp53292mxlo.txt,2449724.427,6110.072140000295,6.092175575921786e-12,1.4172141789040434e-13
C IV,1995.0,210dcdr2dswp53293mxlo.txt,2449724.47424,6110.119380000047,5.945159600615177e-12,1.148418670986262e-13
C IV,1995.0,211dcdr2dswp53296mxlo.txt,2449725.03383,6110.678970000241,3.689371612950891e-12,1.6617301292106604e-13
C IV,1995.0,212dcdr2dswp53297mxlo.txt,2449725.08252,6110.727660000324,5.9559921340738785e-12,1.1354315772503925e-13
C IV,1995.0,213dcdr2dswp53305mxlo.txt,2449727.02806,6112.6732000000775,2.9789881849466903e-12,1.031940400514486e-13
C IV,1995.0,214dcdr2dswp53306mxlo.txt,2449727.10558,6112.75072000036,5.987148504809822e-12,1.1265478973313127e-13
C IV,1995.0,215dcdr2dswp53307mxlo.txt,2449727.15231,6112.797449999955,5.7941369916987e-12,6.318328640886728e-14
C IV,1995.0,216dcdr2dswp53328mxlo.txt,2449729.51029,6115.155430000275,5.964632543725466e-12,1.4495768141713256e-13
C IV,1995.0,217dcdr2dswp53329mxlo.txt,2449729.56066,6115.2058000001125,6.0921859540818845e-12,9.775093054571875e-14
C IV,1995.0,218dcdr2dswp53330mxlo.txt,2449729.60627,6115.251410000026,5.369757272510845e-12,1.0093259316189084e-13
C IV,1995.0,219dcdr2dswp53331mxlo.txt,2449729.74469,6115.389830000233,5.446857357011447e-12,1.1604924969607385e-13
C IV,1995.0,220dcdr2dswp53332mxlo.txt,2449729.80021,6115.445350000169,6.058450187950462e-12,6.427549907328946e-14
C IV,1995.0,221dcdr2dswp53333mxlo.txt,2449730.37623,6116.021370000206,6.254385305035746e-12,1.2657842221690047e-13
C IV,1995.0,222dcdr2dswp53334mxlo.txt,2449730.42723,6116.072370000184,5.9830553539787164e-12,6.581854958576598e-14
C IV,1995.0,223dcdr2dswp53785mxlo.txt,2449746.88858,6132.533720000181,4.4784490515199185e-12,1.2479611274654184e-13
C IV,1995.0,224dcdr2dswp53786mxlo.txt,2449746.94882,6132.593960000202,6.202906261615828e-12,1.0659050966447451e-13
C IV,1995.0,225dcdr2dswp53914mxlo.txt,2449762.9328,6148.577940000221,5.930700341630771e-12,1.095054055945803e-13
C IV,1995.0,226dcdr2dswp53915mxlo.txt,2449762.98733,6148.63247000007,6.353239812909111e-12,9.023839575926779e-14
C IV,1995.0,227dcdr2dswp54580mxlo.txt,2449840.69494,6226.3400799999945,5.151986207531525e-12,1.5934571002289544e-13
C IV,1995.0,228dcdr2dswp54581mxlo.txt,2449840.74501,6226.390150000341,6.142230499537055e-12,6.1635403121689e-14
C IV,1995.0,229dcdr2dswp54697mxlo.txt,2449854.67649,6240.321630000137,6.104667301258064e-12,1.2294410588217648e-13
C IV,1995.0,230dcdr2dswp54698mxlo.txt,2449855.72563,6241.370769999921,5.839735713610972e-12,6.290023885706251e-14
C IV,1995.0,231dcdr2dswp54802mxlo.txt,2449868.67042,6254.315560000017,5.74433763104081e-12,1.1748965428464084e-13
C IV,1995.0,232dcdr2dswp54803mxlo.txt,2449868.73225,6254.377390000038,6.355752054013795e-12,1.0777473816789193e-13
C IV,1995.0,233dcdr2dswp54998mxlo.txt,2449882.54679,6268.191930000205,4.9687492037468585e-12,1.068088685178233e-13
C IV,1995.0,234dcdr2dswp54999mxlo.txt,2449882.59977,6268.244910000358,5.586747728656112e-12,9.93911931440874e-14
C IV,1995.0,235dcdr2dswp55148mxlo.txt,2449895.51914,6281.164280000143,5.340042446733619e-12,7.117798909975769e-14
C IV,1995.0,236dcdr2dswp55147mxlo.txt,2449896.43318,6282.078320000321,5.964460713460528e-12,1.1517854010840153e-13
C IV,1995.0,237dcdr2dswp56312mxlo.txt,2450070.35794,6456.00308000017,3.94153915789095e-12,7.228249086257563e-14
C IV,1995.0,238dcdr2dswp56322mxlo.txt,2450073.21096,6458.856099999975,5.402221380300142e-12,8.175071398315077e-14
C IV,1995.0,239dcdr2dswp56348mxlo.txt,2450078.03265,6463.677790000103,4.652506333847886e-12,1.0397299046633992e-13
C IV,1995.0,240dcdr2dswp56368mxlo.txt,2450082.89171,6468.536850000266,4.974956943608615e-12,9.685673760905661e-14
C IV,1996.0,241dcdr2dswp56382mxlo.txt,2450087.81387,6473.459010000341,5.450585747318198e-12,1.1374482622530057e-13
C IV,1996.0,242dcdr2dswp56398mxlo.txt,2450092.8189,6478.464039999992,5.738243412087138e-12,1.3583769222354654e-13
C IV,1996.0,243dcdr2dswp56581mxlo.txt,2450098.8145,6484.4596400000155,4.891864035382334e-12,8.717675472812703e-14
C IV,1996.0,244dcdr2dswp56588mxlo.txt,2450100.851,6486.496139999945,4.974544954119084e-12,9.193336908683324e-14
C IV,1996.0,245dcdr2dswp56622mxlo.txt,2450102.85589,6488.501029999927,3.748590025782289e-12,1.1101330435833161e-13
C IV,1996.0,246dcdr2dswp56629mxlo.txt,2450104.84473,6490.489870000165,5.097763822230858e-12,1.0896619718249984e-13
C IV,1996.0,247dcdr2dswp56632mxlo.txt,2450106.81597,6492.461110000033,4.997134654642628e-12,1.1562384121834875e-13
C IV,1996.0,248dcdr2dswp56636mxlo.txt,2450108.81105,6494.456190000288,5.859086403077763e-12,1.5874671838354887e-13
C IV,1996.0,249dcdr2dswp56642mxlo.txt,2450110.84238,6496.487519999966,5.430199228558262e-12,1.0427153640336078e-13
C IV,1996.0,250dcdr2dswp56653mxlo.txt,2450112.97499,6498.62013000017,5.168649465390016e-12,5.6590272866255995e-14
He II,1978.0,2dcdr2dswp01366mxlo.txt,2443614.49306,0.0,8.254903645199612e-13,5.945675103178341e-14
He II,1978.0,3dcdr2dswp01642mxlo.txt,2443654.90736,40.41430000029504,3.8219588938893223e-13,4.9212666261294807e-14
He II,1978.0,4dcdr2dswp02099mxlo.txt,2443714.52825,100.03519000019878,2.4192004543468703e-13,2.9097860388450884e-14
He II,1979.0,5dcdr2dswp05116mxlo.txt,2443997.54954,383.0564800002612,6.311413101357067e-13,6.549016948296908e-14
He II,1982.0,7dcdr2dswp16790mxlo.txt,2445078.43622,1463.9431600002572,2.4742542010196715e-13,2.4734535602679855e-14
He II,1982.0,8dcdr2dswp16801mxlo.txt,2445080.27446,1465.7814000002109,2.789488678408387e-13,6.634634686688077e-14
He II,1982.0,9dcdr2dswp16802mxlo.txt,2445080.32265,1465.8295900002122,3.375684003837493e-13,5.0266340307770106e-14
He II,1982.0,13dcdr2dswp17302mxlo.txt,2445148.35831,1533.8652500002645,4.587829505021249e-13,4.6436274392806514e-14
He II,1982.0,14dcdr2dswp17303mxlo.txt,2445148.4014,1533.9083400000818,7.357476124517113e-13,1.451080924136742e-13
He II,1983.0,15dcdr2dswp19731mxlo.txt,2445439.96013,1825.4670700002462,1.252715029939304e-13,3.449441003001771e-14
He II,1984.0,16dcdr2dswp23063mxlo.txt,2445841.4891,2226.9960400001146,1.606076024651631e-13,1.821229832001454e-14
He II,1984.0,17dcdr2dswp23064mxlo.txt,2445841.53637,2227.0433100000955,1.8789217803578462e-13,2.588289282442108e-14
He II,1985.0,19dcdr2dswp25973mxlo.txt,2446204.65473,2590.1616700002924,8.052017780004856e-14,2.511933874430175e-14
He II,1985.0,20dcdr2dswp25974mxlo.txt,2446204.70719,2590.2141300002113,2.9388505470622006e-13,5.4445924648516415e-14
He II,1985.0,21dcdr2dswp26489mxlo.txt,2446273.85969,2659.3666300000623,3.339436075115657e-13,4.986180114934015e-14
He II,1986.0,22dcdr2dswp28304mxlo.txt,2446564.66188,2950.1688200002536,2.5259531579845976e-13,5.54381585884775e-14
He II,1986.0,23dcdr2dswp28305mxlo.txt,2446564.71157,2950.218510000035,4.438278680962218e-13,2.908104389595638e-14
He II,1986.0,24dcdr2dswp29774mxlo.txt,2446764.17181,3149.6787500004284,3.440146599904977e-13,5.642177462298348e-14
He II,1986.0,25dcdr2dswp29775mxlo.txt,2446764.22277,3149.7297100001015,1.8169172567217782e-13,4.3014554735599496e-14
He II,1986.0,27dcdr2dswp29844mxlo.txt,2446775.13941,3160.6463500000536,5.030185341508288e-13,7.704170358515825e-14
He II,1986.0,28dcdr2dswp29939mxlo.txt,2446787.09865,3172.605590000283,2.9555123302789103e-13,6.859235491236727e-14
He II,1986.0,29dcdr2dswp29940mxlo.txt,2446787.15587,3172.6628100001253,3.889584291599431e-13,3.882114818980519e-14
He II,1987.0,30dcdr2dswp30081mxlo.txt,2446808.00218,3193.5091200000606,2.132585260864464e-13,6.578552589930014e-14
He II,1987.0,31dcdr2dswp30082mxlo.txt,2446808.05385,3193.5607900000177,4.293064361050135e-13,2.610116091096235e-14
He II,1987.0,32dcdr2dswp30141mxlo.txt,2446818.81943,3204.3263700003736,4.562496099374469e-13,6.732340586600824e-14
He II,1987.0,33dcdr2dswp30142mxlo.txt,2446818.87052,3204.377460000105,6.999569762905059e-13,6.953563670517439e-14
He II,1987.0,34dcdr2dswp30238mxlo.txt,2446829.4259,3214.9328400003724,5.660392137667008e-13,6.685985024972295e-14
He II,1987.0,35dcdr2dswp30239mxlo.txt,2446829.47735,3214.9842900000513,2.714896966484166e-13,4.487470162926315e-14
He II,1987.0,37dcdr2dswp30244mxlo.txt,2446829.80409,3215.311030000448,2.901435977045934e-13,5.799979676847342e-14
He II,1987.0,39dcdr2dswp30332mxlo.txt,2446844.886,3230.3929400001653,2.1704585841263723e-13,2.3365504816210878e-14
He II,1987.0,40dcdr2dswp31077mxlo.txt,2446948.40162,3333.90856000036,2.0581404934548854e-13,4.0969176364670736e-14
He II,1987.0,41dcdr2dswp31078mxlo.txt,2446948.45322,3333.9601600002497,2.7615006147326557e-13,4.583096959928624e-14
He II,1987.0,42dcdr2dswp31079mxlo.txt,2446948.51856,3334.0255000004545,4.029407363931119e-13,3.083827842947958e-14
He II,1987.0,43dcdr2dswp31353mxlo.txt,2446994.33255,3379.8394900001585,5.04690449814133e-13,5.5481277928692216e-14
He II,1987.0,44dcdr2dswp31354mxlo.txt,2446994.39286,3379.8998000002466,4.921085148429748e-13,3.5192047349720016e-14
He II,1987.0,45dcdr2dswp32459mxlo.txt,2447133.9083,3519.415240000002,3.747562288394283e-13,4.863599695253634e-14
He II,1987.0,46dcdr2dswp32460mxlo.txt,2447133.96868,3519.4756200001575,2.5976635271978387e-13,3.137793522682413e-14
He II,1987.0,47dcdr2dswp32638mxlo.txt,2447159.10667,3544.6136100003496,5.739798471265115e-13,3.5924753505781163e-14
He II,1987.0,48dcdr2dswp32639mxlo.txt,2447159.15628,3544.6632200004533,3.209248905781297e-13,3.931770851533299e-14
He II,1988.0,49dcdr2dswp32725mxlo.txt,2447174.95447,3560.4614100004546,2.0039923189651995e-13,4.6654976720500847e-14
He II,1988.0,50dcdr2dswp32726mxlo.txt,2447175.01424,3560.521180000156,1.4167468059053242e-13,1.997514163652794e-14
He II,1988.0,51dcdr2dswp32889mxlo.txt,2447200.72588,3586.232820000034,1.1373923721421305e-13,2.0418520177055824e-14
He II,1988.0,53dcdr2dswp33486mxlo.txt,2447289.70429,3675.2112300000153,2.1584422264603056e-13,5.5943340286955144e-14
He II,1988.0,54dcdr2dswp33487mxlo.txt,2447289.75234,3675.2592800003476,2.8079141065027356e-13,5.3128792006677594e-14
He II,1988.0,55dcdr2dswp33704mxlo.txt,2447317.40553,3702.9124700003304,2.5077004419350136e-13,3.1494905373978837e-14
He II,1988.0,56dcdr2dswp33705mxlo.txt,2447317.45902,3702.965960000176,2.9552863331144346e-13,4.923923565448372e-14
He II,1988.0,57dcdr2dswp33797mxlo.txt,2447334.44435,3719.95129000023,2.100283765747749e-13,5.891951888207135e-14
He II,1988.0,58dcdr2dswp33889mxlo.txt,2447352.4837,3737.99064000044,1.820827265327864e-13,4.459339174002852e-14
He II,1988.0,59dcdr2dswp33890mxlo.txt,2447352.53755,3738.044490000233,4.0576222941625933e-13,4.9037208937080305e-14
He II,1988.0,60dcdr2dswp33907mxlo.txt,2447356.04863,3741.555570000317,5.769224668286647e-13,9.03029435633029e-14
He II,1988.0,63dcdr2dswp34997mxlo.txt,2447505.95638,3891.463320000097,4.1024786943602215e-13,3.916303083765317e-14
He II,1988.0,64dcdr2dswp35154mxlo.txt,2447523.1002,3908.607140000444,2.738115520588801e-13,6.554161091934407e-14
He II,1988.0,65dcdr2dswp35155mxlo.txt,2447523.15706,3908.664000000339,2.0469777926976716e-13,5.933707776131097e-14
He II,1989.0,67dcdr2dswp35396mxlo.txt,2447550.10245,3935.609390000347,1.7677821197025886e-13,4.453695939921275e-14
He II,1989.0,68dcdr2dswp35470mxlo.txt,2447560.53772,3946.0446600001305,2.9306907872830497e-13,5.317488087951209e-14
He II,1989.0,69dcdr2dswp35471mxlo.txt,2447560.58336,3946.0903000002727,5.580465123093369e-13,4.659710722757927e-14
He II,1989.0,70dcdr2dswp35476mxlo.txt,2447561.71625,3947.2231900002807,2.1456568686691797e-13,3.7171987309091584e-14
He II,1989.0,71dcdr2dswp35477mxlo.txt,2447561.77113,3947.2780700000003,2.2621838510384166e-13,5.840912759108017e-14
He II,1989.0,72dcdr2dswp36169mxlo.txt,2447646.58108,4032.088020000141,2.4989141209740757e-13,6.51347035915898e-14
He II,1989.0,73dcdr2dswp36170mxlo.txt,2447646.63447,4032.1414100001566,5.440347006542584e-13,4.5718814491904995e-14
He II,1989.0,74dcdr2dswp36265mxlo.txt,2447661.63694,4047.143880000338,4.67818263168698e-13,5.584786273359684e-14
He II,1989.0,75dcdr2dswp36266mxlo.txt,2447661.7028,4047.2097400003113,1.3456420309869838e-13,1.6734730034629986e-14
He II,1989.0,76dcdr2dswp36370mxlo.txt,2447677.64375,4063.1506900000386,2.699402251734137e-13,4.6579972902170116e-14
He II,1989.0,77dcdr2dswp36371mxlo.txt,2447677.70013,4063.207070000004,9.047969986964779e-14,2.599909191926174e-14
He II,1989.0,78dcdr2dswp36489mxlo.txt,2447691.61709,4077.1240300000645,2.5823751587580324e-13,4.3001915389812324e-14
He II,1989.0,79dcdr2dswp36490mxlo.txt,2447691.66907,4077.176010000054,3.3963578711612357e-13,4.5403922640740534e-14
He II,1989.0,80dcdr2dswp36560mxlo.txt,2447698.27637,4083.783310000319,2.9654119022417106e-13,4.4386866711637825e-14
He II,1989.0,81dcdr2dswp36617mxlo.txt,2447713.48961,4098.996550000273,5.127249732627253e-13,3.9758632431126135e-14
He II,1989.0,82dcdr2dswp36618mxlo.txt,2447713.54337,4099.050310000312,4.211159902061075e-13,5.165800703426541e-14
He II,1989.0,83dcdr2dswp37871mxlo.txt,2447882.91005,4268.416990000289,2.0401561924456658e-13,3.4164805007428996e-14
He II,1989.0,84dcdr2dswp37872mxlo.txt,2447882.96255,4268.469490000047,5.572080513678428e-13,3.803282235758679e-14
He II,1990.0,85dcdr2dswp37954mxlo.txt,2447897.06407,4282.571010000072,5.119745791403655e-13,4.313413530868439e-14
He II,1990.0,86dcdr2dswp38038mxlo.txt,2447909.00799,4294.514930000063,2.623177438931351e-13,5.709230950222578e-14
He II,1990.0,87dcdr2dswp38039mxlo.txt,2447909.07103,4294.57797000045,3.755110021964328e-13,2.1104041093387368e-14
He II,1990.0,88dcdr2dswp38139mxlo.txt,2447927.8635,4313.3704400002025,2.7112650647062804e-13,4.058448387711157e-14
He II,1990.0,89dcdr2dswp38140mxlo.txt,2447927.92734,4313.434280000161,3.559301952188745e-13,7.470036878364639e-14
He II,1990.0,90dcdr2dswp38708mxlo.txt,2448012.51153,4398.01847000001,5.359059986804906e-13,4.6432216625776815e-14
He II,1990.0,91dcdr2dswp38709mxlo.txt,2448012.58617,4398.093110000249,1.7166005237496355e-13,2.459199305508331e-14
He II,1990.0,94dcdr2dswp38947mxlo.txt,2448043.57403,4429.08097000001,5.297838132456831e-13,4.575644891974546e-14
He II,1990.0,96dcdr2dswp39068mxlo.txt,2448054.47637,4439.98331000004,2.5630250208819717e-13,3.7557634536301946e-14
He II,1990.0,97dcdr2dswp40331mxlo.txt,2448240.06455,4625.571490000002,2.373196562860921e-13,4.365644555659158e-14
He II,1990.0,98dcdr2dswp40332mxlo.txt,2448240.1203,4625.627240000293,4.232209338955559e-13,6.725665145508281e-14
He II,1990.0,100dcdr2dswp40334mxlo.txt,2448240.22823,4625.735170000233,3.668470815596794e-13,4.8694968751589184e-14
He II,1990.0,104dcdr2dswp40413mxlo.txt,2448246.28572,4631.792660000268,3.277242345122805e-13,5.6811499779000284e-14
He II,1990.0,106dcdr2dswp40470mxlo.txt,2448253.09882,4638.60576000018,2.2117269987362622e-13,2.9141926188478677e-14
He II,1991.0,107dcdr2dswp40546mxlo.txt,2448264.36171,4649.868650000077,1.4483489113585402e-13,4.026081556354898e-14
He II,1991.0,108dcdr2dswp40580mxlo.txt,2448269.82462,4655.331560000312,2.0081925196779133e-13,6.057254690471574e-14
He II,1991.0,110dcdr2dswp40584mxlo.txt,2448270.23464,4655.741580000147,2.671620514919184e-13,5.635253828098308e-14
He II,1991.0,112dcdr2dswp40595mxlo.txt,2448271.74441,4657.251350000035,1.911148554853085e-13,5.20035353039404e-14
He II,1991.0,113dcdr2dswp40619mxlo.txt,2448273.52138,4659.028320000041,3.703059067368478e-13,4.9388457355204324e-14
He II,1991.0,114dcdr2dswp40620mxlo.txt,2448273.57358,4659.080520000309,3.949230233707148e-13,7.538999984561055e-14
He II,1991.0,115dcdr2dswp40660mxlo.txt,2448279.61078,4665.117720000446,1.8282250501870372e-13,5.070016442560519e-14
He II,1991.0,116dcdr2dswp40661mxlo.txt,2448279.66219,4665.169130000286,4.0236414819922385e-13,6.464600555425823e-14
He II,1991.0,117dcdr2dswp40666mxlo.txt,2448280.81833,4666.3252700003795,2.3117171275415103e-13,2.7826564790962093e-14
He II,1991.0,118dcdr2dswp40667mxlo.txt,2448280.87456,4666.381500000134,5.006831533990436e-13,4.4452538619428306e-14
He II,1991.0,119dcdr2dswp40840mxlo.txt,2448295.86608,4681.37302000029,2.178593301750713e-13,5.2483162647094503e-14
He II,1991.0,122dcdr2dswp41583mxlo.txt,2448382.724,4768.230940000154,6.11183510166051e-13,7.255477526407332e-14
He II,1991.0,123dcdr2dswp41629mxlo.txt,2448391.52225,4777.029190000147,2.661628353350143e-13,5.521213102848918e-14
He II,1991.0,124dcdr2dswp41630mxlo.txt,2448391.58102,4777.08796000015,6.045432496877486e-13,3.190693859308549e-14
He II,1991.0,125dcdr2dswp41703mxlo.txt,2448403.66852,4789.175460000057,2.0890112153875062e-13,3.899079530371555e-14
He II,1991.0,126dcdr2dswp41704mxlo.txt,2448403.71866,4789.225600000005,3.6879936063872895e-13,5.721692821240358e-14
He II,1991.0,127dcdr2dswp41851mxlo.txt,2448424.53422,4810.0411600000225,1.4316658970486104e-13,2.978970574284901e-14
He II,1991.0,128dcdr2dswp41852mxlo.txt,2448424.58747,4810.094410000369,3.4221442524894657e-13,9.924586035124241e-14
He II,1991.0,129dcdr2dswp43342mxlo.txt,2448598.08271,4983.5896500004455,1.7620928451760667e-13,2.541287612298757e-14
He II,1991.0,131dcdr2dswp43424mxlo.txt,2448609.90858,4995.4155200002715,1.0677675833881903e-13,2.5119714824990428e-14
He II,1992.0,133dcdr2dswp43550mxlo.txt,2448626.96262,5012.469560000114,2.0003129733926484e-13,3.407991073870763e-14
He II,1992.0,135dcdr2dswp43677mxlo.txt,2448639.97214,5025.479080000427,2.0883513066912932e-13,5.451928300882039e-14
He II,1992.0,137dcdr2dswp43909mxlo.txt,2448653.80265,5039.309590000194,4.733717719517374e-13,4.511918566938847e-14
He II,1992.0,138dcdr2dswp43994mxlo.txt,2448667.8785,5053.385440000333,4.050632322396198e-13,4.2930024215296393e-14
He II,1992.0,139dcdr2dswp44480mxlo.txt,2448738.57667,5124.083610000089,2.0269398984430624e-13,4.5305215370383374e-14
He II,1992.0,140dcdr2dswp44481mxlo.txt,2448738.63397,5124.140910000075,1.7017295090140943e-13,4.6375905964968024e-14
He II,1992.0,141dcdr2dswp44608mxlo.txt,2448748.7259,5134.232840000186,1.6665571357267498e-13,5.016337298131073e-14
He II,1992.0,142dcdr2dswp44732mxlo.txt,2448763.66191,5149.168850000016,2.3904251494267525e-13,5.379132271258226e-14
He II,1992.0,143dcdr2dswp44733mxlo.txt,2448763.71507,5149.222010000143,3.2508961989126864e-13,4.076682899592537e-14
He II,1992.0,144dcdr2dswp44871mxlo.txt,2448779.41814,5164.925080000423,1.6296760893326215e-13,4.5837459033864524e-14
He II,1992.0,145dcdr2dswp44872mxlo.txt,2448779.47145,5164.978390000295,2.0037854161128635e-13,3.596295675079978e-14
He II,1992.0,146dcdr2dswp44967mxlo.txt,2448794.6169,5180.123840000015,3.5450074789542153e-13,4.7046360042383443e-14
He II,1992.0,147dcdr2dswp44968mxlo.txt,2448794.67178,5180.1787200002,7.591678543980942e-13,6.008527897326291e-14
He II,1992.0,148dcdr2dswp45079mxlo.txt,2448809.31051,5194.817450000439,3.8575181635915514e-13,6.617548196851013e-14
He II,1992.0,149dcdr2dswp45080mxlo.txt,2448809.36508,5194.872020000126,8.758196072579091e-13,8.381104814777808e-14
He II,1992.0,150dcdr2dswp46514mxlo.txt,2448973.97646,5359.483400000259,3.01823769459615e-13,4.7839284965008116e-14
He II,1992.0,151dcdr2dswp46515mxlo.txt,2448974.03314,5359.540080000181,2.7700975548985147e-13,4.071373828601557e-14
He II,1992.0,152dcdr2dswp46516mxlo.txt,2448974.12174,5359.628680000082,4.671998165014378e-13,7.881775324786029e-14
He II,1992.0,153dcdr2dswp46607mxlo.txt,2448985.45715,5370.964090000372,4.136112702657587e-13,3.500995318578985e-14
He II,1992.0,154dcdr2dswp46608mxlo.txt,2448985.52169,5371.0286300000735,1.766649893221415e-13,4.707666671919316e-14
He II,1992.0,155dcdr2dswp46633mxlo.txt,2448987.9867,5373.493640000001,3.109735144496803e-13,3.339796399063297e-14
He II,1993.0,156dcdr2dswp46647mxlo.txt,2448989.88841,5375.395350000355,2.1012172300033308e-13,5.3017265545406507e-14
He II,1993.0,157dcdr2dswp46650mxlo.txt,2448990.61029,5376.11723000044,1.735137330023824e-13,4.125073929395157e-14
He II,1993.0,158dcdr2dswp46654mxlo.txt,2448991.54194,5377.048880000133,1.885786606317972e-13,6.261047809657558e-14
He II,1993.0,159dcdr2dswp46658mxlo.txt,2448992.56383,5378.070770000108,3.823692486445574e-13,8.796845240705058e-14
He II,1993.0,160dcdr2dswp46663mxlo.txt,2448993.55841,5379.065350000281,2.34503957126568e-13,6.082033511122572e-14
He II,1993.0,161dcdr2dswp46692mxlo.txt,2448997.23609,5382.743030000012,1.1022100606771432e-13,1.9935418168260954e-14
He II,1993.0,162dcdr2dswp46739mxlo.txt,2449003.83271,5389.3396500004455,1.6025551615141244e-13,4.32856572789102e-14
He II,1993.0,163dcdr2dswp46863mxlo.txt,2449019.7395,5405.246440000366,4.3429379289751044e-13,8.632761512481061e-14
He II,1993.0,164dcdr2dswp46864mxlo.txt,2449019.78859,5405.295530000236,2.231082847539673e-13,3.8625882273540856e-14
He II,1993.0,165dcdr2dswp46926mxlo.txt,2449031.78126,5417.288200000301,3.7009032049270913e-13,5.457623314239466e-14
He II,1993.0,166dcdr2dswp46927mxlo.txt,2449031.83492,5417.341860000044,1.0666583806964534e-13,3.0865772107959606e-14
He II,1993.0,167dcdr2dswp47654mxlo.txt,2449119.50971,5505.016650000121,5.429607094698175e-13,7.890524793320499e-14
He II,1993.0,168dcdr2dswp47655mxlo.txt,2449119.56345,5505.070390000008,2.4201057288138444e-13,6.85163778634312e-14
He II,1993.0,170dcdr2dswp47745mxlo.txt,2449134.71817,5520.225109999999,1.192767752657826e-13,1.5452575517280077e-14
He II,1993.0,171dcdr2dswp49596mxlo.txt,2449336.10162,5721.608560000081,4.21367639554624e-13,8.426491828914252e-14
He II,1993.0,172dcdr2dswp49597mxlo.txt,2449336.1692,5721.676140000112,1.6298466623599544e-13,4.123848943650349e-14
He II,1993.0,174dcdr2dswp49694mxlo.txt,2449348.98438,5734.49132000003,1.2229584666530426e-13,2.659745058300054e-14
He II,1994.0,175dcdr2dswp49795mxlo.txt,2449361.19398,5746.700920000207,1.6107684659307437e-13,4.841801865280225e-14
He II,1994.0,179dcdr2dswp49830mxlo.txt,2449366.75045,5752.257390000392,1.6292824719875454e-13,3.9313275162854284e-14
He II,1994.0,180dcdr2dswp49879mxlo.txt,2449376.75838,5762.265320000239,4.939865162322235e-13,7.535058985851445e-14
He II,1994.0,181dcdr2dswp49880mxlo.txt,2449376.81093,5762.317870000377,7.720260871530275e-13,4.3384682062840865e-14
He II,1994.0,182dcdr2dswp49969mxlo.txt,2449390.92439,5776.43133000005,5.998476783980841e-13,7.279348623528456e-14
He II,1994.0,183dcdr2dswp49970mxlo.txt,2449390.97727,5776.484210000373,5.300553307554712e-13,9.92350915326698e-14
He II,1994.0,184dcdr2dswp50091mxlo.txt,2449406.93755,5792.44449000014,4.31117922732565e-13,7.474417477920093e-14
He II,1994.0,185dcdr2dswp50092mxlo.txt,2449406.98983,5792.496770000085,3.195799691909204e-13,4.789810437089035e-14
He II,1994.0,186dcdr2dswp50676mxlo.txt,2449475.51407,5861.021010000259,3.30205136758256e-13,4.303045067327115e-14
He II,1994.0,187dcdr2dswp50677mxlo.txt,2449475.56226,5861.06920000026,1.353651446672064e-13,1.8296013238419568e-14
He II,1994.0,190dcdr2dswp50934mxlo.txt,2449502.51009,5888.017030000221,4.830907416397471e-13,8.427514735151906e-14
He II,1994.0,191dcdr2dswp50935mxlo.txt,2449502.56256,5888.069500000216,3.065751864408299e-13,4.302526077281581e-14
He II,1994.0,193dcdr2dswp51100mxlo.txt,2449518.65385,5904.160790000111,4.61211204226422e-13,8.079106256559542e-14
He II,1994.0,195dcdr2dswp51141mxlo.txt,2449523.79645,5909.3033900000155,2.7235795095786893e-13,5.256332631944066e-14
He II,1994.0,196dcdr2dswp51238mxlo.txt,2449531.42692,5916.933860000223,2.4846921895772377e-13,5.218953309618548e-14
He II,1994.0,198dcdr2dswp53223mxlo.txt,2449717.12322,6102.630160000175,3.8700468890320336e-13,6.35734221300839e-14
He II,1994.0,199dcdr2dswp53224mxlo.txt,2449717.1715,6102.678440000396,1.686316361354167e-13,3.523489130179906e-14
He II,1995.0,200dcdr2dswp53262mxlo.txt,2449721.21616,6106.723100000061,1.442193514771177e-13,4.399347379309836e-14
He II,1995.0,201dcdr2dswp53263mxlo.txt,2449721.26541,6106.772350000218,4.589583251404912e-13,7.228729619194547e-14
He II,1995.0,202dcdr2dswp53264mxlo.txt,2449721.31343,6106.820370000321,3.0913923461798223e-13,4.3087646544522874e-14
He II,1995.0,203dcdr2dswp53265mxlo.txt,2449721.36698,6106.873920000158,2.7333993929625015e-13,5.79457940114122e-14
He II,1995.0,204dcdr2dswp53266mxlo.txt,2449721.4166,6106.923540000338,9.420897331590745e-14,2.0996360016920222e-14
He II,1995.0,205dcdr2dswp53281mxlo.txt,2449722.67308,6108.18002000032,3.0348030358026575e-13,4.763630410154118e-14
He II,1995.0,206dcdr2dswp53282mxlo.txt,2449722.71752,6108.224460000172,1.8730309477312953e-13,3.1320139428867645e-14
He II,1995.0,207dcdr2dswp53283mxlo.txt,2449722.76137,6108.268310000189,2.475267734196343e-13,2.7932600052755508e-14
He II,1995.0,209dcdr2dswp53292mxlo.txt,2449724.427,6109.933940000366,6.645651623655281e-13,6.128123010355843e-14
He II,1995.0,210dcdr2dswp53293mxlo.txt,2449724.47424,6109.981180000119,3.173630625399085e-13,3.416629439111607e-14
He II,1995.0,212dcdr2dswp53297mxlo.txt,2449725.08252,6110.589460000396,5.633150712421304e-13,7.038608384385703e-14
He II,1995.0,213dcdr2dswp53305mxlo.txt,2449727.02806,6112.535000000149,9.026030255354278e-14,1.563803773506833e-14
He II,1995.0,214dcdr2dswp53306mxlo.txt,2449727.10558,6112.612520000432,1.159335076968617e-13,3.274852669930944e-14
He II,1995.0,215dcdr2dswp53307mxlo.txt,2449727.15231,6112.659250000026,3.740902727182196e-13,5.433466701598018e-14
He II,1995.0,216dcdr2dswp53328mxlo.txt,2449729.51029,6115.017230000347,1.2324923329103995e-13,3.61274572625236e-14
He II,1995.0,217dcdr2dswp53329mxlo.txt,2449729.56066,6115.067600000184,3.33958515332834e-13,9.500577071639992e-14
He II,1995.0,219dcdr2dswp53331mxlo.txt,2449729.74469,6115.251630000304,5.375799482859966e-13,1.1550366106762146e-13
He II,1995.0,220dcdr2dswp53332mxlo.txt,2449729.80021,6115.307150000241,4.95512814125712e-13,4.38237047137801e-14
He II,1995.0,221dcdr2dswp53333mxlo.txt,2449730.37623,6115.8831700002775,1.5489513696601036e-13,4.318720603023157e-14
He II,1995.0,223dcdr2dswp53785mxlo.txt,2449746.88858,6132.395520000253,3.646660741714897e-13,8.47163558301421e-14
He II,1995.0,224dcdr2dswp53786mxlo.txt,2449746.94882,6132.455760000274,3.095036487128385e-13,4.669955423037514e-14
He II,1995.0,225dcdr2dswp53914mxlo.txt,2449762.9328,6148.439740000293,6.56848750832732e-13,8.268652537198636e-14
He II,1995.0,226dcdr2dswp53915mxlo.txt,2449762.98733,6148.494270000141,2.5672006927596083e-13,6.194683026919258e-14
He II,1995.0,227dcdr2dswp54580mxlo.txt,2449840.69494,6226.201880000066,3.163786568773334e-13,6.256034462203211e-14
He II,1995.0,228dcdr2dswp54581mxlo.txt,2449840.74501,6226.251950000413,3.538309969814876e-13,4.4779521046638495e-14
He II,1995.0,229dcdr2dswp54697mxlo.txt,2449854.67649,6240.183430000208,2.2065090101019514e-13,2.7577385312224146e-14
He II,1995.0,230dcdr2dswp54698mxlo.txt,2449855.72563,6241.232569999993,2.345505030868137e-13,5.101412752290057e-14
He II,1995.0,231dcdr2dswp54802mxlo.txt,2449868.67042,6254.177360000089,4.887346092486977e-13,5.974590108870281e-14
He II,1995.0,232dcdr2dswp54803mxlo.txt,2449868.73225,6254.239190000109,4.0453018708562543e-13,9.366662622632325e-14
He II,1995.0,233dcdr2dswp54998mxlo.txt,2449882.54679,6268.053730000276,4.016375427922392e-13,4.416571989262779e-14
He II,1995.0,234dcdr2dswp54999mxlo.txt,2449882.59977,6268.106710000429,5.206176796784024e-13,5.81182332581463e-14
He II,1995.0,235dcdr2dswp55148mxlo.txt,2449895.51914,6281.026080000214,3.165032562744254e-13,3.67561029566717e-14
He II,1995.0,236dcdr2dswp55147mxlo.txt,2449896.43318,6281.940120000392,4.366113781653301e-13,6.892672385981644e-14
He II,1995.0,237dcdr2dswp56312mxlo.txt,2450070.35794,6455.864880000241,2.785907455921449e-13,5.903977426398611e-14
He II,1995.0,238dcdr2dswp56322mxlo.txt,2450073.21096,6458.717900000047,3.661794680904117e-13,5.81968058511447e-14
He II,1995.0,240dcdr2dswp56368mxlo.txt,2450082.89171,6468.3986500003375,2.0995972453295124e-13,4.028934465786495e-14
He II,1996.0,243dcdr2dswp56581mxlo.txt,2450098.8145,6484.321440000087,2.8131599531253566e-13,5.385496770192679e-14
He II,1996.0,245dcdr2dswp56622mxlo.txt,2450102.85589,6488.362829999998,2.8214091585225714e-13,5.560016230336415e-14
He II,1996.0,247dcdr2dswp56632mxlo.txt,2450106.81597,6492.3229100001045,5.896656948026538e-13,7.978748354393203e-14
He II,1996.0,248dcdr2dswp56636mxlo.txt,2450108.81105,6494.31799000036,2.1086140852014133e-13,6.004912069157123e-14
He II,1996.0,249dcdr2dswp56642mxlo.txt,2450110.84238,6496.349320000038,7.482070063368961e-13,4.850495245817906e-14
He II,1996.0,250dcdr2dswp56653mxlo.txt,2450112.97499,6498.481930000242,3.469161756378147e-13,6.958885504767057e-14
Lyman Alpha (Lya),1978.0,1dcdr2dswp01365mxlo.txt,2443614.35486,0.0,8.733916673728837e-12,4.4322905734632565e-13
Lyman Alpha (Lya),1978.0,2dcdr2dswp01366mxlo.txt,2443614.49306,0.13819999992847443,1.1528448952929133e-11,2.5941178119272564e-13
Lyman Alpha (Lya),1978.0,3dcdr2dswp01642mxlo.txt,2443654.90736,40.55250000022352,8.73590430941119e-12,1.1208523318989759e-13
Lyman Alpha (Lya),1978.0,4dcdr2dswp02099mxlo.txt,2443714.52825,100.17339000012726,1.0589123237638463e-11,1.858824909600623e-13
Lyman Alpha (Lya),1979.0,5dcdr2dswp05116mxlo.txt,2443997.54954,383.1946800001897,1.204923774161646e-11,2.0740208788778865e-13
Lyman Alpha (Lya),1982.0,6dcdr2dswp16431mxlo.txt,2445026.89626,1412.5413999999873,3.5062068561827706e-14,9.049995449069247e-15
Lyman Alpha (Lya),1982.0,7dcdr2dswp16790mxlo.txt,2445078.43622,1464.0813600001857,1.0570736326323233e-11,1.7544147609399228e-13
Lyman Alpha (Lya),1982.0,8dcdr2dswp16801mxlo.txt,2445080.27446,1465.9196000001393,1.1264244333453705e-11,2.074005145995789e-13
Lyman Alpha (Lya),1982.0,9dcdr2dswp16802mxlo.txt,2445080.32265,1465.9677900001407,1.0759034740370689e-11,2.441186061642049e-13
Lyman Alpha (Lya),1982.0,10dcdr2dswp16803mxlo.txt,2445080.37093,1466.0160700003617,9.939983154277416e-12,1.155144312444443e-13
Lyman Alpha (Lya),1982.0,11dcdr2dswp17300mxlo.txt,2445148.27606,1533.9212000002153,9.72695857212095e-12,5.266323000961516e-13
Lyman Alpha (Lya),1982.0,12dcdr2dswp17301mxlo.txt,2445148.31179,1533.956930000335,1.1451542935151693e-11,1.7834553802570104e-13
Lyman Alpha (Lya),1982.0,13dcdr2dswp17302mxlo.txt,2445148.35831,1534.003450000193,1.1395990820845775e-11,3.0856020372746357e-13
Lyman Alpha (Lya),1982.0,14dcdr2dswp17303mxlo.txt,2445148.4014,1534.0465400000103,1.1138190655923691e-11,1.7795484575019313e-13
Lyman Alpha (Lya),1983.0,15dcdr2dswp19731mxlo.txt,2445439.96013,1825.6052700001746,1.1431483309343386e-11,1.6328140716905523e-13
Lyman Alpha (Lya),1984.0,16dcdr2dswp23063mxlo.txt,2445841.4891,2227.134240000043,9.861051549561205e-12,1.0078664768798229e-13
Lyman Alpha (Lya),1984.0,17dcdr2dswp23064mxlo.txt,2445841.53637,2227.181510000024,1.0670157852341357e-11,1.1236453338376761e-13
Lyman Alpha (Lya),1984.0,18dcdr2dswp23444mxlo.txt,2445893.58914,2279.234279999975,1.0124867037298895e-11,1.3942973104173745e-13
Lyman Alpha (Lya),1985.0,19dcdr2dswp25973mxlo.txt,2446204.65473,2590.299870000221,9.775974972555849e-12,1.0431727575716851e-13
Lyman Alpha (Lya),1985.0,20dcdr2dswp25974mxlo.txt,2446204.70719,2590.35233000014,1.0872678878228161e-11,1.4674877023740496e-13
Lyman Alpha (Lya),1985.0,21dcdr2dswp26489mxlo.txt,2446273.85969,2659.5048299999908,1.0007122526057387e-11,1.7252873804459668e-13
Lyman Alpha (Lya),1986.0,22dcdr2dswp28304mxlo.txt,2446564.66188,2950.307020000182,1.0150091600670171e-11,1.1337110390577991e-13
Lyman Alpha (Lya),1986.0,23dcdr2dswp28305mxlo.txt,2446564.71157,2950.3567099999636,1.0544437230626492e-11,1.2593830369303957e-13
Lyman Alpha (Lya),1986.0,24dcdr2dswp29774mxlo.txt,2446764.17181,3149.816950000357,1.1332586769699478e-11,1.3866211609799686e-13
Lyman Alpha (Lya),1986.0,25dcdr2dswp29775mxlo.txt,2446764.22277,3149.86791000003,1.2061592065286168e-11,1.9674963472498508e-13
Lyman Alpha (Lya),1986.0,26dcdr2dswp29843mxlo.txt,2446775.08101,3160.7261500000022,1.2027914630935384e-11,1.9381497513897579e-13
Lyman Alpha (Lya),1986.0,27dcdr2dswp29844mxlo.txt,2446775.13941,3160.784549999982,1.1776663795586664e-11,1.067721345106645e-13
Lyman Alpha (Lya),1986.0,28dcdr2dswp29939mxlo.txt,2446787.09865,3172.7437900002114,1.052577244458776e-11,1.4709724184003093e-13
Lyman Alpha (Lya),1986.0,29dcdr2dswp29940mxlo.txt,2446787.15587,3172.801010000054,1.0245748253983868e-11,2.0836823471874402e-13
Lyman Alpha (Lya),1987.0,30dcdr2dswp30081mxlo.txt,2446808.00218,3193.647319999989,1.1665955700611787e-11,1.5271284242430326e-13
Lyman Alpha (Lya),1987.0,31dcdr2dswp30082mxlo.txt,2446808.05385,3193.698989999946,1.1450359196137535e-11,1.3850881006818351e-13
Lyman Alpha (Lya),1987.0,32dcdr2dswp30141mxlo.txt,2446818.81943,3204.464570000302,1.0446806881155926e-11,1.3771535088066726e-13
Lyman Alpha (Lya),1987.0,33dcdr2dswp30142mxlo.txt,2446818.87052,3204.5156600000337,1.0925975857686802e-11,1.9630522836642087e-13
Lyman Alpha (Lya),1987.0,34dcdr2dswp30238mxlo.txt,2446829.4259,3215.071040000301,1.1159337024793607e-11,2.0678124836258342e-13
Lyman Alpha (Lya),1987.0,35dcdr2dswp30239mxlo.txt,2446829.47735,3215.1224899999797,1.0648642830664216e-11,1.8496657082691507e-13
Lyman Alpha (Lya),1987.0,36dcdr2dswp30243mxlo.txt,2446829.75275,3215.3978900001384,1.0971745658072061e-11,1.6875669655646982e-13
Lyman Alpha (Lya),1987.0,37dcdr2dswp30244mxlo.txt,2446829.80409,3215.4492300003767,1.146700257429295e-11,1.8403977790623937e-13
Lyman Alpha (Lya),1987.0,38dcdr2dswp30331mxlo.txt,2446844.83417,3230.4793100003153,1.1145740838050782e-11,1.542927210016136e-13
Lyman Alpha (Lya),1987.0,39dcdr2dswp30332mxlo.txt,2446844.886,3230.5311400000937,1.1353584814678767e-11,1.676336344644723e-13
Lyman Alpha (Lya),1987.0,40dcdr2dswp31077mxlo.txt,2446948.40162,3334.0467600002885,1.0364127501980905e-11,1.4445655271302326e-13
Lyman Alpha (Lya),1987.0,41dcdr2dswp31078mxlo.txt,2446948.45322,3334.098360000178,1.0252490294525111e-11,1.0745730110851942e-13
Lyman Alpha (Lya),1987.0,42dcdr2dswp31079mxlo.txt,2446948.51856,3334.163700000383,1.0551524382312405e-11,9.88278876503629e-14
Lyman Alpha (Lya),1987.0,43dcdr2dswp31353mxlo.txt,2446994.33255,3379.977690000087,1.1097324287575665e-11,1.5342787801536827e-13
Lyman Alpha (Lya),1987.0,44dcdr2dswp31354mxlo.txt,2446994.39286,3380.038000000175,1.0963015732051557e-11,1.6582949595188428e-13
Lyman Alpha (Lya),1987.0,45dcdr2dswp32459mxlo.txt,2447133.9083,3519.5534399999306,1.060821840477326e-11,1.2250321167059414e-13
Lyman Alpha (Lya),1987.0,46dcdr2dswp32460mxlo.txt,2447133.96868,3519.613820000086,1.0252342648460362e-11,1.4161062650350696e-13
Lyman Alpha (Lya),1987.0,47dcdr2dswp32638mxlo.txt,2447159.10667,3544.751810000278,1.068317180685932e-11,1.8286595700333785e-13
Lyman Alpha (Lya),1987.0,48dcdr2dswp32639mxlo.txt,2447159.15628,3544.8014200003818,1.0576331869379272e-11,2.0246307288134414e-13
Lyman Alpha (Lya),1988.0,49dcdr2dswp32725mxlo.txt,2447174.95447,3560.599610000383,9.106159903406273e-12,8.75746646150578e-14
Lyman Alpha (Lya),1988.0,50dcdr2dswp32726mxlo.txt,2447175.01424,3560.6593800000846,1.0915400049210813e-11,1.2229608784386157e-13
Lyman Alpha (Lya),1988.0,51dcdr2dswp32889mxlo.txt,2447200.72588,3586.3710199999623,9.163449427972518e-12,1.4125971963264204e-13
Lyman Alpha (Lya),1988.0,52dcdr2dswp32890mxlo.txt,2447200.7777,3586.4228400001302,1.0819928862325554e-11,1.494209471295294e-13
Lyman Alpha (Lya),1988.0,53dcdr2dswp33486mxlo.txt,2447289.70429,3675.349429999944,9.526805882616195e-12,1.7879928613796424e-13
Lyman Alpha (Lya),1988.0,54dcdr2dswp33487mxlo.txt,2447289.75234,3675.397480000276,9.510622371997802e-12,1.8074338085219878e-13
Lyman Alpha (Lya),1988.0,55dcdr2dswp33704mxlo.txt,2447317.40553,3703.050670000259,1.0587714558870455e-11,1.4811950355457919e-13
Lyman Alpha (Lya),1988.0,56dcdr2dswp33705mxlo.txt,2447317.45902,3703.1041600001045,1.045630487136907e-11,1.2575034436562151e-13
Lyman Alpha (Lya),1988.0,57dcdr2dswp33797mxlo.txt,2447334.44435,3720.0894900001585,8.829338401819782e-12,1.831883944607702e-13
Lyman Alpha (Lya),1988.0,58dcdr2dswp33889mxlo.txt,2447352.4837,3738.1288400003687,1.0001295410394152e-11,1.7468946081594214e-13
Lyman Alpha (Lya),1988.0,59dcdr2dswp33890mxlo.txt,2447352.53755,3738.1826900001615,1.143758589913917e-11,1.5250219316237735e-13
Lyman Alpha (Lya),1988.0,60dcdr2dswp33907mxlo.txt,2447356.04863,3741.6937700002454,9.767287666303415e-12,2.4268302803143813e-13
Lyman Alpha (Lya),1988.0,61dcdr2dswp33908mxlo.txt,2447356.09922,3741.7443600003608,8.921591945844233e-12,2.1508432721833377e-13
Lyman Alpha (Lya),1988.0,62dcdr2dswp34996mxlo.txt,2447505.90225,3891.5473899999633,1.117648972731158e-11,1.616432603176396e-13
Lyman Alpha (Lya),1988.0,63dcdr2dswp34997mxlo.txt,2447505.95638,3891.6015200000256,1.1157872905401215e-11,1.6185014455213153e-13
Lyman Alpha (Lya),1988.0,64dcdr2dswp35154mxlo.txt,2447523.1002,3908.7453400003724,1.0993085535081568e-11,1.444450752713206e-13
Lyman Alpha (Lya),1988.0,65dcdr2dswp35155mxlo.txt,2447523.15706,3908.8022000002675,1.0385894354032215e-11,1.4735384553180103e-13
Lyman Alpha (Lya),1989.0,66dcdr2dswp35395mxlo.txt,2447550.05735,3935.7024900000542,1.0685346395987996e-11,1.0511395545751408e-13
Lyman Alpha (Lya),1989.0,67dcdr2dswp35396mxlo.txt,2447550.10245,3935.7475900002755,9.406942099689463e-12,1.5688013419034365e-13
Lyman Alpha (Lya),1989.0,68dcdr2dswp35470mxlo.txt,2447560.53772,3946.182860000059,1.0756796834035262e-11,1.3937327696175872e-13
Lyman Alpha (Lya),1989.0,69dcdr2dswp35471mxlo.txt,2447560.58336,3946.228500000201,1.1302192792724879e-11,1.7072148927311155e-13
Lyman Alpha (Lya),1989.0,70dcdr2dswp35476mxlo.txt,2447561.71625,3947.361390000209,1.0301078321265752e-11,1.1962095724343967e-13
Lyman Alpha (Lya),1989.0,71dcdr2dswp35477mxlo.txt,2447561.77113,3947.4162699999288,1.0648913221068868e-11,1.273505513173341e-13
Lyman Alpha (Lya),1989.0,72dcdr2dswp36169mxlo.txt,2447646.58108,4032.2262200000696,1.0700399656500344e-11,1.1251094967186367e-13
Lyman Alpha (Lya),1989.0,73dcdr2dswp36170mxlo.txt,2447646.63447,4032.279610000085,1.0166500844949859e-11,1.225073714805602e-13
Lyman Alpha (Lya),1989.0,74dcdr2dswp36265mxlo.txt,2447661.63694,4047.2820800002664,1.0667712699507567e-11,1.2379257407020723e-13
Lyman Alpha (Lya),1989.0,75dcdr2dswp36266mxlo.txt,2447661.7028,4047.3479400002398,9.945367776272436e-12,1.2398999992173976e-13
Lyman Alpha (Lya),1989.0,76dcdr2dswp36370mxlo.txt,2447677.64375,4063.288889999967,9.975726179142788e-12,9.914724358694699e-14
Lyman Alpha (Lya),1989.0,77dcdr2dswp36371mxlo.txt,2447677.70013,4063.3452699999325,1.1441212125626824e-11,1.518598535722507e-13
Lyman Alpha (Lya),1989.0,78dcdr2dswp36489mxlo.txt,2447691.61709,4077.262229999993,9.354338420221532e-12,1.3140741005888862e-13
Lyman Alpha (Lya),1989.0,79dcdr2dswp36490mxlo.txt,2447691.66907,4077.3142099999823,9.94443211072627e-12,1.8897570019693864e-13
Lyman Alpha (Lya),1989.0,80dcdr2dswp36560mxlo.txt,2447698.27637,4083.9215100002475,1.0342398058751627e-11,1.4412040736723488e-13
Lyman Alpha (Lya),1989.0,81dcdr2dswp36617mxlo.txt,2447713.48961,4099.134750000201,9.536627954890961e-12,1.0781362149991688e-13
Lyman Alpha (Lya),1989.0,82dcdr2dswp36618mxlo.txt,2447713.54337,4099.18851000024,1.0197837128068913e-11,1.3415127305837236e-13
Lyman Alpha (Lya),1989.0,83dcdr2dswp37871mxlo.txt,2447882.91005,4268.555190000217,1.0129021976850703e-11,2.0254940186455993e-13
Lyman Alpha (Lya),1989.0,84dcdr2dswp37872mxlo.txt,2447882.96255,4268.607689999975,1.076022967096809e-11,1.4792635550616753e-13
Lyman Alpha (Lya),1990.0,85dcdr2dswp37954mxlo.txt,2447897.06407,4282.709210000001,1.0290207032165969e-11,1.6771936343566777e-13
Lyman Alpha (Lya),1990.0,86dcdr2dswp38038mxlo.txt,2447909.00799,4294.6531299999915,6.991773186046222e-12,9.258083915810657e-14
Lyman Alpha (Lya),1990.0,87dcdr2dswp38039mxlo.txt,2447909.07103,4294.716170000378,9.583679581396085e-12,1.032155569880017e-13
Lyman Alpha (Lya),1990.0,88dcdr2dswp38139mxlo.txt,2447927.8635,4313.508640000131,1.0559441367145747e-11,1.1845445189457365e-13
Lyman Alpha (Lya),1990.0,89dcdr2dswp38140mxlo.txt,2447927.92734,4313.57248000009,1.0199597874816895e-11,1.592831973739535e-13
Lyman Alpha (Lya),1990.0,90dcdr2dswp38708mxlo.txt,2448012.51153,4398.1566699999385,9.086477205428683e-12,7.823470713367951e-14
Lyman Alpha (Lya),1990.0,91dcdr2dswp38709mxlo.txt,2448012.58617,4398.2313100001775,1.0148135950607367e-11,1.8954710096075648e-13
Lyman Alpha (Lya),1990.0,92dcdr2dswp38825mxlo.txt,2448029.73639,4415.3815300003625,1.0189030824955657e-11,1.13113591884615e-13
Lyman Alpha (Lya),1990.0,93dcdr2dswp38946mxlo.txt,2448043.51272,4429.157860000152,1.0613416324873023e-11,8.966191711691413e-14
Lyman Alpha (Lya),1990.0,94dcdr2dswp38947mxlo.txt,2448043.57403,4429.2191699999385,8.113032556903456e-12,1.3538367467100636e-13
Lyman Alpha (Lya),1990.0,95dcdr2dswp39067mxlo.txt,2448054.4206,4440.065739999991,1.0295912287233543e-11,9.043909482144705e-14
Lyman Alpha (Lya),1990.0,96dcdr2dswp39068mxlo.txt,2448054.47637,4440.121509999968,1.0876242991715397e-11,1.8743873191067361e-13
Lyman Alpha (Lya),1990.0,97dcdr2dswp40331mxlo.txt,2448240.06455,4625.709689999931,8.333283165948257e-12,1.8682762209819073e-13
Lyman Alpha (Lya),1990.0,98dcdr2dswp40332mxlo.txt,2448240.1203,4625.765440000221,1.0639541028411445e-11,2.254533038940265e-13
Lyman Alpha (Lya),1990.0,99dcdr2dswp40333mxlo.txt,2448240.18602,4625.83116000006,9.171530543481801e-12,1.8176271300225052e-13
Lyman Alpha (Lya),1990.0,100dcdr2dswp40334mxlo.txt,2448240.22823,4625.873370000161,9.71694882528289e-12,2.0134255034323998e-13
Lyman Alpha (Lya),1990.0,101dcdr2dswp40392mxlo.txt,2448245.31721,4630.962350000162,1.0136921386766797e-11,1.7058297461823986e-13
Lyman Alpha (Lya),1990.0,102dcdr2dswp40393mxlo.txt,2448245.35773,4631.0028699999675,8.622102570259568e-12,1.5521715048638956e-13
Lyman Alpha (Lya),1990.0,103dcdr2dswp40412mxlo.txt,2448246.23862,4631.883760000113,8.857012723947523e-12,1.7657400369391075e-13
Lyman Alpha (Lya),1990.0,104dcdr2dswp40413mxlo.txt,2448246.28572,4631.930860000197,9.324883684687741e-12,2.1426700319894804e-13
Lyman Alpha (Lya),1990.0,105dcdr2dswp40414mxlo.txt,2448246.33682,4631.981960000005,9.844389857007353e-12,1.4062641402910645e-13
Lyman Alpha (Lya),1990.0,106dcdr2dswp40470mxlo.txt,2448253.09882,4638.743960000109,9.405211474777596e-12,1.8530419895751383e-13
Lyman Alpha (Lya),1991.0,107dcdr2dswp40546mxlo.txt,2448264.36171,4650.006850000005,1.017285486650629e-11,2.1531387565968728e-13
Lyman Alpha (Lya),1991.0,108dcdr2dswp40580mxlo.txt,2448269.82462,4655.46976000024,1.0370727072237659e-11,1.9970833528639333e-13
Lyman Alpha (Lya),1991.0,109dcdr2dswp40581mxlo.txt,2448269.87881,4655.523950000294,1.0924026462894895e-11,2.285474103764972e-13
Lyman Alpha (Lya),1991.0,110dcdr2dswp40584mxlo.txt,2448270.23464,4655.879780000076,1.093105521455269e-11,1.7900984116821211e-13
Lyman Alpha (Lya),1991.0,111dcdr2dswp40594mxlo.txt,2448271.69024,4657.335380000062,1.0467842191954572e-11,2.4816403775345955e-13
Lyman Alpha (Lya),1991.0,112dcdr2dswp40595mxlo.txt,2448271.74441,4657.3895499999635,1.0033614354059921e-11,2.3632763326686663e-13
Lyman Alpha (Lya),1991.0,113dcdr2dswp40619mxlo.txt,2448273.52138,4659.16651999997,1.0341738258190948e-11,2.786446968119718e-13
Lyman Alpha (Lya),1991.0,114dcdr2dswp40620mxlo.txt,2448273.57358,4659.218720000237,1.078644565443463e-11,1.6402067696205497e-13
Lyman Alpha (Lya),1991.0,115dcdr2dswp40660mxlo.txt,2448279.61078,4665.255920000374,1.082317497927405e-11,2.277170364416265e-13
Lyman Alpha (Lya),1991.0,116dcdr2dswp40661mxlo.txt,2448279.66219,4665.307330000214,1.1290182790715737e-11,1.9660565122004682e-13
Lyman Alpha (Lya),1991.0,117dcdr2dswp40666mxlo.txt,2448280.81833,4666.463470000308,1.1622909518514357e-11,1.6603868128504803e-13
Lyman Alpha (Lya),1991.0,118dcdr2dswp40667mxlo.txt,2448280.87456,4666.519700000063,1.0890075609694536e-11,1.979977902241853e-13
Lyman Alpha (Lya),1991.0,119dcdr2dswp40840mxlo.txt,2448295.86608,4681.511220000219,9.968151783274051e-12,1.3096605776557145e-13
Lyman Alpha (Lya),1991.0,120dcdr2dswp40841mxlo.txt,2448295.92458,4681.569720000029,7.847439248865104e-12,1.4963523985021915e-13
Lyman Alpha (Lya),1991.0,121dcdr2dswp41582mxlo.txt,2448382.66831,4768.313450000249,9.829094813142083e-12,1.9973546021834342e-13
Lyman Alpha (Lya),1991.0,122dcdr2dswp41583mxlo.txt,2448382.724,4768.369140000083,1.0443824691316975e-11,1.492108419229865e-13
Lyman Alpha (Lya),1991.0,123dcdr2dswp41629mxlo.txt,2448391.52225,4777.167390000075,1.0444717588627192e-11,1.4364009741016002e-13
Lyman Alpha (Lya),1991.0,124dcdr2dswp41630mxlo.txt,2448391.58102,4777.226160000078,1.1742898637375481e-11,2.381820500348287e-13
Lyman Alpha (Lya),1991.0,125dcdr2dswp41703mxlo.txt,2448403.66852,4789.313659999985,1.111786938873271e-11,2.116752195503851e-13
Lyman Alpha (Lya),1991.0,126dcdr2dswp41704mxlo.txt,2448403.71866,4789.363799999934,1.1197849272553495e-11,2.2224851935968478e-13
Lyman Alpha (Lya),1991.0,127dcdr2dswp41851mxlo.txt,2448424.53422,4810.179359999951,9.571395095297042e-12,1.3809014473320478e-13
Lyman Alpha (Lya),1991.0,128dcdr2dswp41852mxlo.txt,2448424.58747,4810.232610000297,1.0823209502516476e-11,2.059409743022448e-13
Lyman Alpha (Lya),1991.0,129dcdr2dswp43342mxlo.txt,2448598.08271,4983.727850000374,9.236257403621973e-12,2.571275519128151e-13
Lyman Alpha (Lya),1991.0,130dcdr2dswp43343mxlo.txt,2448598.14237,4983.787510000169,9.399925700245348e-12,2.1190253134027768e-13
Lyman Alpha (Lya),1991.0,131dcdr2dswp43424mxlo.txt,2448609.90858,4995.5537200002,1.0048987690566673e-11,1.2634410009517445e-13
Lyman Alpha (Lya),1991.0,132dcdr2dswp43425mxlo.txt,2448609.96998,4995.615120000206,1.0076973843034042e-11,9.590903136866929e-14
Lyman Alpha (Lya),1992.0,133dcdr2dswp43550mxlo.txt,2448626.96262,5012.607760000043,7.591558491295253e-12,9.701163095108e-14
Lyman Alpha (Lya),1992.0,134dcdr2dswp43551mxlo.txt,2448627.03031,5012.675449999981,1.0462945443749821e-11,1.143191555268328e-13
Lyman Alpha (Lya),1992.0,135dcdr2dswp43677mxlo.txt,2448639.97214,5025.617280000355,1.0656308804682881e-11,1.9068982319952429e-13
Lyman Alpha (Lya),1992.0,136dcdr2dswp43908mxlo.txt,2448653.75094,5039.396080000326,9.595228540470273e-12,1.3617237800058232e-13
Lyman Alpha (Lya),1992.0,137dcdr2dswp43909mxlo.txt,2448653.80265,5039.447790000122,1.0057211947646742e-11,1.6451418087239959e-13
Lyman Alpha (Lya),1992.0,138dcdr2dswp43994mxlo.txt,2448667.8785,5053.523640000261,1.0094656572704711e-11,1.2994928359262457e-13
Lyman Alpha (Lya),1992.0,139dcdr2dswp44480mxlo.txt,2448738.57667,5124.221810000017,1.0200577552121812e-11,2.3724807560580526e-13
Lyman Alpha (Lya),1992.0,140dcdr2dswp44481mxlo.txt,2448738.63397,5124.279110000003,1.0899868889036292e-11,2.3030434378831685e-13
Lyman Alpha (Lya),1992.0,141dcdr2dswp44608mxlo.txt,2448748.7259,5134.371040000115,1.0379399591808988e-11,1.7265342355194086e-13
Lyman Alpha (Lya),1992.0,142dcdr2dswp44732mxlo.txt,2448763.66191,5149.307049999945,8.320904435217654e-12,1.2838210669170118e-13
Lyman Alpha (Lya),1992.0,143dcdr2dswp44733mxlo.txt,2448763.71507,5149.360210000072,6.50192598499975e-12,1.1512476189028081e-13
Lyman Alpha (Lya),1992.0,144dcdr2dswp44871mxlo.txt,2448779.41814,5165.063280000351,1.0982185128647833e-11,2.3915889757912647e-13
Lyman Alpha (Lya),1992.0,145dcdr2dswp44872mxlo.txt,2448779.47145,5165.116590000223,9.810729801285137e-12,2.9292540265220374e-13
Lyman Alpha (Lya),1992.0,146dcdr2dswp44967mxlo.txt,2448794.6169,5180.262039999943,1.1462389357210716e-11,2.1626424550332998e-13
Lyman Alpha (Lya),1992.0,147dcdr2dswp44968mxlo.txt,2448794.67178,5180.316920000128,1.1727132601414539e-11,2.221137041726482e-13
Lyman Alpha (Lya),1992.0,148dcdr2dswp45079mxlo.txt,2448809.31051,5194.955650000367,1.0497959575152576e-11,2.2200062654040583e-13
Lyman Alpha (Lya),1992.0,149dcdr2dswp45080mxlo.txt,2448809.36508,5195.010220000055,1.0628772774414711e-11,2.4663538953294975e-13
Lyman Alpha (Lya),1992.0,150dcdr2dswp46514mxlo.txt,2448973.97646,5359.621600000188,1.1494155106058965e-11,2.008985470868311e-13
Lyman Alpha (Lya),1992.0,151dcdr2dswp46515mxlo.txt,2448974.03314,5359.678280000109,1.2041728187911077e-11,2.3679828575877485e-13
Lyman Alpha (Lya),1992.0,152dcdr2dswp46516mxlo.txt,2448974.12174,5359.76688000001,1.1614481085834792e-11,2.0037858278185808e-13
Lyman Alpha (Lya),1992.0,153dcdr2dswp46607mxlo.txt,2448985.45715,5371.102290000301,1.3179862207685724e-11,1.6567234841317303e-13
Lyman Alpha (Lya),1992.0,154dcdr2dswp46608mxlo.txt,2448985.52169,5371.166830000002,1.2410956240328577e-11,2.941893879403595e-13
Lyman Alpha (Lya),1992.0,155dcdr2dswp46633mxlo.txt,2448987.9867,5373.631839999929,9.435448892398307e-12,1.6511598127445487e-13
Lyman Alpha (Lya),1993.0,156dcdr2dswp46647mxlo.txt,2448989.88841,5375.533550000284,4.7000068366821535e-12,1.1006932468993941e-13
Lyman Alpha (Lya),1993.0,157dcdr2dswp46650mxlo.txt,2448990.61029,5376.2554300003685,7.323730422170126e-12,2.775665652484816e-13
Lyman Alpha (Lya),1993.0,158dcdr2dswp46654mxlo.txt,2448991.54194,5377.1870800000615,1.1329962519208503e-11,3.131492583618849e-13
Lyman Alpha (Lya),1993.0,159dcdr2dswp46658mxlo.txt,2448992.56383,5378.208970000036,1.1041505421134907e-11,2.2199789769860705e-13
Lyman Alpha (Lya),1993.0,160dcdr2dswp46663mxlo.txt,2448993.55841,5379.203550000209,1.192969681929933e-11,3.520462237821043e-13
Lyman Alpha (Lya),1993.0,161dcdr2dswp46692mxlo.txt,2448997.23609,5382.881229999941,1.1765371105176466e-11,2.413044783231345e-13
Lyman Alpha (Lya),1993.0,162dcdr2dswp46739mxlo.txt,2449003.83271,5389.477850000374,9.743948315293099e-12,1.560813836131044e-13
Lyman Alpha (Lya),1993.0,163dcdr2dswp46863mxlo.txt,2449019.7395,5405.384640000295,1.1661325032485025e-11,1.5992279302975264e-13
Lyman Alpha (Lya),1993.0,164dcdr2dswp46864mxlo.txt,2449019.78859,5405.433730000164,1.2328898477797627e-11,1.4099511253654447e-13
Lyman Alpha (Lya),1993.0,165dcdr2dswp46926mxlo.txt,2449031.78126,5417.4264000002295,1.2385901152412076e-11,1.482643646519975e-13
Lyman Alpha (Lya),1993.0,166dcdr2dswp46927mxlo.txt,2449031.83492,5417.480059999973,1.2355478224501481e-11,1.9657410596587645e-13
Lyman Alpha (Lya),1993.0,167dcdr2dswp47654mxlo.txt,2449119.50971,5505.15485000005,1.2458985762029314e-11,1.6686145666734803e-13
Lyman Alpha (Lya),1993.0,168dcdr2dswp47655mxlo.txt,2449119.56345,5505.2085899999365,1.1592636298129656e-11,1.4067360177770537e-13
Lyman Alpha (Lya),1993.0,169dcdr2dswp47744mxlo.txt,2449134.66709,5520.312230000272,1.1696076173023277e-11,1.969320072780399e-13
Lyman Alpha (Lya),1993.0,170dcdr2dswp47745mxlo.txt,2449134.71817,5520.363309999928,1.1439239350503634e-11,1.1888872908410725e-13
Lyman Alpha (Lya),1993.0,171dcdr2dswp49596mxlo.txt,2449336.10162,5721.746760000009,1.25088744646013e-11,1.4208715288575384e-13
Lyman Alpha (Lya),1993.0,172dcdr2dswp49597mxlo.txt,2449336.1692,5721.814340000041,1.3878397062189881e-11,2.52046183761839e-13
Lyman Alpha (Lya),1993.0,173dcdr2dswp49693mxlo.txt,2449348.92644,5734.571580000222,1.2458828714163242e-11,1.4885191523479955e-13
Lyman Alpha (Lya),1993.0,174dcdr2dswp49694mxlo.txt,2449348.98438,5734.629519999959,1.4139513346565608e-11,1.4328071015131476e-13
Lyman Alpha (Lya),1994.0,175dcdr2dswp49795mxlo.txt,2449361.19398,5746.839120000135,1.3613816727257987e-11,1.9438768293087934e-13
Lyman Alpha (Lya),1994.0,176dcdr2dswp49796mxlo.txt,2449361.24083,5746.885970000178,1.3853893409995064e-11,2.2914751659527636e-13
Lyman Alpha (Lya),1994.0,179dcdr2dswp49830mxlo.txt,2449366.75045,5752.39559000032,1.3058627991033365e-11,1.9495374119274307e-13
Lyman Alpha (Lya),1994.0,180dcdr2dswp49879mxlo.txt,2449376.75838,5762.403520000167,1.2373145811941449e-11,2.4364678325264196e-13
Lyman Alpha (Lya),1994.0,181dcdr2dswp49880mxlo.txt,2449376.81093,5762.456070000306,1.2412198072577495e-11,1.4219208274077976e-13
Lyman Alpha (Lya),1994.0,182dcdr2dswp49969mxlo.txt,2449390.92439,5776.569529999979,1.2531357049230194e-11,1.9952476824051e-13
Lyman Alpha (Lya),1994.0,183dcdr2dswp49970mxlo.txt,2449390.97727,5776.622410000302,1.0199029034672205e-11,2.2544128247094302e-13
Lyman Alpha (Lya),1994.0,184dcdr2dswp50091mxlo.txt,2449406.93755,5792.582690000068,1.2596477914707552e-11,2.765375900896298e-13
Lyman Alpha (Lya),1994.0,185dcdr2dswp50092mxlo.txt,2449406.98983,5792.634970000014,1.1160764740256682e-11,1.7774153316897128e-13
Lyman Alpha (Lya),1994.0,186dcdr2dswp50676mxlo.txt,2449475.51407,5861.159210000187,1.142844196070754e-11,1.7807219283848806e-13
Lyman Alpha (Lya),1994.0,187dcdr2dswp50677mxlo.txt,2449475.56226,5861.2074000001885,1.2970299671634041e-11,2.561847598494588e-13
Lyman Alpha (Lya),1994.0,188dcdr2dswp50769mxlo.txt,2449487.62498,5873.270120000001,1.2928374325888481e-11,2.0627859583112685e-13
Lyman Alpha (Lya),1994.0,189dcdr2dswp50770mxlo.txt,2449487.67285,5873.31799000036,1.1055124264856482e-11,1.7562420465815348e-13
Lyman Alpha (Lya),1994.0,190dcdr2dswp50934mxlo.txt,2449502.51009,5888.1552300001495,1.2608874749933204e-11,2.710282476486496e-13
Lyman Alpha (Lya),1994.0,191dcdr2dswp50935mxlo.txt,2449502.56256,5888.2077000001445,9.63917233889024e-12,2.1366000298848914e-13
Lyman Alpha (Lya),1994.0,192dcdr2dswp51099mxlo.txt,2449518.59228,5904.237420000136,1.2645542160243089e-11,2.5148940287982045e-13
Lyman Alpha (Lya),1994.0,193dcdr2dswp51100mxlo.txt,2449518.65385,5904.298990000039,1.2763685162725414e-11,2.844927380372354e-13
Lyman Alpha (Lya),1994.0,194dcdr2dswp51140mxlo.txt,2449523.7483,5909.393440000247,1.3617248184494878e-11,1.8311894570460333e-13
Lyman Alpha (Lya),1994.0,195dcdr2dswp51141mxlo.txt,2449523.79645,5909.441589999944,1.2411227545941753e-11,2.1823117793472937e-13
Lyman Alpha (Lya),1994.0,196dcdr2dswp51238mxlo.txt,2449531.42692,5917.072060000151,1.3911935281602294e-11,2.705044848257932e-13
Lyman Alpha (Lya),1994.0,197dcdr2dswp51239mxlo.txt,2449531.49236,5917.137500000186,1.2620877182297774e-11,1.437246917674951e-13
Lyman Alpha (Lya),1994.0,198dcdr2dswp53223mxlo.txt,2449717.12322,6102.768360000104,1.2611121150627061e-11,1.977639487381445e-13
Lyman Alpha (Lya),1994.0,199dcdr2dswp53224mxlo.txt,2449717.1715,6102.816640000325,1.346582706282599e-11,2.028712091190443e-13
Lyman Alpha (Lya),1995.0,200dcdr2dswp53262mxlo.txt,2449721.21616,6106.86129999999,1.4631303141933137e-11,2.2608016668011618e-13
Lyman Alpha (Lya),1995.0,201dcdr2dswp53263mxlo.txt,2449721.26541,6106.910550000146,1.2954962437471923e-11,1.9109248507278545e-13
Lyman Alpha (Lya),1995.0,202dcdr2dswp53264mxlo.txt,2449721.31343,6106.95857000025,1.343166141425013e-11,2.3020940172726353e-13
Lyman Alpha (Lya),1995.0,203dcdr2dswp53265mxlo.txt,2449721.36698,6107.012120000087,1.3595143922119732e-11,2.3525181937497415e-13
Lyman Alpha (Lya),1995.0,204dcdr2dswp53266mxlo.txt,2449721.4166,6107.061740000267,1.3268908550365111e-11,2.689117666628214e-13
Lyman Alpha (Lya),1995.0,205dcdr2dswp53281mxlo.txt,2449722.67308,6108.318220000248,1.3502427313665572e-11,1.888718787883749e-13
Lyman Alpha (Lya),1995.0,206dcdr2dswp53282mxlo.txt,2449722.71752,6108.362660000101,1.3459114451927753e-11,1.807103401840334e-13
Lyman Alpha (Lya),1995.0,207dcdr2dswp53283mxlo.txt,2449722.76137,6108.406510000117,1.4601716489253262e-11,2.2713500367289573e-13
Lyman Alpha (Lya),1995.0,208dcdr2dswp53291mxlo.txt,2449724.37198,6110.017119999975,1.3500900515944438e-11,2.6504374725482655e-13
Lyman Alpha (Lya),1995.0,209dcdr2dswp53292mxlo.txt,2449724.427,6110.072140000295,1.3959103408346894e-11,1.6788291799386206e-13
Lyman Alpha (Lya),1995.0,210dcdr2dswp53293mxlo.txt,2449724.47424,6110.119380000047,1.3791555893145369e-11,2.5696046821728293e-13
Lyman Alpha (Lya),1995.0,211dcdr2dswp53296mxlo.txt,2449725.03383,6110.678970000241,1.2460825769787149e-11,2.5101976122875193e-13
Lyman Alpha (Lya),1995.0,212dcdr2dswp53297mxlo.txt,2449725.08252,6110.727660000324,1.3847786962273691e-11,1.6479172345846096e-13
Lyman Alpha (Lya),1995.0,213dcdr2dswp53305mxlo.txt,2449727.02806,6112.6732000000775,6.366580525317234e-12,2.1312649734459155e-13
Lyman Alpha (Lya),1995.0,214dcdr2dswp53306mxlo.txt,2449727.10558,6112.75072000036,1.359004485079438e-11,2.6479818402761873e-13
Lyman Alpha (Lya),1995.0,215dcdr2dswp53307mxlo.txt,2449727.15231,6112.797449999955,1.473613762049535e-11,2.083651261687409e-13
Lyman Alpha (Lya),1995.0,216dcdr2dswp53328mxlo.txt,2449729.51029,6115.155430000275,1.4962591630413537e-11,1.871788783099631e-13
Lyman Alpha (Lya),1995.0,217dcdr2dswp53329mxlo.txt,2449729.56066,6115.2058000001125,1.4235814753681224e-11,2.412349003554444e-13
Lyman Alpha (Lya),1995.0,218dcdr2dswp53330mxlo.txt,2449729.60627,6115.251410000026,1.3815844840542207e-11,2.351529488046526e-13
Lyman Alpha (Lya),1995.0,219dcdr2dswp53331mxlo.txt,2449729.74469,6115.389830000233,1.2393109891835364e-11,2.4671548712316567e-13
Lyman Alpha (Lya),1995.0,220dcdr2dswp53332mxlo.txt,2449729.80021,6115.445350000169,1.3167453529199474e-11,1.9013580834613561e-13
Lyman Alpha (Lya),1995.0,221dcdr2dswp53333mxlo.txt,2449730.37623,6116.021370000206,1.3625819160583383e-11,1.8661829102963426e-13
Lyman Alpha (Lya),1995.0,222dcdr2dswp53334mxlo.txt,2449730.42723,6116.072370000184,1.3318874550434251e-11,1.4913257292981824e-13
Lyman Alpha (Lya),1995.0,223dcdr2dswp53785mxlo.txt,2449746.88858,6132.533720000181,1.1686116273501262e-11,1.6758266758014228e-13
Lyman Alpha (Lya),1995.0,224dcdr2dswp53786mxlo.txt,2449746.94882,6132.593960000202,1.2623718432574688e-11,1.975433106548455e-13
Lyman Alpha (Lya),1995.0,225dcdr2dswp53914mxlo.txt,2449762.9328,6148.577940000221,1.4245450951075603e-11,2.1481095273462827e-13
Lyman Alpha (Lya),1995.0,226dcdr2dswp53915mxlo.txt,2449762.98733,6148.63247000007,1.523849158754772e-11,2.646492656832742e-13
Lyman Alpha (Lya),1995.0,227dcdr2dswp54580mxlo.txt,2449840.69494,6226.3400799999945,1.2548755251934296e-11,2.22150657274161e-13
Lyman Alpha (Lya),1995.0,228dcdr2dswp54581mxlo.txt,2449840.74501,6226.390150000341,1.3238540566192313e-11,2.573766638965515e-13
Lyman Alpha (Lya),1995.0,229dcdr2dswp54697mxlo.txt,2449854.67649,6240.321630000137,1.1799464837475095e-11,1.9032246564419742e-13
Lyman Alpha (Lya),1995.0,230dcdr2dswp54698mxlo.txt,2449855.72563,6241.370769999921,1.3597542080368464e-11,1.703960352447467e-13
Lyman Alpha (Lya),1995.0,231dcdr2dswp54802mxlo.txt,2449868.67042,6254.315560000017,1.3100237753338905e-11,1.6564634272962805e-13
Lyman Alpha (Lya),1995.0,232dcdr2dswp54803mxlo.txt,2449868.73225,6254.377390000038,1.3919595162242449e-11,1.2750637117600192e-13
Lyman Alpha (Lya),1995.0,233dcdr2dswp54998mxlo.txt,2449882.54679,6268.191930000205,1.27657373028527e-11,2.2374890726485343e-13
Lyman Alpha (Lya),1995.0,234dcdr2dswp54999mxlo.txt,2449882.59977,6268.244910000358,1.4517686304299506e-11,2.1350939403510606e-13
Lyman Alpha (Lya),1995.0,235dcdr2dswp55148mxlo.txt,2449895.51914,6281.164280000143,1.2949701620964326e-11,2.019779785054508e-13
Lyman Alpha (Lya),1995.0,236dcdr2dswp55147mxlo.txt,2449896.43318,6282.078320000321,1.283199563274497e-11,2.1107239733238917e-13
Lyman Alpha (Lya),1995.0,237dcdr2dswp56312mxlo.txt,2450070.35794,6456.00308000017,1.050522177290476e-11,1.4321233595609292e-13
Lyman Alpha (Lya),1995.0,238dcdr2dswp56322mxlo.txt,2450073.21096,6458.856099999975,1.2397715604899197e-11,2.2590376577277044e-13
Lyman Alpha (Lya),1995.0,239dcdr2dswp56348mxlo.txt,2450078.03265,6463.677790000103,1.2918891907952816e-11,2.2567556189377952e-13
Lyman Alpha (Lya),1995.0,240dcdr2dswp56368mxlo.txt,2450082.89171,6468.536850000266,1.2532271279319167e-11,2.023874217880456e-13
Lyman Alpha (Lya),1996.0,241dcdr2dswp56382mxlo.txt,2450087.81387,6473.459010000341,1.2898020742009697e-11,2.3646651975457764e-13
Lyman Alpha (Lya),1996.0,242dcdr2dswp56398mxlo.txt,2450092.8189,6478.464039999992,1.2191089943713564e-11,1.900907916284164e-13
Lyman Alpha (Lya),1996.0,243dcdr2dswp56581mxlo.txt,2450098.8145,6484.4596400000155,1.2970603802453882e-11,1.578389948042783e-13
Lyman Alpha (Lya),1996.0,244dcdr2dswp56588mxlo.txt,2450100.851,6486.496139999945,1.1592846662685757e-11,1.6430624521954968e-13
Lyman Alpha (Lya),1996.0,245dcdr2dswp56622mxlo.txt,2450102.85589,6488.501029999927,8.704726216208762e-12,2.1521041769087864e-13
Lyman Alpha (Lya),1996.0,246dcdr2dswp56629mxlo.txt,2450104.84473,6490.489870000165,1.2685004214825815e-11,2.0779164919135124e-13
Lyman Alpha (Lya),1996.0,247dcdr2dswp56632mxlo.txt,2450106.81597,6492.461110000033,1.2802059065149844e-11,1.906287007451079e-13
Lyman Alpha (Lya),1996.0,248dcdr2dswp56636mxlo.txt,2450108.81105,6494.456190000288,1.3385001603441143e-11,2.445942248133934e-13
Lyman Alpha (Lya),1996.0,249dcdr2dswp56642mxlo.txt,2450110.84238,6496.487519999966,1.3058632799392743e-11,2.1388680072568636e-13
Lyman Alpha (Lya),1996.0,250dcdr2dswp56653mxlo.txt,2450112.97499,6498.62013000017,1.2957665592759077e-11,2.2668385366427218e-13
Lyman Beta + O VI,1978.0,2dcdr2dswp01366mxlo.txt,2443614.49306,0.0,2.391662063786357e-12,3.2709910286236584e-13
Lyman Beta + O VI,1978.0,3dcdr2dswp01642mxlo.txt,2443654.90736,40.41430000029504,2.2348524098217213e-12,2.183216617192699e-13
Lyman Beta + O VI,1978.0,4dcdr2dswp02099mxlo.txt,2443714.52825,100.03519000019878,2.0282100418137097e-12,2.1570915115830286e-13
Lyman Beta + O VI,1979.0,5dcdr2dswp05116mxlo.txt,2443997.54954,383.0564800002612,1.960302406986413e-12,2.85479059912341e-13
Lyman Beta + O VI,1982.0,6dcdr2dswp16431mxlo.txt,2445026.89626,1412.4032000000589,2.3337290099208014e-12,2.730199685874334e-14
Lyman Beta + O VI,1982.0,7dcdr2dswp16790mxlo.txt,2445078.43622,1463.9431600002572,1.2165236182784523e-12,2.1827967764236313e-13
Lyman Beta + O VI,1982.0,9dcdr2dswp16802mxlo.txt,2445080.32265,1465.8295900002122,6.707291585255991e-13,1.7071475455585114e-13
Lyman Beta + O VI,1982.0,11dcdr2dswp17300mxlo.txt,2445148.27606,1533.7830000002868,8.917335817864192e-12,1.3025580579039013e-12
Lyman Beta + O VI,1982.0,14dcdr2dswp17303mxlo.txt,2445148.4014,1533.9083400000818,2.684144238757474e-12,6.662145867797419e-13
Lyman Beta + O VI,1983.0,15dcdr2dswp19731mxlo.txt,2445439.96013,1825.4670700002462,5.270930196473768e-12,3.567022244543713e-13
Lyman Beta + O VI,1984.0,16dcdr2dswp23063mxlo.txt,2445841.4891,2226.9960400001146,2.7672987095823876e-12,2.934608083344167e-13
Lyman Beta + O VI,1984.0,17dcdr2dswp23064mxlo.txt,2445841.53637,2227.0433100000955,1.3279897110856911e-12,2.130220803068964e-13
Lyman Beta + O VI,1984.0,18dcdr2dswp23444mxlo.txt,2445893.58914,2279.0960800000466,2.6088454695492145e-12,2.8378285481981766e-13
Lyman Beta + O VI,1985.0,19dcdr2dswp25973mxlo.txt,2446204.65473,2590.1616700002924,1.931264841166685e-12,3.253476147562868e-13
Lyman Beta + O VI,1985.0,20dcdr2dswp25974mxlo.txt,2446204.70719,2590.2141300002113,2.1205726628224866e-12,2.4578750408293344e-13
Lyman Beta + O VI,1985.0,21dcdr2dswp26489mxlo.txt,2446273.85969,2659.3666300000623,1.858355593318916e-12,3.660977465304899e-13
Lyman Beta + O VI,1986.0,22dcdr2dswp28304mxlo.txt,2446564.66188,2950.1688200002536,1.8700085783145196e-12,2.4367501731395436e-13
Lyman Beta + O VI,1986.0,23dcdr2dswp28305mxlo.txt,2446564.71157,2950.218510000035,1.031008897574872e-12,1.5739080198754743e-13
Lyman Beta + O VI,1986.0,24dcdr2dswp29774mxlo.txt,2446764.17181,3149.6787500004284,1.524470924569546e-12,4.3482834520950155e-13
Lyman Beta + O VI,1986.0,26dcdr2dswp29843mxlo.txt,2446775.08101,3160.5879500000738,1.7627628529170761e-12,2.361530295344386e-13
Lyman Beta + O VI,1986.0,28dcdr2dswp29939mxlo.txt,2446787.09865,3172.605590000283,1.7691717065565399e-12,3.6679101057841604e-13
Lyman Beta + O VI,1986.0,29dcdr2dswp29940mxlo.txt,2446787.15587,3172.6628100001253,1.9203998304550454e-12,3.304061432999652e-13
Lyman Beta + O VI,1987.0,30dcdr2dswp30081mxlo.txt,2446808.00218,3193.5091200000606,1.132103853379302e-12,1.3577548627856556e-13
Lyman Beta + O VI,1987.0,31dcdr2dswp30082mxlo.txt,2446808.05385,3193.5607900000177,1.847369874825405e-12,3.504341426426246e-13
Lyman Beta + O VI,1987.0,32dcdr2dswp30141mxlo.txt,2446818.81943,3204.3263700003736,1.6801804455248166e-12,2.5589603031293733e-13
Lyman Beta + O VI,1987.0,33dcdr2dswp30142mxlo.txt,2446818.87052,3204.377460000105,2.547986729931963e-12,3.3957800376978467e-13
Lyman Beta + O VI,1987.0,34dcdr2dswp30238mxlo.txt,2446829.4259,3214.9328400003724,1.0934739529040484e-12,2.0012284031682994e-13
Lyman Beta + O VI,1987.0,35dcdr2dswp30239mxlo.txt,2446829.47735,3214.9842900000513,3.1051782306108934e-12,1.135985107837574e-13
Lyman Beta + O VI,1987.0,36dcdr2dswp30243mxlo.txt,2446829.75275,3215.25969000021,2.652499466693782e-12,3.2683173090685603e-13
Lyman Beta + O VI,1987.0,37dcdr2dswp30244mxlo.txt,2446829.80409,3215.311030000448,1.4393391817904047e-12,2.298938913277751e-13
Lyman Beta + O VI,1987.0,38dcdr2dswp30331mxlo.txt,2446844.83417,3230.341110000387,1.496842315363655e-12,2.3799944258634664e-13
Lyman Beta + O VI,1987.0,39dcdr2dswp30332mxlo.txt,2446844.886,3230.3929400001653,1.2644934675996868e-12,2.2662480665101445e-13
Lyman Beta + O VI,1987.0,40dcdr2dswp31077mxlo.txt,2446948.40162,3333.90856000036,2.339401476493611e-12,2.670648253285958e-13
Lyman Beta + O VI,1987.0,41dcdr2dswp31078mxlo.txt,2446948.45322,3333.9601600002497,1.8128645657630242e-12,2.823758316623956e-13
Lyman Beta + O VI,1987.0,42dcdr2dswp31079mxlo.txt,2446948.51856,3334.0255000004545,1.8172691895175774e-12,2.1779224155755926e-13
Lyman Beta + O VI,1987.0,43dcdr2dswp31353mxlo.txt,2446994.33255,3379.8394900001585,1.8082153031712403e-12,2.4709101877472933e-13
Lyman Beta + O VI,1987.0,44dcdr2dswp31354mxlo.txt,2446994.39286,3379.8998000002466,2.2642735452886426e-12,3.053696428293251e-13
Lyman Beta + O VI,1987.0,46dcdr2dswp32460mxlo.txt,2447133.96868,3519.4756200001575,1.4730649588016925e-12,2.498717618242151e-13
Lyman Beta + O VI,1987.0,47dcdr2dswp32638mxlo.txt,2447159.10667,3544.6136100003496,1.5895023736664029e-12,2.409670232173662e-13
Lyman Beta + O VI,1987.0,48dcdr2dswp32639mxlo.txt,2447159.15628,3544.6632200004533,1.2915181000384353e-12,2.0497546907756984e-13
Lyman Beta + O VI,1988.0,49dcdr2dswp32725mxlo.txt,2447174.95447,3560.4614100004546,1.8849868572843082e-12,2.194346962169238e-13
Lyman Beta + O VI,1988.0,50dcdr2dswp32726mxlo.txt,2447175.01424,3560.521180000156,1.5397550261978977e-12,2.2645503400993273e-13
Lyman Beta + O VI,1988.0,51dcdr2dswp32889mxlo.txt,2447200.72588,3586.232820000034,2.674040728854513e-12,3.965343888124555e-13
Lyman Beta + O VI,1988.0,52dcdr2dswp32890mxlo.txt,2447200.7777,3586.2846400002018,1.409809801361534e-12,1.4818880233757938e-13
Lyman Beta + O VI,1988.0,53dcdr2dswp33486mxlo.txt,2447289.70429,3675.2112300000153,2.2699721250904582e-12,3.1702031461803264e-13
Lyman Beta + O VI,1988.0,54dcdr2dswp33487mxlo.txt,2447289.75234,3675.2592800003476,1.4390309744170125e-12,3.3713493608366466e-13
Lyman Beta + O VI,1988.0,55dcdr2dswp33704mxlo.txt,2447317.40553,3702.9124700003304,1.8973222377990677e-12,1.9729223790942662e-13
Lyman Beta + O VI,1988.0,56dcdr2dswp33705mxlo.txt,2447317.45902,3702.965960000176,9.49249970916966e-13,1.4098671320310775e-13
Lyman Beta + O VI,1988.0,58dcdr2dswp33889mxlo.txt,2447352.4837,3737.99064000044,2.9215382311742973e-12,4.360204829822555e-13
Lyman Beta + O VI,1988.0,59dcdr2dswp33890mxlo.txt,2447352.53755,3738.044490000233,1.635229847951083e-12,2.606705903406552e-13
Lyman Beta + O VI,1988.0,60dcdr2dswp33907mxlo.txt,2447356.04863,3741.555570000317,1.947068623634428e-12,4.05524464532173e-13
Lyman Beta + O VI,1988.0,61dcdr2dswp33908mxlo.txt,2447356.09922,3741.6061600004323,3.962995485491848e-12,5.098738545847663e-13
Lyman Beta + O VI,1988.0,62dcdr2dswp34996mxlo.txt,2447505.90225,3891.409190000035,2.4561606298717734e-12,2.5844744449110113e-13
Lyman Beta + O VI,1988.0,63dcdr2dswp34997mxlo.txt,2447505.95638,3891.463320000097,1.6523194801055262e-12,2.282079641038906e-13
Lyman Beta + O VI,1988.0,64dcdr2dswp35154mxlo.txt,2447523.1002,3908.607140000444,2.3106678516598533e-12,2.5983055464473347e-13
Lyman Beta + O VI,1988.0,65dcdr2dswp35155mxlo.txt,2447523.15706,3908.664000000339,2.889584902918123e-12,3.5989672712022935e-13
Lyman Beta + O VI,1989.0,66dcdr2dswp35395mxlo.txt,2447550.05735,3935.5642900001258,2.253539769451057e-12,1.8909277331704335e-13
Lyman Beta + O VI,1989.0,67dcdr2dswp35396mxlo.txt,2447550.10245,3935.609390000347,1.7020064213792506e-12,3.567339189773352e-13
Lyman Beta + O VI,1989.0,68dcdr2dswp35470mxlo.txt,2447560.53772,3946.0446600001305,3.0296771577032213e-12,2.40641555617998e-13
Lyman Beta + O VI,1989.0,69dcdr2dswp35471mxlo.txt,2447560.58336,3946.0903000002727,1.8189237744932406e-12,2.759493706102739e-13
Lyman Beta + O VI,1989.0,70dcdr2dswp35476mxlo.txt,2447561.71625,3947.2231900002807,1.8494057166536344e-12,2.2504104219171357e-13
Lyman Beta + O VI,1989.0,72dcdr2dswp36169mxlo.txt,2447646.58108,4032.088020000141,2.329911751872016e-12,3.4872952607242164e-13
Lyman Beta + O VI,1989.0,73dcdr2dswp36170mxlo.txt,2447646.63447,4032.1414100001566,2.398427579168677e-12,3.0019595633645053e-13
Lyman Beta + O VI,1989.0,74dcdr2dswp36265mxlo.txt,2447661.63694,4047.143880000338,2.5177216435850286e-12,2.1207018160687987e-13
Lyman Beta + O VI,1989.0,75dcdr2dswp36266mxlo.txt,2447661.7028,4047.2097400003113,1.8535401221301824e-12,2.50684306570897e-13
Lyman Beta + O VI,1989.0,76dcdr2dswp36370mxlo.txt,2447677.64375,4063.1506900000386,2.537360008990821e-12,2.503407510786028e-13
Lyman Beta + O VI,1989.0,77dcdr2dswp36371mxlo.txt,2447677.70013,4063.207070000004,1.950929750420204e-12,2.3596979136359043e-13
Lyman Beta + O VI,1989.0,78dcdr2dswp36489mxlo.txt,2447691.61709,4077.1240300000645,3.54417489886227e-12,2.6205610956447487e-13
Lyman Beta + O VI,1989.0,79dcdr2dswp36490mxlo.txt,2447691.66907,4077.176010000054,2.559982262605967e-12,2.3240254898954416e-13
Lyman Beta + O VI,1989.0,80dcdr2dswp36560mxlo.txt,2447698.27637,4083.783310000319,3.264624100149186e-12,2.9108042814368053e-13
Lyman Beta + O VI,1989.0,81dcdr2dswp36617mxlo.txt,2447713.48961,4098.996550000273,2.4034355082093487e-12,2.567308220387092e-13
Lyman Beta + O VI,1989.0,82dcdr2dswp36618mxlo.txt,2447713.54337,4099.050310000312,3.4499078668095025e-12,2.302017818584013e-13
Lyman Beta + O VI,1989.0,83dcdr2dswp37871mxlo.txt,2447882.91005,4268.416990000289,3.318548910676438e-12,3.1300893681519885e-13
Lyman Beta + O VI,1989.0,84dcdr2dswp37872mxlo.txt,2447882.96255,4268.469490000047,2.381991156304868e-12,2.387258947970671e-13
Lyman Beta + O VI,1990.0,85dcdr2dswp37954mxlo.txt,2447897.06407,4282.571010000072,2.0202748139450678e-12,2.2310985359255615e-13
Lyman Beta + O VI,1990.0,86dcdr2dswp38038mxlo.txt,2447909.00799,4294.514930000063,2.9873781482511276e-12,4.3095543939970465e-13
Lyman Beta + O VI,1990.0,87dcdr2dswp38039mxlo.txt,2447909.07103,4294.57797000045,2.37530181848163e-12,2.796484319403671e-13
Lyman Beta + O VI,1990.0,88dcdr2dswp38139mxlo.txt,2447927.8635,4313.3704400002025,3.953274362687207e-12,1.4684254287981257e-13
Lyman Beta + O VI,1990.0,89dcdr2dswp38140mxlo.txt,2447927.92734,4313.434280000161,3.092370613505712e-12,1.5725053891901816e-13
Lyman Beta + O VI,1990.0,90dcdr2dswp38708mxlo.txt,2448012.51153,4398.01847000001,1.4035362934821589e-12,2.0458067897731926e-13
Lyman Beta + O VI,1990.0,91dcdr2dswp38709mxlo.txt,2448012.58617,4398.093110000249,2.6398450500132695e-12,3.1573776526142807e-13
Lyman Beta + O VI,1990.0,92dcdr2dswp38825mxlo.txt,2448029.73639,4415.243330000434,2.14567495794983e-12,3.099296527359213e-13
Lyman Beta + O VI,1990.0,93dcdr2dswp38946mxlo.txt,2448043.51272,4429.019660000224,1.8750043296681684e-12,2.4480010884463767e-13
Lyman Beta + O VI,1990.0,94dcdr2dswp38947mxlo.txt,2448043.57403,4429.08097000001,1.5647050772198994e-12,1.557149257874569e-13
Lyman Beta + O VI,1990.0,95dcdr2dswp39067mxlo.txt,2448054.4206,4439.927540000062,1.838977566204637e-12,2.6215357432684936e-13
Lyman Beta + O VI,1990.0,97dcdr2dswp40331mxlo.txt,2448240.06455,4625.571490000002,1.3262671089231716e-12,3.731722441455889e-13
Lyman Beta + O VI,1990.0,99dcdr2dswp40333mxlo.txt,2448240.18602,4625.692960000131,1.8274793053284683e-12,3.4641731302094185e-13
Lyman Beta + O VI,1990.0,100dcdr2dswp40334mxlo.txt,2448240.22823,4625.735170000233,1.7007855204744665e-12,2.781001364936542e-13
Lyman Beta + O VI,1990.0,102dcdr2dswp40393mxlo.txt,2448245.35773,4630.864670000039,3.359333376422588e-12,2.8504810867946904e-13
Lyman Beta + O VI,1990.0,103dcdr2dswp40412mxlo.txt,2448246.23862,4631.745560000185,1.7784033829724547e-12,3.608841144344602e-13
Lyman Beta + O VI,1990.0,104dcdr2dswp40413mxlo.txt,2448246.28572,4631.792660000268,1.9437040942099064e-12,2.957466988799133e-13
Lyman Beta + O VI,1990.0,105dcdr2dswp40414mxlo.txt,2448246.33682,4631.843760000076,3.514347030895484e-12,4.092804870677964e-13
Lyman Beta + O VI,1990.0,106dcdr2dswp40470mxlo.txt,2448253.09882,4638.60576000018,2.041548819676334e-12,3.0236706069563426e-13
Lyman Beta + O VI,1991.0,107dcdr2dswp40546mxlo.txt,2448264.36171,4649.868650000077,2.002526246781036e-12,4.097066691160656e-13
Lyman Beta + O VI,1991.0,108dcdr2dswp40580mxlo.txt,2448269.82462,4655.331560000312,1.5326758606201783e-12,3.2313942679569596e-13
Lyman Beta + O VI,1991.0,109dcdr2dswp40581mxlo.txt,2448269.87881,4655.385750000365,1.2141050527789094e-12,2.9360275968567943e-13
Lyman Beta + O VI,1991.0,110dcdr2dswp40584mxlo.txt,2448270.23464,4655.741580000147,1.1503088706402783e-12,3.2825384658298817e-13
Lyman Beta + O VI,1991.0,111dcdr2dswp40594mxlo.txt,2448271.69024,4657.197180000134,2.02036249908601e-12,5.561480956132917e-13
Lyman Beta + O VI,1991.0,112dcdr2dswp40595mxlo.txt,2448271.74441,4657.251350000035,6.472611889172212e-13,1.96450197164864e-13
Lyman Beta + O VI,1991.0,113dcdr2dswp40619mxlo.txt,2448273.52138,4659.028320000041,2.004860851725507e-12,3.925104887377984e-13
Lyman Beta + O VI,1991.0,115dcdr2dswp40660mxlo.txt,2448279.61078,4665.117720000446,1.0104739584261792e-12,3.2206981671161397e-13
Lyman Beta + O VI,1991.0,116dcdr2dswp40661mxlo.txt,2448279.66219,4665.169130000286,1.7053632589297433e-12,2.990821300501845e-13
Lyman Beta + O VI,1991.0,117dcdr2dswp40666mxlo.txt,2448280.81833,4666.3252700003795,1.448152876922299e-12,2.3785137085153345e-13
Lyman Beta + O VI,1991.0,119dcdr2dswp40840mxlo.txt,2448295.86608,4681.37302000029,1.9371343187091932e-12,3.932768483813801e-13
Lyman Beta + O VI,1991.0,120dcdr2dswp40841mxlo.txt,2448295.92458,4681.4315200001,2.0358921633695197e-12,2.584840654774056e-13
Lyman Beta + O VI,1991.0,121dcdr2dswp41582mxlo.txt,2448382.66831,4768.17525000032,1.7013622692810203e-12,3.0854194128176e-13
Lyman Beta + O VI,1991.0,122dcdr2dswp41583mxlo.txt,2448382.724,4768.230940000154,1.3215808996742246e-12,2.002157014077895e-13
Lyman Beta + O VI,1991.0,123dcdr2dswp41629mxlo.txt,2448391.52225,4777.029190000147,9.475146012025785e-13,2.614007591948358e-13
Lyman Beta + O VI,1991.0,124dcdr2dswp41630mxlo.txt,2448391.58102,4777.08796000015,8.510088021878005e-13,2.1992676952135474e-13
Lyman Beta + O VI,1991.0,125dcdr2dswp41703mxlo.txt,2448403.66852,4789.175460000057,1.9827232398229753e-12,3.269371492628438e-13
Lyman Beta + O VI,1991.0,126dcdr2dswp41704mxlo.txt,2448403.71866,4789.225600000005,7.003099054565958e-13,1.8385011252801638e-13
Lyman Beta + O VI,1991.0,127dcdr2dswp41851mxlo.txt,2448424.53422,4810.0411600000225,1.3259114365532213e-12,3.712885964498078e-13
Lyman Beta + O VI,1991.0,129dcdr2dswp43342mxlo.txt,2448598.08271,4983.5896500004455,1.6487477673838122e-12,2.756404311602349e-13
Lyman Beta + O VI,1991.0,130dcdr2dswp43343mxlo.txt,2448598.14237,4983.649310000241,2.0680957528576768e-12,1.9936752687639396e-13
Lyman Beta + O VI,1991.0,132dcdr2dswp43425mxlo.txt,2448609.96998,4995.4769200002775,1.7318245790856979e-12,2.321330537774918e-13
Lyman Beta + O VI,1992.0,133dcdr2dswp43550mxlo.txt,2448626.96262,5012.469560000114,5.191819110299874e-13,1.6976410539467492e-13
Lyman Beta + O VI,1992.0,134dcdr2dswp43551mxlo.txt,2448627.03031,5012.537250000052,1.002721104708151e-12,1.5374810770640063e-13
Lyman Beta + O VI,1992.0,135dcdr2dswp43677mxlo.txt,2448639.97214,5025.479080000427,1.187902926832816e-12,1.43472097955759e-13
Lyman Beta + O VI,1992.0,136dcdr2dswp43908mxlo.txt,2448653.75094,5039.257880000398,1.16798408999737e-12,3.190806782373674e-13
Lyman Beta + O VI,1992.0,137dcdr2dswp43909mxlo.txt,2448653.80265,5039.309590000194,1.305855769052572e-12,2.5635056548003154e-13
Lyman Beta + O VI,1992.0,138dcdr2dswp43994mxlo.txt,2448667.8785,5053.385440000333,1.810450282878471e-12,1.5347487006230347e-13
Lyman Beta + O VI,1992.0,141dcdr2dswp44608mxlo.txt,2448748.7259,5134.232840000186,6.539451007348749e-13,2.1646402928956985e-13
Lyman Beta + O VI,1992.0,145dcdr2dswp44872mxlo.txt,2448779.47145,5164.978390000295,1.1085718984914692e-12,2.8193695503639257e-13
Lyman Beta + O VI,1992.0,150dcdr2dswp46514mxlo.txt,2448973.97646,5359.483400000259,1.575979148472309e-12,3.8460475726455683e-13
Lyman Beta + O VI,1992.0,152dcdr2dswp46516mxlo.txt,2448974.12174,5359.628680000082,1.1164422500611434e-12,1.9133894293568208e-13
Lyman Beta + O VI,1992.0,153dcdr2dswp46607mxlo.txt,2448985.45715,5370.964090000372,1.2653023615194053e-12,3.5481098427384404e-13
Lyman Beta + O VI,1992.0,154dcdr2dswp46608mxlo.txt,2448985.52169,5371.0286300000735,1.3373799507349648e-12,3.2171505813537685e-13
Lyman Beta + O VI,1992.0,155dcdr2dswp46633mxlo.txt,2448987.9867,5373.493640000001,2.7811619858849244e-12,4.4498989327597547e-13
Lyman Beta + O VI,1993.0,156dcdr2dswp46647mxlo.txt,2448989.88841,5375.395350000355,1.1691665556456628e-12,3.5818235957733936e-13
Lyman Beta + O VI,1993.0,157dcdr2dswp46650mxlo.txt,2448990.61029,5376.11723000044,2.8390509882716172e-12,5.606499994783842e-13
Lyman Beta + O VI,1993.0,158dcdr2dswp46654mxlo.txt,2448991.54194,5377.048880000133,3.25185085431151e-12,3.875050004059037e-13
Lyman Beta + O VI,1993.0,161dcdr2dswp46692mxlo.txt,2448997.23609,5382.743030000012,9.487840601757857e-13,2.7492581605196033e-13
Lyman Beta + O VI,1993.0,163dcdr2dswp46863mxlo.txt,2449019.7395,5405.246440000366,1.9194847122061087e-12,3.5599546740366885e-13
Lyman Beta + O VI,1993.0,164dcdr2dswp46864mxlo.txt,2449019.78859,5405.295530000236,1.3766533698930527e-12,1.873942348997287e-13
Lyman Beta + O VI,1993.0,165dcdr2dswp46926mxlo.txt,2449031.78126,5417.288200000301,1.5570278950064892e-12,3.5869542246195993e-13
Lyman Beta + O VI,1993.0,166dcdr2dswp46927mxlo.txt,2449031.83492,5417.341860000044,1.0890990455841893e-12,2.0284614383966454e-13
Lyman Beta + O VI,1993.0,168dcdr2dswp47655mxlo.txt,2449119.56345,5505.070390000008,2.512823366733021e-12,4.766552826794463e-13
Lyman Beta + O VI,1993.0,169dcdr2dswp47744mxlo.txt,2449134.66709,5520.174030000344,1.0653446347933938e-12,2.449731113128744e-13
Lyman Beta + O VI,1993.0,170dcdr2dswp47745mxlo.txt,2449134.71817,5520.225109999999,1.1463842539019964e-12,1.860550158865574e-13
Lyman Beta + O VI,1993.0,171dcdr2dswp49596mxlo.txt,2449336.10162,5721.608560000081,1.0741418779129739e-12,3.0511210645067774e-13
Lyman Beta + O VI,1993.0,172dcdr2dswp49597mxlo.txt,2449336.1692,5721.676140000112,7.908862858343734e-13,2.227012248578116e-13
Lyman Beta + O VI,1993.0,173dcdr2dswp49693mxlo.txt,2449348.92644,5734.433380000293,2.912626641822341e-12,3.192104797820395e-13
Lyman Beta + O VI,1993.0,174dcdr2dswp49694mxlo.txt,2449348.98438,5734.49132000003,1.0434967457664378e-12,2.421825266651874e-13
Lyman Beta + O VI,1994.0,181dcdr2dswp49880mxlo.txt,2449376.81093,5762.317870000377,1.7112510222159308e-12,3.098954853724439e-13
Lyman Beta + O VI,1994.0,182dcdr2dswp49969mxlo.txt,2449390.92439,5776.43133000005,1.5883533108546803e-12,3.898068084300426e-13
Lyman Beta + O VI,1994.0,183dcdr2dswp49970mxlo.txt,2449390.97727,5776.484210000373,1.5905705208434769e-12,3.152489311033866e-13
Lyman Beta + O VI,1994.0,184dcdr2dswp50091mxlo.txt,2449406.93755,5792.44449000014,1.3433938914015387e-12,2.5238025008445267e-13
Lyman Beta + O VI,1994.0,188dcdr2dswp50769mxlo.txt,2449487.62498,5873.131920000073,1.0184244111300743e-12,2.709434903758418e-13
Lyman Beta + O VI,1994.0,189dcdr2dswp50770mxlo.txt,2449487.67285,5873.179790000431,2.4966595786931217e-12,2.736632190012647e-13
Lyman Beta + O VI,1994.0,190dcdr2dswp50934mxlo.txt,2449502.51009,5888.017030000221,2.018178707075881e-12,2.7390849959693013e-13
Lyman Beta + O VI,1994.0,194dcdr2dswp51140mxlo.txt,2449523.7483,5909.255240000319,2.854275813584016e-12,5.433033155557395e-13
Lyman Beta + O VI,1994.0,195dcdr2dswp51141mxlo.txt,2449523.79645,5909.3033900000155,1.549631792480331e-12,2.8072014642879596e-13
Lyman Beta + O VI,1995.0,202dcdr2dswp53264mxlo.txt,2449721.31343,6106.820370000321,1.7934383438134366e-12,3.0615408944610435e-13
Lyman Beta + O VI,1995.0,203dcdr2dswp53265mxlo.txt,2449721.36698,6106.873920000158,2.2100693527175687e-12,2.51200513948867e-13
Lyman Beta + O VI,1995.0,206dcdr2dswp53282mxlo.txt,2449722.71752,6108.224460000172,2.3773852512284754e-12,3.8272354588270006e-13
Lyman Beta + O VI,1995.0,207dcdr2dswp53283mxlo.txt,2449722.76137,6108.268310000189,2.3571022127282455e-12,1.4780159045372994e-13
Lyman Beta + O VI,1995.0,208dcdr2dswp53291mxlo.txt,2449724.37198,6109.8789200000465,1.8223068017921626e-12,3.299478815130424e-13
Lyman Beta + O VI,1995.0,209dcdr2dswp53292mxlo.txt,2449724.427,6109.933940000366,8.967868587404265e-13,2.308195213143477e-13
Lyman Beta + O VI,1995.0,211dcdr2dswp53296mxlo.txt,2449725.03383,6110.5407700003125,1.517458858694118e-12,4.662744763417327e-13
Lyman Beta + O VI,1995.0,213dcdr2dswp53305mxlo.txt,2449727.02806,6112.535000000149,1.2298724953099444e-12,2.401708859736093e-13
Lyman Beta + O VI,1995.0,214dcdr2dswp53306mxlo.txt,2449727.10558,6112.612520000432,8.278713337057744e-13,1.9442033873181008e-13
Lyman Beta + O VI,1995.0,216dcdr2dswp53328mxlo.txt,2449729.51029,6115.017230000347,2.1130012694253903e-12,3.4291144608134093e-13
Lyman Beta + O VI,1995.0,217dcdr2dswp53329mxlo.txt,2449729.56066,6115.067600000184,7.155605783565205e-13,2.1367737969654108e-13
Lyman Beta + O VI,1995.0,220dcdr2dswp53332mxlo.txt,2449729.80021,6115.307150000241,1.1994407339541318e-12,3.557577190989789e-13
Lyman Beta + O VI,1995.0,221dcdr2dswp53333mxlo.txt,2449730.37623,6115.8831700002775,2.908288127712061e-12,4.4591393548557274e-13
Lyman Beta + O VI,1995.0,222dcdr2dswp53334mxlo.txt,2449730.42723,6115.934170000255,1.9308412363764583e-12,2.4012421422956267e-13
Lyman Beta + O VI,1995.0,223dcdr2dswp53785mxlo.txt,2449746.88858,6132.395520000253,2.747243349689094e-12,4.755398443924886e-13
Lyman Beta + O VI,1995.0,224dcdr2dswp53786mxlo.txt,2449746.94882,6132.455760000274,2.0523699595614833e-12,3.9370908516675995e-13
Lyman Beta + O VI,1995.0,227dcdr2dswp54580mxlo.txt,2449840.69494,6226.201880000066,1.924411811241971e-12,3.4287560340181655e-13
Lyman Beta + O VI,1995.0,229dcdr2dswp54697mxlo.txt,2449854.67649,6240.183430000208,1.6050020203460889e-12,3.466980865317486e-13
Lyman Beta + O VI,1995.0,230dcdr2dswp54698mxlo.txt,2449855.72563,6241.232569999993,9.522719315400012e-13,2.0624680925048002e-13
Lyman Beta + O VI,1995.0,231dcdr2dswp54802mxlo.txt,2449868.67042,6254.177360000089,7.888007029250361e-13,1.631415264649963e-13
Lyman Beta + O VI,1995.0,232dcdr2dswp54803mxlo.txt,2449868.73225,6254.239190000109,1.5152566783483569e-12,3.55511340134334e-13
Lyman Beta + O VI,1995.0,233dcdr2dswp54998mxlo.txt,2449882.54679,6268.053730000276,7.81574501027645e-13,2.5567146279567683e-13
Lyman Beta + O VI,1995.0,234dcdr2dswp54999mxlo.txt,2449882.59977,6268.106710000429,1.037466995856403e-12,2.903627158395007e-13
Lyman Beta + O VI,1995.0,235dcdr2dswp55148mxlo.txt,2449895.51914,6281.026080000214,2.1049555031974725e-12,3.7244443976237307e-13
Lyman Beta + O VI,1995.0,236dcdr2dswp55147mxlo.txt,2449896.43318,6281.940120000392,1.9418962660636608e-12,3.8167318331219065e-13
Lyman Beta + O VI,1995.0,237dcdr2dswp56312mxlo.txt,2450070.35794,6455.864880000241,3.1433758855698616e-12,3.0405162904650453e-13
Lyman Beta + O VI,1995.0,238dcdr2dswp56322mxlo.txt,2450073.21096,6458.717900000047,2.0653294906934957e-12,5.200482256586546e-13
Lyman Beta + O VI,1995.0,239dcdr2dswp56348mxlo.txt,2450078.03265,6463.539590000175,1.6268956548579283e-12,4.732091665808457e-13
Lyman Beta + O VI,1995.0,240dcdr2dswp56368mxlo.txt,2450082.89171,6468.3986500003375,1.017160643191607e-12,3.000079842918088e-13
Lyman Beta + O VI,1996.0,242dcdr2dswp56398mxlo.txt,2450092.8189,6478.325840000063,2.1853021709013088e-12,2.8283795288756005e-13
Lyman Beta + O VI,1996.0,243dcdr2dswp56581mxlo.txt,2450098.8145,6484.321440000087,2.4860187547802392e-12,5.172226792861217e-13
Lyman Beta + O VI,1996.0,245dcdr2dswp56622mxlo.txt,2450102.85589,6488.362829999998,1.3760818247933668e-12,4.1746615975359633e-13
Lyman Beta + O VI,1996.0,246dcdr2dswp56629mxlo.txt,2450104.84473,6490.3516700002365,1.6457197171013388e-12,4.4892937136830303e-13
Lyman Beta + O VI,1996.0,248dcdr2dswp56636mxlo.txt,2450108.81105,6494.31799000036,1.6765972505379616e-12,3.4324205469020327e-13
Lyman Beta + O VI,1996.0,249dcdr2dswp56642mxlo.txt,2450110.84238,6496.349320000038,3.202978824282042e-12,3.952163836387965e-13
Lyman Beta + O VI,1996.0,250dcdr2dswp56653mxlo.txt,2450112.97499,6498.481930000242,1.869092973715654e-12,4.4346325227718806e-13
N V,1978.0,1dcdr2dswp01365mxlo.txt,2443614.35486,0.0,1.943252400856491e-12,4.1514631529142255e-13
N V,1978.0,2dcdr2dswp01366mxlo.txt,2443614.49306,0.13819999992847443,3.7126275868133394e-12,2.7915938702752754e-13
N V,1978.0,3dcdr2dswp01642mxlo.txt,2443654.90736,40.55250000022352,3.2292123517392166e-12,1.3125591635434965e-13
N V,1978.0,4dcdr2dswp02099mxlo.txt,2443714.52825,100.17339000012726,2.730273587673777e-12,1.865558308411132e-13
N V,1979.0,5dcdr2dswp05116mxlo.txt,2443997.54954,383.1946800001897,2.565911723404284e-12,1.906083849641461e-13
N V,1982.0,7dcdr2dswp16790mxlo.txt,2445078.43622,1464.0813600001857,2.758713382272103e-12,1.646867128182582e-13
N V,1982.0,8dcdr2dswp16801mxlo.txt,2445080.27446,1465.9196000001393,3.0555114227162858e-12,2.038952440681179e-13
N V,1982.0,9dcdr2dswp16802mxlo.txt,2445080.32265,1465.9677900001407,3.124804244753724e-12,2.622934210557448e-13
N V,1982.0,10dcdr2dswp16803mxlo.txt,2445080.37093,1466.0160700003617,2.5082679432425336e-12,1.2250804217116117e-13
N V,1982.0,12dcdr2dswp17301mxlo.txt,2445148.31179,1533.956930000335,3.2275869219672467e-12,2.0935380074739548e-13
N V,1982.0,13dcdr2dswp17302mxlo.txt,2445148.35831,1534.003450000193,2.806058630727143e-12,3.3463628729460026e-13
N V,1982.0,14dcdr2dswp17303mxlo.txt,2445148.4014,1534.0465400000103,3.603317028527294e-12,2.012814254451428e-13
N V,1983.0,15dcdr2dswp19731mxlo.txt,2445439.96013,1825.6052700001746,4.077889521988525e-12,1.9630760346510717e-13
N V,1984.0,16dcdr2dswp23063mxlo.txt,2445841.4891,2227.134240000043,3.2640453958444774e-12,1.1191668772678886e-13
N V,1984.0,17dcdr2dswp23064mxlo.txt,2445841.53637,2227.181510000024,2.786034570003251e-12,1.1324274512629528e-13
N V,1984.0,18dcdr2dswp23444mxlo.txt,2445893.58914,2279.234279999975,2.3891482273096886e-12,1.3330992308790908e-13
N V,1985.0,19dcdr2dswp25973mxlo.txt,2446204.65473,2590.299870000221,2.7412732117555543e-12,9.802028695734532e-14
N V,1985.0,20dcdr2dswp25974mxlo.txt,2446204.70719,2590.35233000014,2.6143779749875338e-12,1.3954012015825315e-13
N V,1985.0,21dcdr2dswp26489mxlo.txt,2446273.85969,2659.5048299999908,3.797679307690463e-12,1.9530462916826744e-13
N V,1986.0,22dcdr2dswp28304mxlo.txt,2446564.66188,2950.307020000182,2.9465372653788673e-12,1.3386774144313496e-13
N V,1986.0,23dcdr2dswp28305mxlo.txt,2446564.71157,2950.3567099999636,2.8272659702909743e-12,1.3127816684811899e-13
N V,1986.0,24dcdr2dswp29774mxlo.txt,2446764.17181,3149.816950000357,4.17855102104501e-12,1.555352989825066e-13
N V,1986.0,25dcdr2dswp29775mxlo.txt,2446764.22277,3149.86791000003,3.599649983169059e-12,2.104552188582036e-13
N V,1986.0,26dcdr2dswp29843mxlo.txt,2446775.08101,3160.7261500000022,5.2378150627633984e-12,2.330904169187706e-13
N V,1986.0,27dcdr2dswp29844mxlo.txt,2446775.13941,3160.784549999982,4.046839646442721e-12,1.219283979416575e-13
N V,1986.0,28dcdr2dswp29939mxlo.txt,2446787.09865,3172.7437900002114,5.3408863749325765e-12,1.7978935948457817e-13
N V,1986.0,29dcdr2dswp29940mxlo.txt,2446787.15587,3172.801010000054,4.6446511271470356e-12,2.720422412126581e-13
N V,1987.0,30dcdr2dswp30081mxlo.txt,2446808.00218,3193.647319999989,4.123382452230682e-12,1.796434052791505e-13
N V,1987.0,31dcdr2dswp30082mxlo.txt,2446808.05385,3193.698989999946,2.9263830570957238e-12,1.4395027099300437e-13
N V,1987.0,32dcdr2dswp30141mxlo.txt,2446818.81943,3204.464570000302,3.556661044244097e-12,1.7027434488040557e-13
N V,1987.0,33dcdr2dswp30142mxlo.txt,2446818.87052,3204.5156600000337,3.665331003792566e-12,2.31209462969272e-13
N V,1987.0,34dcdr2dswp30238mxlo.txt,2446829.4259,3215.071040000301,2.8294199392648624e-12,2.1040676097492718e-13
N V,1987.0,35dcdr2dswp30239mxlo.txt,2446829.47735,3215.1224899999797,4.398570577524112e-12,2.220839502059666e-13
N V,1987.0,36dcdr2dswp30243mxlo.txt,2446829.75275,3215.3978900001384,3.862876177146433e-12,2.1472131655762955e-13
N V,1987.0,37dcdr2dswp30244mxlo.txt,2446829.80409,3215.4492300003767,3.689633621562136e-12,2.065249444449943e-13
N V,1987.0,38dcdr2dswp30331mxlo.txt,2446844.83417,3230.4793100003153,3.4373400634343086e-12,1.6803755803671776e-13
N V,1987.0,39dcdr2dswp30332mxlo.txt,2446844.886,3230.5311400000937,3.86512094394863e-12,1.8351144944905437e-13
N V,1987.0,40dcdr2dswp31077mxlo.txt,2446948.40162,3334.0467600002885,2.8653578444054582e-12,1.810195664261895e-13
N V,1987.0,41dcdr2dswp31078mxlo.txt,2446948.45322,3334.098360000178,4.104415515898121e-12,1.3855842543961072e-13
N V,1987.0,42dcdr2dswp31079mxlo.txt,2446948.51856,3334.163700000383,3.6387190624870324e-12,1.1682995970936564e-13
N V,1987.0,43dcdr2dswp31353mxlo.txt,2446994.33255,3379.977690000087,2.827802337553527e-12,1.639742037457742e-13
N V,1987.0,44dcdr2dswp31354mxlo.txt,2446994.39286,3380.038000000175,2.8479480448164714e-12,1.6328952905482385e-13
N V,1987.0,45dcdr2dswp32459mxlo.txt,2447133.9083,3519.5534399999306,2.879723918085768e-12,1.280152666656487e-13
N V,1987.0,46dcdr2dswp32460mxlo.txt,2447133.96868,3519.613820000086,2.742387539317752e-12,1.3801980288649046e-13
N V,1987.0,47dcdr2dswp32638mxlo.txt,2447159.10667,3544.751810000278,2.8690811507421773e-12,1.9406501509303348e-13
N V,1987.0,48dcdr2dswp32639mxlo.txt,2447159.15628,3544.8014200003818,2.7836902647771454e-12,2.0094310295267905e-13
N V,1988.0,49dcdr2dswp32725mxlo.txt,2447174.95447,3560.599610000383,3.887689358308086e-12,1.1856182040602987e-13
N V,1988.0,50dcdr2dswp32726mxlo.txt,2447175.01424,3560.6593800000846,3.1983343317393093e-12,1.2614734712738009e-13
N V,1988.0,51dcdr2dswp32889mxlo.txt,2447200.72588,3586.3710199999623,3.825199867929766e-12,1.7593181748874861e-13
N V,1988.0,52dcdr2dswp32890mxlo.txt,2447200.7777,3586.4228400001302,2.4377766215301977e-12,1.333991081644239e-13
N V,1988.0,53dcdr2dswp33486mxlo.txt,2447289.70429,3675.349429999944,3.4700821089507466e-12,2.0848860961466246e-13
N V,1988.0,54dcdr2dswp33487mxlo.txt,2447289.75234,3675.397480000276,3.14630320615958e-12,2.0011188563008449e-13
N V,1988.0,55dcdr2dswp33704mxlo.txt,2447317.40553,3703.050670000259,2.9110717920754436e-12,1.5547424485659345e-13
N V,1988.0,56dcdr2dswp33705mxlo.txt,2447317.45902,3703.1041600001045,3.3754916641614265e-12,1.3752767761874102e-13
N V,1988.0,57dcdr2dswp33797mxlo.txt,2447334.44435,3720.0894900001585,4.0846233245810495e-12,2.393937631366158e-13
N V,1988.0,58dcdr2dswp33889mxlo.txt,2447352.4837,3738.1288400003687,3.818985907378162e-12,1.9838164371948103e-13
N V,1988.0,59dcdr2dswp33890mxlo.txt,2447352.53755,3738.1826900001615,2.742490320978082e-12,1.4447127412477495e-13
N V,1988.0,60dcdr2dswp33907mxlo.txt,2447356.04863,3741.6937700002454,4.4268768730896236e-12,2.761809047419524e-13
N V,1988.0,61dcdr2dswp33908mxlo.txt,2447356.09922,3741.7443600003608,4.985652732681997e-12,2.9070195667332127e-13
N V,1988.0,62dcdr2dswp34996mxlo.txt,2447505.90225,3891.5473899999633,2.8044538035171356e-12,1.7644149965884478e-13
N V,1988.0,63dcdr2dswp34997mxlo.txt,2447505.95638,3891.6015200000256,2.9039114016871757e-12,1.645102739589577e-13
N V,1988.0,64dcdr2dswp35154mxlo.txt,2447523.1002,3908.7453400003724,3.3767738364295965e-12,1.5967487080698437e-13
N V,1988.0,65dcdr2dswp35155mxlo.txt,2447523.15706,3908.8022000002675,3.3454979432796756e-12,1.7494055320637808e-13
N V,1989.0,66dcdr2dswp35395mxlo.txt,2447550.05735,3935.7024900000542,3.363930415778244e-12,1.2087049491005667e-13
N V,1989.0,67dcdr2dswp35396mxlo.txt,2447550.10245,3935.7475900002755,2.992726805911065e-12,1.8329637895917112e-13
N V,1989.0,68dcdr2dswp35470mxlo.txt,2447560.53772,3946.182860000059,2.9364205171741787e-12,1.5973638494000628e-13
N V,1989.0,69dcdr2dswp35471mxlo.txt,2447560.58336,3946.228500000201,3.842589046186922e-12,2.0202187752638688e-13
N V,1989.0,70dcdr2dswp35476mxlo.txt,2447561.71625,3947.361390000209,3.3042475779975676e-12,1.3849471829258181e-13
N V,1989.0,71dcdr2dswp35477mxlo.txt,2447561.77113,3947.4162699999288,3.214178711977626e-12,1.3387076299951382e-13
N V,1989.0,72dcdr2dswp36169mxlo.txt,2447646.58108,4032.2262200000696,3.902426621127975e-12,1.3278395824037303e-13
N V,1989.0,73dcdr2dswp36170mxlo.txt,2447646.63447,4032.279610000085,2.776599806595768e-12,1.2563694029277476e-13
N V,1989.0,74dcdr2dswp36265mxlo.txt,2447661.63694,4047.2820800002664,3.4941275055274264e-12,1.4290316274730634e-13
N V,1989.0,75dcdr2dswp36266mxlo.txt,2447661.7028,4047.3479400002398,2.1352148905529267e-12,1.2389972768649656e-13
N V,1989.0,76dcdr2dswp36370mxlo.txt,2447677.64375,4063.288889999967,3.722680962539067e-12,1.1526401587361124e-13
N V,1989.0,77dcdr2dswp36371mxlo.txt,2447677.70013,4063.3452699999325,2.379592827401734e-12,1.4001567870920188e-13
N V,1989.0,78dcdr2dswp36489mxlo.txt,2447691.61709,4077.262229999993,3.72200014195046e-12,1.7659107408479455e-13
N V,1989.0,79dcdr2dswp36490mxlo.txt,2447691.66907,4077.3142099999823,2.6224157727624692e-12,1.833921799957458e-13
N V,1989.0,80dcdr2dswp36560mxlo.txt,2447698.27637,4083.9215100002475,2.131842327866172e-12,1.4546175500556738e-13
N V,1989.0,81dcdr2dswp36617mxlo.txt,2447713.48961,4099.134750000201,3.3632730173783693e-12,1.338168883595615e-13
N V,1989.0,82dcdr2dswp36618mxlo.txt,2447713.54337,4099.18851000024,1.9062326397162624e-12,1.1428301075461818e-13
N V,1989.0,83dcdr2dswp37871mxlo.txt,2447882.91005,4268.555190000217,2.37871055733865e-12,1.898651065623745e-13
N V,1989.0,84dcdr2dswp37872mxlo.txt,2447882.96255,4268.607689999975,2.5473652454009707e-12,1.418379232695479e-13
N V,1990.0,85dcdr2dswp37954mxlo.txt,2447897.06407,4282.709210000001,2.3758964507005157e-12,1.7366858982272084e-13
N V,1990.0,86dcdr2dswp38038mxlo.txt,2447909.00799,4294.6531299999915,2.4106054697692335e-12,1.1154071344107864e-13
N V,1990.0,87dcdr2dswp38039mxlo.txt,2447909.07103,4294.716170000378,2.9225485136623134e-12,1.1445353939616825e-13
N V,1990.0,88dcdr2dswp38139mxlo.txt,2447927.8635,4313.508640000131,2.5189233986528587e-12,1.2476777289484156e-13
N V,1990.0,89dcdr2dswp38140mxlo.txt,2447927.92734,4313.57248000009,2.8317827062491636e-12,1.7066244394695297e-13
N V,1990.0,90dcdr2dswp38708mxlo.txt,2448012.51153,4398.1566699999385,4.066275395532487e-12,9.72051513926876e-14
N V,1990.0,91dcdr2dswp38709mxlo.txt,2448012.58617,4398.2313100001775,2.551179713914686e-12,1.9813266346787877e-13
N V,1990.0,92dcdr2dswp38825mxlo.txt,2448029.73639,4415.3815300003625,3.181522813094379e-12,1.192835588435568e-13
N V,1990.0,93dcdr2dswp38946mxlo.txt,2448043.51272,4429.157860000152,2.783695112995018e-12,8.614158608549155e-14
N V,1990.0,94dcdr2dswp38947mxlo.txt,2448043.57403,4429.2191699999385,4.145669167591636e-12,1.739391098472716e-13
N V,1990.0,95dcdr2dswp39067mxlo.txt,2448054.4206,4440.065739999991,4.1805101148271915e-12,1.1206202050460753e-13
N V,1990.0,96dcdr2dswp39068mxlo.txt,2448054.47637,4440.121509999968,2.229748191400114e-12,1.583143754284249e-13
N V,1990.0,97dcdr2dswp40331mxlo.txt,2448240.06455,4625.709689999931,5.3226652976591294e-12,2.515560610027075e-13
N V,1990.0,98dcdr2dswp40332mxlo.txt,2448240.1203,4625.765440000221,2.8445169467908603e-12,2.4409120858470194e-13
N V,1990.0,99dcdr2dswp40333mxlo.txt,2448240.18602,4625.83116000006,4.33186047673813e-12,2.279400933132965e-13
N V,1990.0,100dcdr2dswp40334mxlo.txt,2448240.22823,4625.873370000161,4.067020271661129e-12,2.428933759880694e-13
N V,1990.0,101dcdr2dswp40392mxlo.txt,2448245.31721,4630.962350000162,2.1648162879920965e-12,1.5850066628751226e-13
N V,1990.0,102dcdr2dswp40393mxlo.txt,2448245.35773,4631.0028699999675,4.823951540675828e-12,2.0931324665803652e-13
N V,1990.0,103dcdr2dswp40412mxlo.txt,2448246.23862,4631.883760000113,3.641548118699547e-12,2.2622138485891852e-13
N V,1990.0,104dcdr2dswp40413mxlo.txt,2448246.28572,4631.930860000197,3.991867121462878e-12,2.5155753360101384e-13
N V,1990.0,105dcdr2dswp40414mxlo.txt,2448246.33682,4631.981960000005,4.1404690006546455e-12,1.6965079599850242e-13
N V,1990.0,106dcdr2dswp40470mxlo.txt,2448253.09882,4638.743960000109,2.756145483429204e-12,1.946740017835421e-13
N V,1991.0,107dcdr2dswp40546mxlo.txt,2448264.36171,4650.006850000005,2.1065935483604285e-12,1.9797787892230428e-13
N V,1991.0,108dcdr2dswp40580mxlo.txt,2448269.82462,4655.46976000024,2.938778402868378e-12,2.077012941334078e-13
N V,1991.0,109dcdr2dswp40581mxlo.txt,2448269.87881,4655.523950000294,3.5443199400256687e-12,2.515287035051646e-13
N V,1991.0,110dcdr2dswp40584mxlo.txt,2448270.23464,4655.879780000076,3.417237379837277e-12,1.8638801991916509e-13
N V,1991.0,111dcdr2dswp40594mxlo.txt,2448271.69024,4657.335380000062,3.1081336035606564e-12,2.641753708431287e-13
N V,1991.0,112dcdr2dswp40595mxlo.txt,2448271.74441,4657.3895499999635,2.7548654629197487e-12,2.2399433488818286e-13
N V,1991.0,113dcdr2dswp40619mxlo.txt,2448273.52138,4659.16651999997,2.6595032338287757e-12,2.732429840423954e-13
N V,1991.0,114dcdr2dswp40620mxlo.txt,2448273.57358,4659.218720000237,2.1566297283780187e-12,1.3474244009068458e-13
N V,1991.0,115dcdr2dswp40660mxlo.txt,2448279.61078,4665.255920000374,4.082782011910221e-12,2.60658365842369e-13
N V,1991.0,116dcdr2dswp40661mxlo.txt,2448279.66219,4665.307330000214,2.711977049957274e-12,1.869070161445229e-13
N V,1991.0,117dcdr2dswp40666mxlo.txt,2448280.81833,4666.463470000308,2.7535732345562966e-12,1.6285178504322817e-13
N V,1991.0,118dcdr2dswp40667mxlo.txt,2448280.87456,4666.519700000063,3.5052058239056645e-12,2.0339236611046905e-13
N V,1991.0,119dcdr2dswp40840mxlo.txt,2448295.86608,4681.511220000219,3.2501126610890965e-12,1.5229595140438406e-13
N V,1991.0,120dcdr2dswp40841mxlo.txt,2448295.92458,4681.569720000029,3.42785126575618e-12,1.801880909063587e-13
N V,1991.0,121dcdr2dswp41582mxlo.txt,2448382.66831,4768.313450000249,3.2041284389201588e-12,2.2088744130564418e-13
N V,1991.0,122dcdr2dswp41583mxlo.txt,2448382.724,4768.369140000083,3.111164268034244e-12,1.61747154036579e-13
N V,1991.0,123dcdr2dswp41629mxlo.txt,2448391.52225,4777.167390000075,3.9606841314627775e-12,1.6782609547007548e-13
N V,1991.0,124dcdr2dswp41630mxlo.txt,2448391.58102,4777.226160000078,2.6346716804893146e-12,1.9989357198607854e-13
N V,1991.0,125dcdr2dswp41703mxlo.txt,2448403.66852,4789.313659999985,2.371253228574913e-12,1.8519599907499712e-13
N V,1991.0,126dcdr2dswp41704mxlo.txt,2448403.71866,4789.363799999934,3.2129619277459896e-12,2.232738464718142e-13
N V,1991.0,127dcdr2dswp41851mxlo.txt,2448424.53422,4810.179359999951,3.816603843613607e-12,1.6771405769864018e-13
N V,1991.0,128dcdr2dswp41852mxlo.txt,2448424.58747,4810.232610000297,3.6551402484680165e-12,2.2401514580511141e-13
N V,1991.0,129dcdr2dswp43342mxlo.txt,2448598.08271,4983.727850000374,1.7155293529546561e-12,2.4029143973265297e-13
N V,1991.0,130dcdr2dswp43343mxlo.txt,2448598.14237,4983.787510000169,3.4445585968492444e-12,2.431138663702123e-13
N V,1991.0,131dcdr2dswp43424mxlo.txt,2448609.90858,4995.5537200002,2.7982949697532433e-12,1.2759888970928577e-13
N V,1991.0,132dcdr2dswp43425mxlo.txt,2448609.96998,4995.615120000206,2.807291638322827e-12,9.182626794718296e-14
N V,1992.0,133dcdr2dswp43550mxlo.txt,2448626.96262,5012.607760000043,2.0488888736154203e-12,1.0103846209550002e-13
N V,1992.0,134dcdr2dswp43551mxlo.txt,2448627.03031,5012.675449999981,2.7445036556461712e-12,1.1722044473444642e-13
N V,1992.0,135dcdr2dswp43677mxlo.txt,2448639.97214,5025.617280000355,3.097025621313091e-12,1.9860876687221718e-13
N V,1992.0,136dcdr2dswp43908mxlo.txt,2448653.75094,5039.396080000326,3.7844160517782835e-12,1.6793355398090745e-13
N V,1992.0,137dcdr2dswp43909mxlo.txt,2448653.80265,5039.447790000122,2.657069330466921e-12,1.7213683899165373e-13
N V,1992.0,138dcdr2dswp43994mxlo.txt,2448667.8785,5053.523640000261,2.7041773928801645e-12,1.3289919086831745e-13
N V,1992.0,139dcdr2dswp44480mxlo.txt,2448738.57667,5124.221810000017,4.2777966695588285e-12,2.628758068284978e-13
N V,1992.0,140dcdr2dswp44481mxlo.txt,2448738.63397,5124.279110000003,4.443120353140178e-12,2.4595601768442665e-13
N V,1992.0,141dcdr2dswp44608mxlo.txt,2448748.7259,5134.371040000115,4.3637385343577154e-12,1.8359222691172605e-13
N V,1992.0,142dcdr2dswp44732mxlo.txt,2448763.66191,5149.307049999945,3.319561023552023e-12,1.467063311467871e-13
N V,1992.0,143dcdr2dswp44733mxlo.txt,2448763.71507,5149.360210000072,1.8331091142283514e-12,1.0778451066115275e-13
N V,1992.0,144dcdr2dswp44871mxlo.txt,2448779.41814,5165.063280000351,4.00422737360644e-12,2.6454143941692415e-13
N V,1992.0,145dcdr2dswp44872mxlo.txt,2448779.47145,5165.116590000223,3.683922313602796e-12,3.3547414495140886e-13
N V,1992.0,146dcdr2dswp44967mxlo.txt,2448794.6169,5180.262039999943,3.361136350117597e-12,2.0544689658176106e-13
N V,1992.0,147dcdr2dswp44968mxlo.txt,2448794.67178,5180.316920000128,3.782648097656017e-12,2.1202904334888966e-13
N V,1992.0,148dcdr2dswp45079mxlo.txt,2448809.31051,5194.955650000367,5.100507811705428e-12,2.6563140139423074e-13
N V,1992.0,149dcdr2dswp45080mxlo.txt,2448809.36508,5195.010220000055,4.834348264667218e-12,2.831134240924774e-13
N V,1992.0,150dcdr2dswp46514mxlo.txt,2448973.97646,5359.621600000188,3.5559126037461966e-12,2.2360317020771422e-13
N V,1992.0,151dcdr2dswp46515mxlo.txt,2448974.03314,5359.678280000109,3.68940727130843e-12,2.2809526974031533e-13
N V,1992.0,152dcdr2dswp46516mxlo.txt,2448974.12174,5359.76688000001,3.944362455657496e-12,2.1391493926647771e-13
N V,1992.0,153dcdr2dswp46607mxlo.txt,2448985.45715,5371.102290000301,2.7947054479823988e-12,1.474482254802789e-13
N V,1992.0,154dcdr2dswp46608mxlo.txt,2448985.52169,5371.166830000002,2.5353148847965957e-12,2.985814208876872e-13
N V,1992.0,155dcdr2dswp46633mxlo.txt,2448987.9867,5373.631839999929,2.496189986122605e-12,1.6762809476034535e-13
N V,1993.0,156dcdr2dswp46647mxlo.txt,2448989.88841,5375.533550000284,1.260663385846587e-12,1.1102054275314558e-13
N V,1993.0,157dcdr2dswp46650mxlo.txt,2448990.61029,5376.2554300003685,1.8101262064014105e-12,2.8360223177647193e-13
N V,1993.0,158dcdr2dswp46654mxlo.txt,2448991.54194,5377.1870800000615,2.3312975613618493e-12,3.000717079988306e-13
N V,1993.0,159dcdr2dswp46658mxlo.txt,2448992.56383,5378.208970000036,1.973620999040276e-12,1.7914802146669483e-13
N V,1993.0,160dcdr2dswp46663mxlo.txt,2448993.55841,5379.203550000209,3.011390164718843e-12,3.714726207562532e-13
N V,1993.0,161dcdr2dswp46692mxlo.txt,2448997.23609,5382.881229999941,3.44901990388165e-12,2.429700905972337e-13
N V,1993.0,162dcdr2dswp46739mxlo.txt,2449003.83271,5389.477850000374,3.531827330213357e-12,1.703765743257525e-13
N V,1993.0,163dcdr2dswp46863mxlo.txt,2449019.7395,5405.384640000295,4.631154184658433e-12,1.8785971962763132e-13
N V,1993.0,164dcdr2dswp46864mxlo.txt,2449019.78859,5405.433730000164,3.4812789608588633e-12,1.3097202566167477e-13
N V,1993.0,165dcdr2dswp46926mxlo.txt,2449031.78126,5417.4264000002295,2.9172999838185593e-12,1.3870150925007025e-13
N V,1993.0,166dcdr2dswp46927mxlo.txt,2449031.83492,5417.480059999973,3.1310475451342044e-12,1.8646676733413515e-13
N V,1993.0,167dcdr2dswp47654mxlo.txt,2449119.50971,5505.15485000005,3.642343762298439e-12,1.619463786519788e-13
N V,1993.0,168dcdr2dswp47655mxlo.txt,2449119.56345,5505.2085899999365,4.493836488325378e-12,1.6246483491547866e-13
N V,1993.0,169dcdr2dswp47744mxlo.txt,2449134.66709,5520.312230000272,4.422999072978356e-12,2.2444150914296048e-13
N V,1993.0,170dcdr2dswp47745mxlo.txt,2449134.71817,5520.363309999928,2.8719533664165253e-12,1.0762570537920088e-13
N V,1993.0,171dcdr2dswp49596mxlo.txt,2449336.10162,5721.746760000009,3.591873502019269e-12,1.5122643367602672e-13
N V,1993.0,172dcdr2dswp49597mxlo.txt,2449336.1692,5721.814340000041,3.3617586633067027e-12,2.364321363178268e-13
N V,1993.0,173dcdr2dswp49693mxlo.txt,2449348.92644,5734.571580000222,3.665270526173091e-12,1.497790342543534e-13
N V,1993.0,174dcdr2dswp49694mxlo.txt,2449348.98438,5734.629519999959,3.465471759545158e-12,1.3475718392844926e-13
N V,1994.0,175dcdr2dswp49795mxlo.txt,2449361.19398,5746.839120000135,2.9816865920258844e-12,1.8058544824622152e-13
N V,1994.0,176dcdr2dswp49796mxlo.txt,2449361.24083,5746.885970000178,3.799719539930016e-12,2.1616073805671e-13
N V,1994.0,179dcdr2dswp49830mxlo.txt,2449366.75045,5752.39559000032,4.124785994351014e-12,1.9838269528554292e-13
N V,1994.0,180dcdr2dswp49879mxlo.txt,2449376.75838,5762.403520000167,3.8672643809409165e-12,2.539334069907683e-13
N V,1994.0,181dcdr2dswp49880mxlo.txt,2449376.81093,5762.456070000306,2.5911287981058943e-12,1.1489234779341276e-13
N V,1994.0,182dcdr2dswp49969mxlo.txt,2449390.92439,5776.569529999979,2.5245495250232345e-12,1.8937792055269957e-13
N V,1994.0,183dcdr2dswp49970mxlo.txt,2449390.97727,5776.622410000302,2.769747748506082e-12,2.2535066308658058e-13
N V,1994.0,184dcdr2dswp50091mxlo.txt,2449406.93755,5792.582690000068,2.4023716467895757e-12,2.1506027948815402e-13
N V,1994.0,185dcdr2dswp50092mxlo.txt,2449406.98983,5792.634970000014,2.1824487094157972e-12,1.5446953612974006e-13
N V,1994.0,186dcdr2dswp50676mxlo.txt,2449475.51407,5861.159210000187,3.5821312380427126e-12,1.8687642587191967e-13
N V,1994.0,187dcdr2dswp50677mxlo.txt,2449475.56226,5861.2074000001885,3.4196937414664115e-12,2.3852412691026294e-13
N V,1994.0,188dcdr2dswp50769mxlo.txt,2449487.62498,5873.270120000001,4.138176851142419e-12,2.1833739646804465e-13
N V,1994.0,189dcdr2dswp50770mxlo.txt,2449487.67285,5873.31799000036,2.1766833857313945e-12,1.5781603485164396e-13
N V,1994.0,190dcdr2dswp50934mxlo.txt,2449502.51009,5888.1552300001495,3.066499985185765e-12,2.6080794867774447e-13
N V,1994.0,191dcdr2dswp50935mxlo.txt,2449502.56256,5888.2077000001445,5.197843798802766e-12,2.6945329761899324e-13
N V,1994.0,192dcdr2dswp51099mxlo.txt,2449518.59228,5904.237420000136,4.986036304380994e-12,2.8443606967149364e-13
N V,1994.0,193dcdr2dswp51100mxlo.txt,2449518.65385,5904.298990000039,2.1822190250691744e-12,2.2094183590990344e-13
N V,1994.0,194dcdr2dswp51140mxlo.txt,2449523.7483,5909.393440000247,2.536901274948124e-12,1.7213835105398766e-13
N V,1994.0,195dcdr2dswp51141mxlo.txt,2449523.79645,5909.441589999944,5.488648437446905e-12,2.631079826707158e-13
N V,1994.0,196dcdr2dswp51238mxlo.txt,2449531.42692,5917.072060000151,3.0995213517369925e-12,2.261968455048324e-13
N V,1994.0,197dcdr2dswp51239mxlo.txt,2449531.49236,5917.137500000186,2.93845669394906e-12,1.2997050205139796e-13
N V,1994.0,198dcdr2dswp53223mxlo.txt,2449717.12322,6102.768360000104,3.57532829529848e-12,2.010474131031783e-13
N V,1994.0,199dcdr2dswp53224mxlo.txt,2449717.1715,6102.816640000325,2.9341997660493092e-12,1.732881881801766e-13
N V,1995.0,200dcdr2dswp53262mxlo.txt,2449721.21616,6106.86129999999,3.1093804554929176e-12,2.0273239244717e-13
N V,1995.0,201dcdr2dswp53263mxlo.txt,2449721.26541,6106.910550000146,4.775699015467268e-12,2.118514337150765e-13
N V,1995.0,202dcdr2dswp53264mxlo.txt,2449721.31343,6106.95857000025,3.6546780627304534e-12,2.47371541576364e-13
N V,1995.0,203dcdr2dswp53265mxlo.txt,2449721.36698,6107.012120000087,4.15136510910515e-12,2.6102898479611326e-13
N V,1995.0,204dcdr2dswp53266mxlo.txt,2449721.4166,6107.061740000267,3.478610032228271e-12,2.611324958548425e-13
N V,1995.0,205dcdr2dswp53281mxlo.txt,2449722.67308,6108.318220000248,3.5273509314076706e-12,1.839325619164735e-13
N V,1995.0,206dcdr2dswp53282mxlo.txt,2449722.71752,6108.362660000101,3.488253088133774e-12,1.8136438342375313e-13
N V,1995.0,207dcdr2dswp53283mxlo.txt,2449722.76137,6108.406510000117,3.904563819550049e-12,2.1290079425483588e-13
N V,1995.0,208dcdr2dswp53291mxlo.txt,2449724.37198,6110.017119999975,3.4871803260243475e-12,2.5823699168391467e-13
N V,1995.0,209dcdr2dswp53292mxlo.txt,2449724.427,6110.072140000295,2.515338806055127e-12,1.4960874357151414e-13
N V,1995.0,210dcdr2dswp53293mxlo.txt,2449724.47424,6110.119380000047,3.850055863887507e-12,2.6149594328914764e-13
N V,1995.0,211dcdr2dswp53296mxlo.txt,2449725.03383,6110.678970000241,5.064094806449185e-12,2.7653135733124276e-13
N V,1995.0,212dcdr2dswp53297mxlo.txt,2449725.08252,6110.727660000324,2.763909118494e-12,1.505686914808389e-13
N V,1995.0,213dcdr2dswp53305mxlo.txt,2449727.02806,6112.6732000000775,2.4108147251783986e-12,2.200265727405908e-13
N V,1995.0,214dcdr2dswp53306mxlo.txt,2449727.10558,6112.75072000036,3.3803169437266777e-12,2.6770274705409705e-13
N V,1995.0,215dcdr2dswp53307mxlo.txt,2449727.15231,6112.797449999955,2.6877499598022927e-12,1.8058287226259454e-13
N V,1995.0,216dcdr2dswp53328mxlo.txt,2449729.51029,6115.155430000275,3.809568396224749e-12,1.750453100018617e-13
N V,1995.0,217dcdr2dswp53329mxlo.txt,2449729.56066,6115.2058000001125,4.194362804156346e-12,2.3316828239672246e-13
N V,1995.0,218dcdr2dswp53330mxlo.txt,2449729.60627,6115.251410000026,3.2563142252280756e-12,2.192856565930623e-13
N V,1995.0,219dcdr2dswp53331mxlo.txt,2449729.74469,6115.389830000233,3.9084189637112766e-12,2.516322116573407e-13
N V,1995.0,220dcdr2dswp53332mxlo.txt,2449729.80021,6115.445350000169,3.347766028104308e-12,1.775131447074578e-13
N V,1995.0,221dcdr2dswp53333mxlo.txt,2449730.37623,6116.021370000206,2.4843320309573165e-12,1.4535973338524166e-13
N V,1995.0,222dcdr2dswp53334mxlo.txt,2449730.42723,6116.072370000184,4.432509315941316e-12,1.527162098590576e-13
N V,1995.0,223dcdr2dswp53785mxlo.txt,2449746.88858,6132.533720000181,3.2512691436647417e-12,1.6442098326086297e-13
N V,1995.0,224dcdr2dswp53786mxlo.txt,2449746.94882,6132.593960000202,3.499643565618692e-12,1.9558342139469073e-13
N V,1995.0,225dcdr2dswp53914mxlo.txt,2449762.9328,6148.577940000221,2.957780273328875e-12,1.9100142802618086e-13
N V,1995.0,226dcdr2dswp53915mxlo.txt,2449762.98733,6148.63247000007,3.424052466525142e-12,2.612310676276358e-13
N V,1995.0,227dcdr2dswp54580mxlo.txt,2449840.69494,6226.3400799999945,4.2036846294726374e-12,2.507409183297335e-13
N V,1995.0,228dcdr2dswp54581mxlo.txt,2449840.74501,6226.390150000341,4.944813923559352e-12,2.646752925928812e-13
N V,1995.0,229dcdr2dswp54697mxlo.txt,2449854.67649,6240.321630000137,4.8587708129879356e-12,2.2089134288495782e-13
N V,1995.0,230dcdr2dswp54698mxlo.txt,2449855.72563,6241.370769999921,2.9585042044231617e-12,1.4538352357575563e-13
N V,1995.0,231dcdr2dswp54802mxlo.txt,2449868.67042,6254.315560000017,3.1727628104672193e-12,1.6963731689668385e-13
N V,1995.0,232dcdr2dswp54803mxlo.txt,2449868.73225,6254.377390000038,3.991781195881448e-12,1.3065049504579677e-13
N V,1995.0,233dcdr2dswp54998mxlo.txt,2449882.54679,6268.191930000205,4.289683200379733e-12,2.3006816662404687e-13
N V,1995.0,234dcdr2dswp54999mxlo.txt,2449882.59977,6268.244910000358,3.102854758364056e-12,2.0494992843643619e-13
N V,1995.0,235dcdr2dswp55148mxlo.txt,2449895.51914,6281.164280000143,3.2130135410532802e-12,1.8686584990627683e-13
N V,1995.0,236dcdr2dswp55147mxlo.txt,2449896.43318,6282.078320000321,3.786881497988856e-12,2.335393272656816e-13
N V,1995.0,237dcdr2dswp56312mxlo.txt,2450070.35794,6456.00308000017,2.797456024937964e-12,1.4533592252253316e-13
N V,1995.0,238dcdr2dswp56322mxlo.txt,2450073.21096,6458.856099999975,2.6785660339072566e-12,2.0219933038685117e-13
N V,1995.0,239dcdr2dswp56348mxlo.txt,2450078.03265,6463.677790000103,3.3902026430656413e-12,2.3160336035091067e-13
N V,1995.0,240dcdr2dswp56368mxlo.txt,2450082.89171,6468.536850000266,4.631481255454747e-12,2.3127993257157043e-13
N V,1996.0,241dcdr2dswp56382mxlo.txt,2450087.81387,6473.459010000341,3.5789997514635174e-12,2.2655885623474638e-13
N V,1996.0,242dcdr2dswp56398mxlo.txt,2450092.8189,6478.464039999992,3.069606681952639e-12,1.835136487300603e-13
N V,1996.0,243dcdr2dswp56581mxlo.txt,2450098.8145,6484.4596400000155,2.656390695887467e-12,1.4431784129625987e-13
N V,1996.0,244dcdr2dswp56588mxlo.txt,2450100.851,6486.496139999945,3.2440680940844312e-12,1.6380308911133234e-13
N V,1996.0,245dcdr2dswp56622mxlo.txt,2450102.85589,6488.501029999927,2.6917529648975307e-12,2.1685768024786205e-13
N V,1996.0,246dcdr2dswp56629mxlo.txt,2450104.84473,6490.489870000165,2.6201206487878007e-12,1.8244772649576688e-13
N V,1996.0,247dcdr2dswp56632mxlo.txt,2450106.81597,6492.461110000033,3.144265796595538e-12,1.751196080189747e-13
N V,1996.0,248dcdr2dswp56636mxlo.txt,2450108.81105,6494.456190000288,2.673359014098285e-12,1.8078495257542832e-13
N V,1996.0,249dcdr2dswp56642mxlo.txt,2450110.84238,6496.487519999966,3.221525986762707e-12,2.0573637700169582e-13
N V,1996.0,250dcdr2dswp56653mxlo.txt,2450112.97499,6498.62013000017,3.370943693549156e-12,2.2841663313416216e-13
O I + Si II,1978.0,1dcdr2dswp01365mxlo.txt,2443614.35486,0.0,3.701957694124925e-13,9.377263799519207e-14
O I + Si II,1978.0,3dcdr2dswp01642mxlo.txt,2443654.90736,40.55250000022352,3.803636319807505e-13,6.974913772413043e-14
O I + Si II,1979.0,5dcdr2dswp05116mxlo.txt,2443997.54954,383.1946800001897,5.387437227934249e-13,1.6003522549986972e-13
O I + Si II,1982.0,8dcdr2dswp16801mxlo.txt,2445080.27446,1465.9196000001393,3.354599281538346e-13,9.931749222357532e-14
O I + Si II,1982.0,9dcdr2dswp16802mxlo.txt,2445080.32265,1465.9677900001407,6.92369401065485e-13,1.6483820691490635e-13
O I + Si II,1983.0,15dcdr2dswp19731mxlo.txt,2445439.96013,1825.6052700001746,9.163055810000784e-13,2.426475530839456e-13
O I + Si II,1984.0,16dcdr2dswp23063mxlo.txt,2445841.4891,2227.134240000043,9.10192671189148e-13,1.6049645713687466e-13
O I + Si II,1984.0,17dcdr2dswp23064mxlo.txt,2445841.53637,2227.181510000024,6.786030955983572e-13,1.2604428519034365e-13
O I + Si II,1984.0,18dcdr2dswp23444mxlo.txt,2445893.58914,2279.234279999975,1.704433869863002e-13,3.848313779679941e-14
O I + Si II,1985.0,19dcdr2dswp25973mxlo.txt,2446204.65473,2590.299870000221,9.504315464917482e-13,1.1323720548249095e-13
O I + Si II,1985.0,20dcdr2dswp25974mxlo.txt,2446204.70719,2590.35233000014,4.5427651584363344e-13,7.743357737435163e-14
O I + Si II,1986.0,22dcdr2dswp28304mxlo.txt,2446564.66188,2950.307020000182,5.89659950833879e-13,1.0553731782393441e-13
O I + Si II,1986.0,23dcdr2dswp28305mxlo.txt,2446564.71157,2950.3567099999636,7.289354662058885e-13,1.0211281500848723e-13
O I + Si II,1986.0,24dcdr2dswp29774mxlo.txt,2446764.17181,3149.816950000357,2.902921858484551e-13,8.153425034115016e-14
O I + Si II,1986.0,26dcdr2dswp29843mxlo.txt,2446775.08101,3160.7261500000022,5.944886375878507e-13,9.164119908180842e-14
O I + Si II,1986.0,27dcdr2dswp29844mxlo.txt,2446775.13941,3160.784549999982,4.21077626900311e-13,1.0934145938012899e-13
O I + Si II,1986.0,28dcdr2dswp29939mxlo.txt,2446787.09865,3172.7437900002114,5.231194671251346e-13,1.6620404015215723e-13
O I + Si II,1986.0,29dcdr2dswp29940mxlo.txt,2446787.15587,3172.801010000054,2.5576782595289443e-13,6.430008340998986e-14
O I + Si II,1987.0,30dcdr2dswp30081mxlo.txt,2446808.00218,3193.647319999989,3.4193953805330355e-13,6.445802827755821e-14
O I + Si II,1987.0,32dcdr2dswp30141mxlo.txt,2446818.81943,3204.464570000302,7.414094814988503e-13,1.4104208387215662e-13
O I + Si II,1987.0,33dcdr2dswp30142mxlo.txt,2446818.87052,3204.5156600000337,6.092372133773219e-13,8.764579478787558e-14
O I + Si II,1987.0,34dcdr2dswp30238mxlo.txt,2446829.4259,3215.071040000301,5.829999629688453e-13,9.273459787394244e-14
O I + Si II,1987.0,35dcdr2dswp30239mxlo.txt,2446829.47735,3215.1224899999797,2.7352782264285737e-13,8.769300034200251e-14
O I + Si II,1987.0,36dcdr2dswp30243mxlo.txt,2446829.75275,3215.3978900001384,7.494244044238087e-13,1.359508337325974e-13
O I + Si II,1987.0,37dcdr2dswp30244mxlo.txt,2446829.80409,3215.4492300003767,4.2107080276321976e-13,9.743210584214958e-14
O I + Si II,1987.0,41dcdr2dswp31078mxlo.txt,2446948.45322,3334.098360000178,3.4501842055751563e-13,8.167512477633016e-14
O I + Si II,1987.0,42dcdr2dswp31079mxlo.txt,2446948.51856,3334.163700000383,7.304987542400566e-13,7.079575039682996e-14
O I + Si II,1987.0,44dcdr2dswp31354mxlo.txt,2446994.39286,3380.038000000175,7.063488828120652e-13,1.2805162066754425e-13
O I + Si II,1987.0,45dcdr2dswp32459mxlo.txt,2447133.9083,3519.5534399999306,6.85878287751229e-13,1.5708395405692179e-13
O I + Si II,1987.0,47dcdr2dswp32638mxlo.txt,2447159.10667,3544.751810000278,4.2578180219201747e-13,9.17452835490495e-14
O I + Si II,1988.0,49dcdr2dswp32725mxlo.txt,2447174.95447,3560.599610000383,8.131282250141603e-13,8.306583333708257e-14
O I + Si II,1988.0,50dcdr2dswp32726mxlo.txt,2447175.01424,3560.6593800000846,6.163989698798051e-13,8.790853241608452e-14
O I + Si II,1988.0,51dcdr2dswp32889mxlo.txt,2447200.72588,3586.3710199999623,4.723050646508132e-13,1.150284768275332e-13
O I + Si II,1988.0,52dcdr2dswp32890mxlo.txt,2447200.7777,3586.4228400001302,3.170708736267668e-13,9.323626778711668e-14
O I + Si II,1988.0,53dcdr2dswp33486mxlo.txt,2447289.70429,3675.349429999944,1.7556521274446634e-13,4.7266110909794604e-14
O I + Si II,1988.0,55dcdr2dswp33704mxlo.txt,2447317.40553,3703.050670000259,1.150424939906788e-12,1.309519041425427e-13
O I + Si II,1988.0,56dcdr2dswp33705mxlo.txt,2447317.45902,3703.1041600001045,3.471609939431135e-13,7.814856463162542e-14
O I + Si II,1988.0,58dcdr2dswp33889mxlo.txt,2447352.4837,3738.1288400003687,7.554443100168641e-13,1.8320095453072134e-13
O I + Si II,1988.0,59dcdr2dswp33890mxlo.txt,2447352.53755,3738.1826900001615,4.044102453667004e-13,1.1334597780598089e-13
O I + Si II,1988.0,61dcdr2dswp33908mxlo.txt,2447356.09922,3741.7443600003608,6.304838017847079e-13,1.6059856414431214e-13
O I + Si II,1988.0,62dcdr2dswp34996mxlo.txt,2447505.90225,3891.5473899999633,2.556705070877837e-13,4.034792596871497e-14
O I + Si II,1988.0,63dcdr2dswp34997mxlo.txt,2447505.95638,3891.6015200000256,2.20556545498634e-13,6.616533065050415e-14
O I + Si II,1988.0,64dcdr2dswp35154mxlo.txt,2447523.1002,3908.7453400003724,6.53148403744244e-13,1.0588387307341805e-13
O I + Si II,1988.0,65dcdr2dswp35155mxlo.txt,2447523.15706,3908.8022000002675,3.702500386172702e-13,1.1089226323277155e-13
O I + Si II,1989.0,67dcdr2dswp35396mxlo.txt,2447550.10245,3935.7475900002755,4.3326208401220704e-13,1.3996687038869053e-13
O I + Si II,1989.0,69dcdr2dswp35471mxlo.txt,2447560.58336,3946.228500000201,5.47743423550514e-13,1.3600250255084985e-13
O I + Si II,1989.0,70dcdr2dswp35476mxlo.txt,2447561.71625,3947.361390000209,3.7188619973832105e-13,1.0371090740770683e-13
O I + Si II,1989.0,72dcdr2dswp36169mxlo.txt,2447646.58108,4032.2262200000696,4.4144039246385507e-13,8.544884107834293e-14
O I + Si II,1989.0,73dcdr2dswp36170mxlo.txt,2447646.63447,4032.279610000085,7.903107830435731e-13,9.219894553553419e-14
O I + Si II,1989.0,75dcdr2dswp36266mxlo.txt,2447661.7028,4047.3479400002398,2.629150167013252e-13,6.078645526290011e-14
O I + Si II,1989.0,77dcdr2dswp36371mxlo.txt,2447677.70013,4063.3452699999325,5.643063325795038e-13,9.500862512885507e-14
O I + Si II,1989.0,78dcdr2dswp36489mxlo.txt,2447691.61709,4077.262229999993,6.430173722417115e-13,1.082482964383691e-13
O I + Si II,1989.0,79dcdr2dswp36490mxlo.txt,2447691.66907,4077.3142099999823,5.527590424095426e-13,7.916395404057588e-14
O I + Si II,1989.0,81dcdr2dswp36617mxlo.txt,2447713.48961,4099.134750000201,4.381826562068028e-13,1.1122974862921412e-13
O I + Si II,1990.0,85dcdr2dswp37954mxlo.txt,2447897.06407,4282.709210000001,3.2333702072012986e-13,3.652213877478675e-14
O I + Si II,1990.0,88dcdr2dswp38139mxlo.txt,2447927.8635,4313.508640000131,5.767591256149886e-13,6.776798397983535e-14
O I + Si II,1990.0,89dcdr2dswp38140mxlo.txt,2447927.92734,4313.57248000009,6.805957110886091e-13,7.310664554936904e-14
O I + Si II,1990.0,90dcdr2dswp38708mxlo.txt,2448012.51153,4398.1566699999385,4.0045818214826226e-13,9.111005630734028e-14
O I + Si II,1990.0,91dcdr2dswp38709mxlo.txt,2448012.58617,4398.2313100001775,2.43586104169013e-13,7.160465415572324e-14
O I + Si II,1990.0,93dcdr2dswp38946mxlo.txt,2448043.51272,4429.157860000152,4.362668832507044e-13,9.101097567900959e-14
O I + Si II,1990.0,94dcdr2dswp38947mxlo.txt,2448043.57403,4429.2191699999385,6.726553727063009e-13,5.862903603138278e-14
O I + Si II,1990.0,97dcdr2dswp40331mxlo.txt,2448240.06455,4625.709689999931,2.4481469791916056e-13,7.638359818508966e-14
O I + Si II,1990.0,98dcdr2dswp40332mxlo.txt,2448240.1203,4625.765440000221,3.163691826623603e-13,7.954601851891049e-14
O I + Si II,1990.0,99dcdr2dswp40333mxlo.txt,2448240.18602,4625.83116000006,6.062625845235583e-13,8.94546287540098e-14
O I + Si II,1990.0,103dcdr2dswp40412mxlo.txt,2448246.23862,4631.883760000113,3.417614243544031e-13,1.068791768034921e-13
O I + Si II,1990.0,104dcdr2dswp40413mxlo.txt,2448246.28572,4631.930860000197,5.809183781362862e-13,1.3983047695283837e-13
O I + Si II,1990.0,105dcdr2dswp40414mxlo.txt,2448246.33682,4631.981960000005,3.588797753018892e-13,1.0301819407568654e-13
O I + Si II,1991.0,114dcdr2dswp40620mxlo.txt,2448273.57358,4659.218720000237,8.20231155540278e-13,1.2442115886549082e-13
O I + Si II,1991.0,117dcdr2dswp40666mxlo.txt,2448280.81833,4666.463470000308,8.988919661090146e-13,2.0032668522427866e-13
O I + Si II,1991.0,118dcdr2dswp40667mxlo.txt,2448280.87456,4666.519700000063,6.671590702578168e-13,1.595885675422437e-13
O I + Si II,1991.0,119dcdr2dswp40840mxlo.txt,2448295.86608,4681.511220000219,7.062126285566183e-13,1.3667025098424358e-13
O I + Si II,1991.0,120dcdr2dswp40841mxlo.txt,2448295.92458,4681.569720000029,5.30378336129045e-13,1.07337923023775e-13
O I + Si II,1991.0,122dcdr2dswp41583mxlo.txt,2448382.724,4768.369140000083,6.95860152255664e-13,8.289123117375154e-14
O I + Si II,1991.0,125dcdr2dswp41703mxlo.txt,2448403.66852,4789.313659999985,6.690017424162096e-13,1.3565037271516263e-13
O I + Si II,1991.0,127dcdr2dswp41851mxlo.txt,2448424.53422,4810.179359999951,8.073786870251237e-13,1.2318063565893514e-13
O I + Si II,1992.0,134dcdr2dswp43551mxlo.txt,2448627.03031,5012.675449999981,5.766613674286673e-13,7.584940836239301e-14
O I + Si II,1992.0,135dcdr2dswp43677mxlo.txt,2448639.97214,5025.617280000355,3.403306109903096e-13,9.458664209462199e-14
O I + Si II,1992.0,136dcdr2dswp43908mxlo.txt,2448653.75094,5039.396080000326,3.7961272515405834e-13,1.1898699105856352e-13
O I + Si II,1992.0,137dcdr2dswp43909mxlo.txt,2448653.80265,5039.447790000122,4.0029067422917353e-13,4.0191453916175357e-14
O I + Si II,1992.0,138dcdr2dswp43994mxlo.txt,2448667.8785,5053.523640000261,3.2779508002222836e-13,1.0460090425336918e-13
O I + Si II,1992.0,142dcdr2dswp44732mxlo.txt,2448763.66191,5149.307049999945,1.0300082722599006e-12,1.565524891979056e-13
O I + Si II,1992.0,143dcdr2dswp44733mxlo.txt,2448763.71507,5149.360210000072,5.954527176578081e-13,8.233340809894677e-14
O I + Si II,1992.0,144dcdr2dswp44871mxlo.txt,2448779.41814,5165.063280000351,9.482618373409682e-13,1.1866089235854373e-13
O I + Si II,1992.0,147dcdr2dswp44968mxlo.txt,2448794.67178,5180.316920000128,7.647584686272383e-13,1.1860037467395683e-13
O I + Si II,1992.0,148dcdr2dswp45079mxlo.txt,2448809.31051,5194.955650000367,3.9343625737501193e-13,1.3062193609593804e-13
O I + Si II,1992.0,149dcdr2dswp45080mxlo.txt,2448809.36508,5195.010220000055,2.8596524222654084e-13,8.192911413521137e-14
O I + Si II,1992.0,154dcdr2dswp46608mxlo.txt,2448985.52169,5371.166830000002,1.1162076662860162e-12,2.1337021936769124e-13
O I + Si II,1993.0,156dcdr2dswp46647mxlo.txt,2448989.88841,5375.533550000284,3.8907338099003387e-13,8.914237097864674e-14
O I + Si II,1993.0,157dcdr2dswp46650mxlo.txt,2448990.61029,5376.2554300003685,7.015060515741311e-13,1.6652108774858358e-13
O I + Si II,1993.0,162dcdr2dswp46739mxlo.txt,2449003.83271,5389.477850000374,4.335692102943237e-13,1.206453698396219e-13
O I + Si II,1993.0,163dcdr2dswp46863mxlo.txt,2449019.7395,5405.384640000295,6.316454565665967e-13,9.675157953170871e-14
O I + Si II,1993.0,164dcdr2dswp46864mxlo.txt,2449019.78859,5405.433730000164,5.23707549753683e-13,5.708479258571816e-14
O I + Si II,1993.0,165dcdr2dswp46926mxlo.txt,2449031.78126,5417.4264000002295,7.836441045342927e-13,1.1329617880090065e-13
O I + Si II,1993.0,166dcdr2dswp46927mxlo.txt,2449031.83492,5417.480059999973,3.794480985002228e-13,8.306446844692579e-14
O I + Si II,1993.0,167dcdr2dswp47654mxlo.txt,2449119.50971,5505.15485000005,9.2161220930177e-13,1.387913615545591e-13
O I + Si II,1993.0,170dcdr2dswp47745mxlo.txt,2449134.71817,5520.363309999928,4.763424126863773e-13,7.850755412858391e-14
O I + Si II,1993.0,172dcdr2dswp49597mxlo.txt,2449336.1692,5721.814340000041,7.29295089571191e-13,1.1770757416549363e-13
O I + Si II,1994.0,175dcdr2dswp49795mxlo.txt,2449361.19398,5746.839120000135,3.6155060530278213e-13,1.048013486649192e-13
O I + Si II,1994.0,176dcdr2dswp49796mxlo.txt,2449361.24083,5746.885970000178,3.854036290230805e-13,1.0739745740671262e-13
O I + Si II,1994.0,179dcdr2dswp49830mxlo.txt,2449366.75045,5752.39559000032,3.797580453404671e-13,8.233613634710832e-14
O I + Si II,1994.0,181dcdr2dswp49880mxlo.txt,2449376.81093,5762.456070000306,4.942611815959687e-13,1.0774438421186374e-13
O I + Si II,1994.0,182dcdr2dswp49969mxlo.txt,2449390.92439,5776.569529999979,4.256270613033042e-13,8.201767347089973e-14
O I + Si II,1994.0,183dcdr2dswp49970mxlo.txt,2449390.97727,5776.622410000302,5.027885321683059e-13,1.4589395235074204e-13
O I + Si II,1994.0,185dcdr2dswp50092mxlo.txt,2449406.98983,5792.634970000014,4.788799764031104e-13,1.2996867126206963e-13
O I + Si II,1994.0,188dcdr2dswp50769mxlo.txt,2449487.62498,5873.270120000001,5.445626255005604e-13,1.2315869863418764e-13
O I + Si II,1994.0,189dcdr2dswp50770mxlo.txt,2449487.67285,5873.31799000036,4.1907906456403376e-13,8.081465685876825e-14
O I + Si II,1994.0,191dcdr2dswp50935mxlo.txt,2449502.56256,5888.2077000001445,7.123866312435855e-13,1.2611718855299346e-13
O I + Si II,1994.0,192dcdr2dswp51099mxlo.txt,2449518.59228,5904.237420000136,3.732392160914159e-13,1.1989846773805875e-13
O I + Si II,1994.0,194dcdr2dswp51140mxlo.txt,2449523.7483,5909.393440000247,5.773683421247794e-13,1.3825836305680233e-13
O I + Si II,1994.0,199dcdr2dswp53224mxlo.txt,2449717.1715,6102.816640000325,7.615996080420263e-13,1.054757370086857e-13
O I + Si II,1995.0,201dcdr2dswp53263mxlo.txt,2449721.26541,6106.910550000146,4.877061436957251e-13,1.3768518785348273e-13
O I + Si II,1995.0,204dcdr2dswp53266mxlo.txt,2449721.4166,6107.061740000267,5.446063793455793e-13,1.3075727953861707e-13
O I + Si II,1995.0,205dcdr2dswp53281mxlo.txt,2449722.67308,6108.318220000248,5.945336064985787e-13,1.244564473406052e-13
O I + Si II,1995.0,207dcdr2dswp53283mxlo.txt,2449722.76137,6108.406510000117,6.67005283128777e-13,1.2134876756262833e-13
O I + Si II,1995.0,209dcdr2dswp53292mxlo.txt,2449724.427,6110.072140000295,5.626908037498022e-13,9.705923047168077e-14
O I + Si II,1995.0,210dcdr2dswp53293mxlo.txt,2449724.47424,6110.119380000047,6.671741133851054e-13,1.5956292486294207e-13
O I + Si II,1995.0,211dcdr2dswp53296mxlo.txt,2449725.03383,6110.678970000241,9.021782861939404e-13,1.356790493161199e-13
O I + Si II,1995.0,212dcdr2dswp53297mxlo.txt,2449725.08252,6110.727660000324,5.009697403679174e-13,1.4662764011827948e-13
O I + Si II,1995.0,217dcdr2dswp53329mxlo.txt,2449729.56066,6115.2058000001125,4.91581916124213e-13,1.5844778983987957e-13
O I + Si II,1995.0,219dcdr2dswp53331mxlo.txt,2449729.74469,6115.389830000233,8.642946079459568e-13,1.030892199398796e-13
O I + Si II,1995.0,220dcdr2dswp53332mxlo.txt,2449729.80021,6115.445350000169,7.121194391828789e-13,1.3576185162706616e-13
O I + Si II,1995.0,221dcdr2dswp53333mxlo.txt,2449730.37623,6116.021370000206,8.342568223765497e-13,1.9990816904552656e-13
O I + Si II,1995.0,222dcdr2dswp53334mxlo.txt,2449730.42723,6116.072370000184,2.349400331482e-13,5.073701031621932e-14
O I + Si II,1995.0,225dcdr2dswp53914mxlo.txt,2449762.9328,6148.577940000221,3.7962785376623087e-13,1.228032942408473e-13
O I + Si II,1995.0,227dcdr2dswp54580mxlo.txt,2449840.69494,6226.3400799999945,7.530205656677283e-13,1.8463927463345718e-13
O I + Si II,1995.0,228dcdr2dswp54581mxlo.txt,2449840.74501,6226.390150000341,5.005256993571185e-13,1.0594547865920013e-13
O I + Si II,1995.0,231dcdr2dswp54802mxlo.txt,2449868.67042,6254.315560000017,5.16627626463726e-13,9.991169909631957e-14
O I + Si II,1995.0,232dcdr2dswp54803mxlo.txt,2449868.73225,6254.377390000038,3.627848750845197e-13,1.1188496854747527e-13
O I + Si II,1995.0,233dcdr2dswp54998mxlo.txt,2449882.54679,6268.191930000205,4.793497570174499e-13,1.30577600104922e-13
O I + Si II,1995.0,236dcdr2dswp55147mxlo.txt,2449896.43318,6282.078320000321,4.817360357881238e-13,8.062348048761037e-14
O I + Si II,1995.0,237dcdr2dswp56312mxlo.txt,2450070.35794,6456.00308000017,7.27974064098824e-13,8.960037993577786e-14
O I + Si II,1996.0,241dcdr2dswp56382mxlo.txt,2450087.81387,6473.459010000341,5.467587939289936e-13,1.1409535817960965e-13
O I + Si II,1996.0,243dcdr2dswp56581mxlo.txt,2450098.8145,6484.4596400000155,2.86442932457099e-13,8.208653315917603e-14
O I + Si II,1996.0,245dcdr2dswp56622mxlo.txt,2450102.85589,6488.501029999927,4.82404703405132e-13,8.899226614844286e-14
O III],1978.0,2dcdr2dswp01366mxlo.txt,2443614.49306,0.0,4.805814624148022e-13,6.245266320642127e-14
O III],1978.0,3dcdr2dswp01642mxlo.txt,2443654.90736,40.41430000029504,4.006398508413771e-13,5.1145639685766104e-14
O III],1978.0,4dcdr2dswp02099mxlo.txt,2443714.52825,100.03519000019878,4.4294888225007167e-13,3.8462978882690193e-14
O III],1982.0,7dcdr2dswp16790mxlo.txt,2445078.43622,1463.9431600002572,1.523142894801497e-13,2.1901656480707238e-14
O III],1982.0,8dcdr2dswp16801mxlo.txt,2445080.27446,1465.7814000002109,4.018138938803074e-13,6.71142773739972e-14
O III],1982.0,9dcdr2dswp16802mxlo.txt,2445080.32265,1465.8295900002122,3.1672966025753786e-13,4.306177971154333e-14
O III],1982.0,10dcdr2dswp16803mxlo.txt,2445080.37093,1465.8778700004332,4.166142030173429e-13,5.968809660094604e-14
O III],1982.0,11dcdr2dswp17300mxlo.txt,2445148.27606,1533.7830000002868,3.15906821708203e-13,9.682590916838489e-14
O III],1982.0,12dcdr2dswp17301mxlo.txt,2445148.31179,1533.8187300004065,2.6825656638453365e-13,5.2955764216669585e-14
O III],1982.0,13dcdr2dswp17302mxlo.txt,2445148.35831,1533.8652500002645,8.674777851613545e-13,4.383814545637525e-14
O III],1984.0,16dcdr2dswp23063mxlo.txt,2445841.4891,2226.9960400001146,3.5397269093464423e-13,3.336732829264072e-14
O III],1984.0,17dcdr2dswp23064mxlo.txt,2445841.53637,2227.0433100000955,2.3690006092981164e-13,3.5318530139405487e-14
O III],1985.0,19dcdr2dswp25973mxlo.txt,2446204.65473,2590.1616700002924,1.248695243039277e-13,3.2040013591201183e-14
O III],1985.0,20dcdr2dswp25974mxlo.txt,2446204.70719,2590.2141300002113,2.580253545327396e-13,4.007708596423534e-14
O III],1985.0,21dcdr2dswp26489mxlo.txt,2446273.85969,2659.3666300000623,1.454739716735193e-13,4.7849057998762086e-14
O III],1986.0,22dcdr2dswp28304mxlo.txt,2446564.66188,2950.1688200002536,1.672130691245173e-13,2.681048521511698e-14
O III],1986.0,23dcdr2dswp28305mxlo.txt,2446564.71157,2950.218510000035,2.1885767742344458e-13,1.9039346226734343e-14
O III],1986.0,26dcdr2dswp29843mxlo.txt,2446775.08101,3160.5879500000738,2.457834666616467e-13,7.178844441634674e-14
O III],1986.0,27dcdr2dswp29844mxlo.txt,2446775.13941,3160.6463500000536,2.7823704896258096e-13,6.80875269833067e-14
O III],1986.0,28dcdr2dswp29939mxlo.txt,2446787.09865,3172.605590000283,3.2613741966449687e-13,5.233406193029295e-14
O III],1986.0,29dcdr2dswp29940mxlo.txt,2446787.15587,3172.6628100001253,2.9992633941009733e-13,3.096543032855796e-14
O III],1987.0,30dcdr2dswp30081mxlo.txt,2446808.00218,3193.5091200000606,7.520388847587237e-13,1.0627161378472132e-13
O III],1987.0,31dcdr2dswp30082mxlo.txt,2446808.05385,3193.5607900000177,3.180943629714634e-13,1.808189382640317e-14
O III],1987.0,32dcdr2dswp30141mxlo.txt,2446818.81943,3204.3263700003736,2.963978549346107e-13,5.480752921299631e-14
O III],1987.0,33dcdr2dswp30142mxlo.txt,2446818.87052,3204.377460000105,3.3869444217012485e-13,6.624023871613151e-14
O III],1987.0,35dcdr2dswp30239mxlo.txt,2446829.47735,3214.9842900000513,1.673090735609417e-13,2.2277750238967787e-14
O III],1987.0,36dcdr2dswp30243mxlo.txt,2446829.75275,3215.25969000021,2.993877112823699e-13,6.651068131045799e-14
O III],1987.0,37dcdr2dswp30244mxlo.txt,2446829.80409,3215.311030000448,4.1312967399561673e-13,6.482266350698832e-14
O III],1987.0,38dcdr2dswp30331mxlo.txt,2446844.83417,3230.341110000387,4.434995334931232e-13,4.228485454314587e-14
O III],1987.0,39dcdr2dswp30332mxlo.txt,2446844.886,3230.3929400001653,6.096115122787023e-13,3.0905329454674365e-14
O III],1987.0,40dcdr2dswp31077mxlo.txt,2446948.40162,3333.90856000036,3.5198639262196484e-13,5.17135151261254e-14
O III],1987.0,41dcdr2dswp31078mxlo.txt,2446948.45322,3333.9601600002497,2.1312332774000448e-13,3.137207440946365e-14
O III],1987.0,42dcdr2dswp31079mxlo.txt,2446948.51856,3334.0255000004545,5.645036757436834e-13,3.783387244182213e-14
O III],1987.0,43dcdr2dswp31353mxlo.txt,2446994.33255,3379.8394900001585,4.2655916908556454e-13,5.38362057554131e-14
O III],1987.0,44dcdr2dswp31354mxlo.txt,2446994.39286,3379.8998000002466,1.366089570333446e-13,2.286492511155763e-14
O III],1987.0,45dcdr2dswp32459mxlo.txt,2447133.9083,3519.415240000002,4.59162488341799e-13,4.5917920769149e-14
O III],1987.0,46dcdr2dswp32460mxlo.txt,2447133.96868,3519.4756200001575,6.761941674163504e-13,4.033225688008587e-14
O III],1987.0,47dcdr2dswp32638mxlo.txt,2447159.10667,3544.6136100003496,6.080143363499808e-13,3.764338863356891e-14
O III],1987.0,48dcdr2dswp32639mxlo.txt,2447159.15628,3544.6632200004533,2.96490814671806e-13,3.48052795322226e-14
O III],1988.0,49dcdr2dswp32725mxlo.txt,2447174.95447,3560.4614100004546,1.1784426895793164e-13,3.281107090637136e-14
O III],1988.0,50dcdr2dswp32726mxlo.txt,2447175.01424,3560.521180000156,3.941067124310321e-13,2.858436274042852e-14
O III],1988.0,52dcdr2dswp32890mxlo.txt,2447200.7777,3586.2846400002018,1.4499795259669487e-13,3.4567801242202275e-14
O III],1988.0,53dcdr2dswp33486mxlo.txt,2447289.70429,3675.2112300000153,5.146084421461684e-13,7.721085621113653e-14
O III],1988.0,54dcdr2dswp33487mxlo.txt,2447289.75234,3675.2592800003476,4.292171401473298e-13,5.097317815971863e-14
O III],1988.0,55dcdr2dswp33704mxlo.txt,2447317.40553,3702.9124700003304,2.0627936210713492e-13,2.5700893930726287e-14
O III],1988.0,56dcdr2dswp33705mxlo.txt,2447317.45902,3702.965960000176,3.1581704183717984e-13,4.909690364775484e-14
O III],1988.0,57dcdr2dswp33797mxlo.txt,2447334.44435,3719.95129000023,9.194899692289076e-14,2.9947430388783114e-14
O III],1988.0,58dcdr2dswp33889mxlo.txt,2447352.4837,3737.99064000044,4.054749393792978e-13,7.905563728422756e-14
O III],1988.0,59dcdr2dswp33890mxlo.txt,2447352.53755,3738.044490000233,3.666643663020818e-13,3.820094656563797e-14
O III],1988.0,60dcdr2dswp33907mxlo.txt,2447356.04863,3741.555570000317,6.17734554198121e-13,8.245756356223081e-14
O III],1988.0,63dcdr2dswp34997mxlo.txt,2447505.95638,3891.463320000097,1.4894681955754986e-13,3.7148495065218417e-14
O III],1988.0,64dcdr2dswp35154mxlo.txt,2447523.1002,3908.607140000444,2.858191207947713e-13,5.773651349448185e-14
O III],1988.0,65dcdr2dswp35155mxlo.txt,2447523.15706,3908.664000000339,3.0037289512235445e-13,5.888817338035372e-14
O III],1989.0,67dcdr2dswp35396mxlo.txt,2447550.10245,3935.609390000347,1.5148168249788552e-12,4.739621589946208e-14
O III],1989.0,68dcdr2dswp35470mxlo.txt,2447560.53772,3946.0446600001305,3.5351808685269704e-13,4.881509104082773e-14
O III],1989.0,69dcdr2dswp35471mxlo.txt,2447560.58336,3946.0903000002727,5.094801553279065e-13,4.285652222527965e-14
O III],1989.0,70dcdr2dswp35476mxlo.txt,2447561.71625,3947.2231900002807,4.1432584297182124e-13,4.381687664054659e-14
O III],1989.0,71dcdr2dswp35477mxlo.txt,2447561.77113,3947.2780700000003,3.2978842761540934e-13,5.130909115878047e-14
O III],1989.0,72dcdr2dswp36169mxlo.txt,2447646.58108,4032.088020000141,3.576059093168158e-13,6.696306448589557e-14
O III],1989.0,73dcdr2dswp36170mxlo.txt,2447646.63447,4032.1414100001566,1.7111347203144058e-13,4.409448222905981e-14
O III],1989.0,74dcdr2dswp36265mxlo.txt,2447661.63694,4047.143880000338,6.104838337212006e-13,5.928651327055321e-14
O III],1989.0,75dcdr2dswp36266mxlo.txt,2447661.7028,4047.2097400003113,2.8943163121780614e-13,2.3106813279385725e-14
O III],1989.0,76dcdr2dswp36370mxlo.txt,2447677.64375,4063.1506900000386,5.408470655088035e-13,4.7452119352567674e-14
O III],1989.0,77dcdr2dswp36371mxlo.txt,2447677.70013,4063.207070000004,5.103231735049434e-13,4.7397057756323124e-14
O III],1989.0,78dcdr2dswp36489mxlo.txt,2447691.61709,4077.1240300000645,5.260441843372963e-13,5.1526008766101904e-14
O III],1989.0,79dcdr2dswp36490mxlo.txt,2447691.66907,4077.176010000054,2.0477340481512668e-13,4.204356469851548e-14
O III],1989.0,80dcdr2dswp36560mxlo.txt,2447698.27637,4083.783310000319,9.256535172245828e-14,3.0431617754656454e-14
O III],1989.0,81dcdr2dswp36617mxlo.txt,2447713.48961,4098.996550000273,4.478763776448485e-13,3.4556055030113746e-14
O III],1989.0,82dcdr2dswp36618mxlo.txt,2447713.54337,4099.050310000312,2.8890936566718804e-13,4.4157070196910734e-14
O III],1989.0,83dcdr2dswp37871mxlo.txt,2447882.91005,4268.416990000289,2.890434360367117e-13,2.7674571726278908e-14
O III],1989.0,84dcdr2dswp37872mxlo.txt,2447882.96255,4268.469490000047,1.9391517647888308e-13,2.4535727819385466e-14
O III],1990.0,85dcdr2dswp37954mxlo.txt,2447897.06407,4282.571010000072,2.43523436739776e-13,2.2416936779643583e-14
O III],1990.0,86dcdr2dswp38038mxlo.txt,2447909.00799,4294.514930000063,1.4558743730725833e-13,3.884180295182636e-14
O III],1990.0,87dcdr2dswp38039mxlo.txt,2447909.07103,4294.57797000045,2.0612881756756263e-13,1.6149976921459554e-14
O III],1990.0,88dcdr2dswp38139mxlo.txt,2447927.8635,4313.3704400002025,3.8480229339953533e-13,5.217129888575864e-14
O III],1990.0,89dcdr2dswp38140mxlo.txt,2447927.92734,4313.434280000161,2.345454355096078e-13,5.87191924289818e-14
O III],1990.0,90dcdr2dswp38708mxlo.txt,2448012.51153,4398.01847000001,1.6052226593743552e-13,3.248973404841232e-14
O III],1990.0,91dcdr2dswp38709mxlo.txt,2448012.58617,4398.093110000249,5.420163879149429e-13,3.104329408373073e-14
O III],1990.0,92dcdr2dswp38825mxlo.txt,2448029.73639,4415.243330000434,2.8702954255981764e-13,3.700015286286075e-14
O III],1990.0,93dcdr2dswp38946mxlo.txt,2448043.51272,4429.019660000224,2.35662421442973e-13,6.129719053539164e-14
O III],1990.0,94dcdr2dswp38947mxlo.txt,2448043.57403,4429.08097000001,4.0781564317442334e-13,4.7026469263983663e-14
O III],1990.0,96dcdr2dswp39068mxlo.txt,2448054.47637,4439.98331000004,3.818300111864032e-13,4.6668166490118643e-14
O III],1990.0,97dcdr2dswp40331mxlo.txt,2448240.06455,4625.571490000002,3.0848959389884566e-13,4.478165735672399e-14
O III],1990.0,99dcdr2dswp40333mxlo.txt,2448240.18602,4625.692960000131,4.3158567301763915e-13,5.521501631928868e-14
O III],1990.0,100dcdr2dswp40334mxlo.txt,2448240.22823,4625.735170000233,4.89876869129582e-13,5.346636296921259e-14
O III],1990.0,101dcdr2dswp40392mxlo.txt,2448245.31721,4630.824150000233,2.6301852031435967e-13,3.644362612725104e-14
O III],1990.0,103dcdr2dswp40412mxlo.txt,2448246.23862,4631.745560000185,2.0914670080593098e-13,4.351908029643588e-14
O III],1990.0,104dcdr2dswp40413mxlo.txt,2448246.28572,4631.792660000268,5.22003658144782e-13,6.826105634787455e-14
O III],1990.0,106dcdr2dswp40470mxlo.txt,2448253.09882,4638.60576000018,3.510122497599516e-13,2.797369157567837e-14
O III],1991.0,107dcdr2dswp40546mxlo.txt,2448264.36171,4649.868650000077,1.2605497666346003e-13,3.3739629508480826e-14
O III],1991.0,109dcdr2dswp40581mxlo.txt,2448269.87881,4655.385750000365,1.823963148236373e-13,3.789511691190136e-14
O III],1991.0,110dcdr2dswp40584mxlo.txt,2448270.23464,4655.741580000147,1.9706616195700575e-13,5.637599530573515e-14
O III],1991.0,111dcdr2dswp40594mxlo.txt,2448271.69024,4657.197180000134,2.0729252145927175e-13,5.809647253296231e-14
O III],1991.0,112dcdr2dswp40595mxlo.txt,2448271.74441,4657.251350000035,5.735323654978321e-13,6.242954808256717e-14
O III],1991.0,113dcdr2dswp40619mxlo.txt,2448273.52138,4659.028320000041,7.521034555979793e-13,7.569084941750087e-14
O III],1991.0,114dcdr2dswp40620mxlo.txt,2448273.57358,4659.080520000309,2.3642623180973024e-13,3.6049774126925364e-14
O III],1991.0,115dcdr2dswp40660mxlo.txt,2448279.61078,4665.117720000446,4.2642679941995363e-13,8.112653071751432e-14
O III],1991.0,117dcdr2dswp40666mxlo.txt,2448280.81833,4666.3252700003795,4.902339325519137e-13,4.210696339881762e-14
O III],1991.0,118dcdr2dswp40667mxlo.txt,2448280.87456,4666.381500000134,4.826337851457886e-13,4.2919734960862855e-14
O III],1991.0,119dcdr2dswp40840mxlo.txt,2448295.86608,4681.37302000029,2.1085791554712886e-13,5.5767728284015855e-14
O III],1991.0,120dcdr2dswp40841mxlo.txt,2448295.92458,4681.4315200001,1.979211266530543e-13,6.058265129157204e-14
O III],1991.0,121dcdr2dswp41582mxlo.txt,2448382.66831,4768.17525000032,2.0399626264145266e-13,5.952498612983509e-14
O III],1991.0,122dcdr2dswp41583mxlo.txt,2448382.724,4768.230940000154,3.0534709181884265e-13,6.631369044674954e-14
O III],1991.0,123dcdr2dswp41629mxlo.txt,2448391.52225,4777.029190000147,5.39477114463777e-13,7.287463961893199e-14
O III],1991.0,124dcdr2dswp41630mxlo.txt,2448391.58102,4777.08796000015,1.6131021423479883e-13,2.0692485562761318e-14
O III],1991.0,125dcdr2dswp41703mxlo.txt,2448403.66852,4789.175460000057,4.692382494329691e-13,6.272875680545202e-14
O III],1991.0,126dcdr2dswp41704mxlo.txt,2448403.71866,4789.225600000005,4.620810945856468e-13,4.9906449392516797e-14
O III],1991.0,127dcdr2dswp41851mxlo.txt,2448424.53422,4810.0411600000225,3.9305832663059426e-13,4.9267241914031995e-14
O III],1991.0,128dcdr2dswp41852mxlo.txt,2448424.58747,4810.094410000369,2.0055266656701265e-13,6.443016996007733e-14
O III],1991.0,129dcdr2dswp43342mxlo.txt,2448598.08271,4983.5896500004455,1.5547825346000243e-13,1.6711551922991986e-14
O III],1991.0,130dcdr2dswp43343mxlo.txt,2448598.14237,4983.649310000241,1.8765360867408482e-13,3.160433664114175e-14
O III],1991.0,131dcdr2dswp43424mxlo.txt,2448609.90858,4995.4155200002715,1.646249876031893e-13,2.331097009508929e-14
O III],1992.0,133dcdr2dswp43550mxlo.txt,2448626.96262,5012.469560000114,1.6812830304831499e-13,3.354539647127251e-14
O III],1992.0,134dcdr2dswp43551mxlo.txt,2448627.03031,5012.537250000052,2.69772268689527e-13,5.687283530195081e-14
O III],1992.0,135dcdr2dswp43677mxlo.txt,2448639.97214,5025.479080000427,1.6745902408260376e-13,3.5048998729832176e-14
O III],1992.0,136dcdr2dswp43908mxlo.txt,2448653.75094,5039.257880000398,2.505027373357101e-13,7.26448629614415e-14
O III],1992.0,138dcdr2dswp43994mxlo.txt,2448667.8785,5053.385440000333,4.900921690196373e-13,3.8903396259439064e-14
O III],1992.0,139dcdr2dswp44480mxlo.txt,2448738.57667,5124.083610000089,3.6954007149415517e-13,3.397012683264085e-14
O III],1992.0,140dcdr2dswp44481mxlo.txt,2448738.63397,5124.140910000075,3.898790019411713e-13,5.957095231908743e-14
O III],1992.0,141dcdr2dswp44608mxlo.txt,2448748.7259,5134.232840000186,5.263948002615476e-13,6.718138907496898e-14
O III],1992.0,142dcdr2dswp44732mxlo.txt,2448763.66191,5149.168850000016,2.469328483751683e-13,4.628078294837188e-14
O III],1992.0,143dcdr2dswp44733mxlo.txt,2448763.71507,5149.222010000143,9.56391191165665e-14,2.474152897660024e-14
O III],1992.0,145dcdr2dswp44872mxlo.txt,2448779.47145,5164.978390000295,5.372976873696849e-13,5.2573879133193496e-14
O III],1992.0,146dcdr2dswp44967mxlo.txt,2448794.6169,5180.123840000015,7.863839550002714e-13,5.81587006532434e-14
O III],1992.0,147dcdr2dswp44968mxlo.txt,2448794.67178,5180.1787200002,4.2149154724270146e-13,4.628315549322873e-14
O III],1992.0,148dcdr2dswp45079mxlo.txt,2448809.31051,5194.817450000439,4.1430871354271376e-13,5.865907709138275e-14
O III],1992.0,149dcdr2dswp45080mxlo.txt,2448809.36508,5194.872020000126,3.198743111409462e-13,7.860880007710837e-14
O III],1992.0,150dcdr2dswp46514mxlo.txt,2448973.97646,5359.483400000259,1.7943358329487607e-13,3.0978582991423656e-14
O III],1992.0,151dcdr2dswp46515mxlo.txt,2448974.03314,5359.540080000181,3.585380161252634e-13,5.056768902603126e-14
O III],1992.0,152dcdr2dswp46516mxlo.txt,2448974.12174,5359.628680000082,5.090730035127172e-13,7.891609136461754e-14
O III],1992.0,153dcdr2dswp46607mxlo.txt,2448985.45715,5370.964090000372,6.294058706505006e-13,5.1350504891576446e-14
O III],1992.0,154dcdr2dswp46608mxlo.txt,2448985.52169,5371.0286300000735,3.7632197680208843e-13,7.670861900497637e-14
O III],1993.0,157dcdr2dswp46650mxlo.txt,2448990.61029,5376.11723000044,1.779337550692528e-13,2.856354279725074e-14
O III],1993.0,158dcdr2dswp46654mxlo.txt,2448991.54194,5377.048880000133,4.572531909796455e-13,4.269949424206008e-14
O III],1993.0,160dcdr2dswp46663mxlo.txt,2448993.55841,5379.065350000281,5.393986495782457e-13,1.0988605810328011e-13
O III],1993.0,161dcdr2dswp46692mxlo.txt,2448997.23609,5382.743030000012,2.2120064794659113e-13,3.635501014428188e-14
O III],1993.0,162dcdr2dswp46739mxlo.txt,2449003.83271,5389.3396500004455,2.1635081677285353e-13,4.815585159994251e-14
O III],1993.0,164dcdr2dswp46864mxlo.txt,2449019.78859,5405.295530000236,2.733293231886413e-13,4.832319488292628e-14
O III],1993.0,165dcdr2dswp46926mxlo.txt,2449031.78126,5417.288200000301,4.777044168471235e-13,5.718379840676774e-14
O III],1993.0,166dcdr2dswp46927mxlo.txt,2449031.83492,5417.341860000044,2.604881720079043e-13,3.412597647364293e-14
O III],1993.0,167dcdr2dswp47654mxlo.txt,2449119.50971,5505.016650000121,1.9760716435563365e-13,4.545459631636665e-14
O III],1993.0,168dcdr2dswp47655mxlo.txt,2449119.56345,5505.070390000008,3.1119836272894227e-13,6.589325647029426e-14
O III],1993.0,170dcdr2dswp47745mxlo.txt,2449134.71817,5520.225109999999,4.0860825259671165e-13,1.953062233405631e-14
O III],1993.0,171dcdr2dswp49596mxlo.txt,2449336.10162,5721.608560000081,2.527827509603053e-13,7.637553196977416e-14
O III],1993.0,174dcdr2dswp49694mxlo.txt,2449348.98438,5734.49132000003,2.396633204805219e-13,3.866146062630366e-14
O III],1994.0,175dcdr2dswp49795mxlo.txt,2449361.19398,5746.700920000207,1.7066617392426962e-13,4.182505520489751e-14
O III],1994.0,176dcdr2dswp49796mxlo.txt,2449361.24083,5746.747770000249,1.6638264275756146e-13,5.0065440075233616e-14
O III],1994.0,179dcdr2dswp49830mxlo.txt,2449366.75045,5752.257390000392,3.8588711223996063e-13,5.1446951015482125e-14
O III],1994.0,180dcdr2dswp49879mxlo.txt,2449376.75838,5762.265320000239,1.7528522107628929e-13,3.3927528903699436e-14
O III],1994.0,181dcdr2dswp49880mxlo.txt,2449376.81093,5762.317870000377,4.678887228608433e-13,3.717187331143358e-14
O III],1994.0,182dcdr2dswp49969mxlo.txt,2449390.92439,5776.43133000005,2.1518450619248495e-13,4.292071462499004e-14
O III],1994.0,183dcdr2dswp49970mxlo.txt,2449390.97727,5776.484210000373,3.237490240966421e-13,7.41087342031118e-14
O III],1994.0,185dcdr2dswp50092mxlo.txt,2449406.98983,5792.496770000085,1.666579892687477e-13,3.965025488175924e-14
O III],1994.0,186dcdr2dswp50676mxlo.txt,2449475.51407,5861.021010000259,5.031440767443923e-13,6.372619020380806e-14
O III],1994.0,187dcdr2dswp50677mxlo.txt,2449475.56226,5861.06920000026,2.409667769160874e-13,3.05517646376841e-14
O III],1994.0,188dcdr2dswp50769mxlo.txt,2449487.62498,5873.131920000073,8.217949772397404e-13,7.288218292605075e-14
O III],1994.0,189dcdr2dswp50770mxlo.txt,2449487.67285,5873.179790000431,3.333910635172128e-13,7.692885290485669e-14
O III],1994.0,190dcdr2dswp50934mxlo.txt,2449502.51009,5888.017030000221,6.052514908007862e-13,5.676537888708695e-14
O III],1994.0,191dcdr2dswp50935mxlo.txt,2449502.56256,5888.069500000216,7.705105699110343e-13,5.518747231260624e-14
O III],1994.0,193dcdr2dswp51100mxlo.txt,2449518.65385,5904.160790000111,4.791521422545098e-13,7.732811872715793e-14
O III],1994.0,194dcdr2dswp51140mxlo.txt,2449523.7483,5909.255240000319,1.803613665373874e-13,4.146846450910404e-14
O III],1994.0,195dcdr2dswp51141mxlo.txt,2449523.79645,5909.3033900000155,3.14504472545035e-13,8.253363434526844e-14
O III],1994.0,196dcdr2dswp51238mxlo.txt,2449531.42692,5916.933860000223,5.087927742246285e-13,5.508128545479727e-14
O III],1994.0,197dcdr2dswp51239mxlo.txt,2449531.49236,5916.999300000258,3.797925195802293e-13,4.2475512719696616e-14
O III],1994.0,198dcdr2dswp53223mxlo.txt,2449717.12322,6102.630160000175,3.298063982541072e-13,3.69750884993624e-14
O III],1994.0,199dcdr2dswp53224mxlo.txt,2449717.1715,6102.678440000396,1.9165434128143878e-13,4.396818420347274e-14
O III],1995.0,201dcdr2dswp53263mxlo.txt,2449721.26541,6106.772350000218,2.4800763885530077e-13,5.319544112694518e-14
O III],1995.0,202dcdr2dswp53264mxlo.txt,2449721.31343,6106.820370000321,1.429678858627205e-13,3.78633299263208e-14
O III],1995.0,203dcdr2dswp53265mxlo.txt,2449721.36698,6106.873920000158,1.085644509728771e-12,7.568177461449627e-14
O III],1995.0,204dcdr2dswp53266mxlo.txt,2449721.4166,6106.923540000338,2.8933916505194804e-13,2.2169183829589924e-14
O III],1995.0,205dcdr2dswp53281mxlo.txt,2449722.67308,6108.18002000032,3.4496180004586047e-13,5.292059206296217e-14
O III],1995.0,207dcdr2dswp53283mxlo.txt,2449722.76137,6108.268310000189,5.900925549595141e-13,5.1886344135593946e-14
O III],1995.0,208dcdr2dswp53291mxlo.txt,2449724.37198,6109.8789200000465,5.892713218354206e-13,7.18548256314501e-14
O III],1995.0,209dcdr2dswp53292mxlo.txt,2449724.427,6109.933940000366,2.662087429536686e-13,6.033817099443301e-14
O III],1995.0,210dcdr2dswp53293mxlo.txt,2449724.47424,6109.981180000119,3.7859552608563413e-13,5.085018913160196e-14
O III],1995.0,211dcdr2dswp53296mxlo.txt,2449725.03383,6110.5407700003125,1.4268317268912873e-13,4.4935630709182256e-14
O III],1995.0,212dcdr2dswp53297mxlo.txt,2449725.08252,6110.589460000396,6.805270132412057e-13,6.490980047224688e-14
O III],1995.0,213dcdr2dswp53305mxlo.txt,2449727.02806,6112.535000000149,9.461529856187964e-14,1.804206263852561e-14
O III],1995.0,214dcdr2dswp53306mxlo.txt,2449727.10558,6112.612520000432,5.794262707966109e-13,6.761948917015714e-14
O III],1995.0,215dcdr2dswp53307mxlo.txt,2449727.15231,6112.659250000026,6.028198663805684e-13,7.56452211702684e-14
O III],1995.0,216dcdr2dswp53328mxlo.txt,2449729.51029,6115.017230000347,3.044274556093581e-13,4.212142467531197e-14
O III],1995.0,217dcdr2dswp53329mxlo.txt,2449729.56066,6115.067600000184,2.385997740602799e-13,4.4286448208662446e-14
O III],1995.0,218dcdr2dswp53330mxlo.txt,2449729.60627,6115.113210000098,2.0982972222122034e-13,4.978301590218558e-14
O III],1995.0,220dcdr2dswp53332mxlo.txt,2449729.80021,6115.307150000241,2.3802227787413504e-13,3.4594359883305565e-14
O III],1995.0,221dcdr2dswp53333mxlo.txt,2449730.37623,6115.8831700002775,5.346154969513601e-13,7.597642166829622e-14
O III],1995.0,223dcdr2dswp53785mxlo.txt,2449746.88858,6132.395520000253,4.274071332980644e-13,5.741581114267462e-14
O III],1995.0,224dcdr2dswp53786mxlo.txt,2449746.94882,6132.455760000274,6.64647128366133e-13,6.200184436918945e-14
O III],1995.0,225dcdr2dswp53914mxlo.txt,2449762.9328,6148.439740000293,4.177149355318517e-13,5.912206263110021e-14
O III],1995.0,226dcdr2dswp53915mxlo.txt,2449762.98733,6148.494270000141,3.6534590326102846e-13,4.8032365816989503e-14
O III],1995.0,227dcdr2dswp54580mxlo.txt,2449840.69494,6226.201880000066,3.069237961147044e-13,8.200676968775055e-14
O III],1995.0,228dcdr2dswp54581mxlo.txt,2449840.74501,6226.251950000413,1.1218720794702067e-13,2.951397821435009e-14
O III],1995.0,229dcdr2dswp54697mxlo.txt,2449854.67649,6240.183430000208,3.2183618590374543e-13,3.772566440916295e-14
O III],1995.0,230dcdr2dswp54698mxlo.txt,2449855.72563,6241.232569999993,6.636813964848507e-13,6.389922206676696e-14
O III],1995.0,231dcdr2dswp54802mxlo.txt,2449868.67042,6254.177360000089,1.2244612227951543e-13,3.348641633883071e-14
O III],1995.0,233dcdr2dswp54998mxlo.txt,2449882.54679,6268.053730000276,2.0076480652772863e-13,3.678205883913655e-14
O III],1995.0,234dcdr2dswp54999mxlo.txt,2449882.59977,6268.106710000429,6.130193845035261e-13,6.168329397185476e-14
O III],1995.0,235dcdr2dswp55148mxlo.txt,2449895.51914,6281.026080000214,1.9023660678100115e-13,2.871630107277609e-14
O III],1995.0,236dcdr2dswp55147mxlo.txt,2449896.43318,6281.940120000392,4.607679764189438e-13,5.807795434889476e-14
O III],1995.0,237dcdr2dswp56312mxlo.txt,2450070.35794,6455.864880000241,5.193802196561839e-13,7.235629944672505e-14
O III],1995.0,238dcdr2dswp56322mxlo.txt,2450073.21096,6458.717900000047,5.097718500566961e-13,7.509793294975937e-14
O III],1995.0,239dcdr2dswp56348mxlo.txt,2450078.03265,6463.539590000175,3.19750452034881e-13,5.920712630667098e-14
O III],1995.0,240dcdr2dswp56368mxlo.txt,2450082.89171,6468.3986500003375,3.188854014205499e-13,5.045066253237016e-14
O III],1996.0,242dcdr2dswp56398mxlo.txt,2450092.8189,6478.325840000063,3.747912150190252e-13,7.006542348394918e-14
O III],1996.0,243dcdr2dswp56581mxlo.txt,2450098.8145,6484.321440000087,1.322790487379799e-13,4.229143954409604e-14
O III],1996.0,245dcdr2dswp56622mxlo.txt,2450102.85589,6488.362829999998,3.3463032636737034e-13,5.0953116873202765e-14
O III],1996.0,246dcdr2dswp56629mxlo.txt,2450104.84473,6490.3516700002365,2.321985348749787e-13,6.705949504510024e-14
O III],1996.0,249dcdr2dswp56642mxlo.txt,2450110.84238,6496.349320000038,3.754047165840895e-13,4.0172672060132354e-14
O III],1996.0,250dcdr2dswp56653mxlo.txt,2450112.97499,6498.481930000242,4.459792491051148e-13,6.971573868510231e-14
Si IV + O IV],1978.0,1dcdr2dswp01365mxlo.txt,2443614.35486,0.0,7.961455088973438e-13,1.9857552896647285e-13
Si IV + O IV],1978.0,2dcdr2dswp01366mxlo.txt,2443614.49306,0.13819999992847443,6.191831486605477e-13,1.1743292591526882e-13
Si IV + O IV],1978.0,3dcdr2dswp01642mxlo.txt,2443654.90736,40.55250000022352,8.672957733847575e-13,8.395427738795443e-14
Si IV + O IV],1978.0,4dcdr2dswp02099mxlo.txt,2443714.52825,100.17339000012726,1.021104461176271e-12,7.645639140601479e-14
Si IV + O IV],1979.0,5dcdr2dswp05116mxlo.txt,2443997.54954,383.1946800001897,1.6605276815522473e-12,1.90874473735834e-13
Si IV + O IV],1982.0,7dcdr2dswp16790mxlo.txt,2445078.43622,1464.0813600001857,8.46097963757343e-13,1.068782768677509e-13
Si IV + O IV],1982.0,8dcdr2dswp16801mxlo.txt,2445080.27446,1465.9196000001393,1.7145020342480947e-12,1.8235523859209918e-13
Si IV + O IV],1982.0,9dcdr2dswp16802mxlo.txt,2445080.32265,1465.9677900001407,9.869734285958694e-13,1.6389836965082438e-13
Si IV + O IV],1982.0,10dcdr2dswp16803mxlo.txt,2445080.37093,1466.0160700003617,1.2836133203049319e-12,2.176650160837467e-13
Si IV + O IV],1982.0,11dcdr2dswp17300mxlo.txt,2445148.27606,1533.9212000002153,2.3098332365590925e-12,4.727821521429221e-13
Si IV + O IV],1982.0,12dcdr2dswp17301mxlo.txt,2445148.31179,1533.956930000335,8.662589801023616e-13,2.070350890860048e-13
Si IV + O IV],1982.0,13dcdr2dswp17302mxlo.txt,2445148.35831,1534.003450000193,1.5109452447972173e-12,1.7388556976912816e-13
Si IV + O IV],1982.0,14dcdr2dswp17303mxlo.txt,2445148.4014,1534.0465400000103,1.4001215065838386e-12,2.5998451597260145e-13
Si IV + O IV],1983.0,15dcdr2dswp19731mxlo.txt,2445439.96013,1825.6052700001746,4.495979088677723e-13,6.891147074585567e-14
Si IV + O IV],1984.0,16dcdr2dswp23063mxlo.txt,2445841.4891,2227.134240000043,9.913661715417112e-13,1.4549572833870108e-13
Si IV + O IV],1984.0,17dcdr2dswp23064mxlo.txt,2445841.53637,2227.181510000024,5.985836762921392e-13,1.1721212501478406e-13
Si IV + O IV],1984.0,18dcdr2dswp23444mxlo.txt,2445893.58914,2279.234279999975,7.079639868265324e-13,5.2255812622084615e-14
Si IV + O IV],1985.0,19dcdr2dswp25973mxlo.txt,2446204.65473,2590.299870000221,1.1063662905259952e-12,1.957792329156523e-13
Si IV + O IV],1985.0,20dcdr2dswp25974mxlo.txt,2446204.70719,2590.35233000014,1.0195418029549593e-12,1.2278671385964064e-13
Si IV + O IV],1985.0,21dcdr2dswp26489mxlo.txt,2446273.85969,2659.5048299999908,1.1754891253369773e-12,1.5072395152862671e-13
Si IV + O IV],1986.0,22dcdr2dswp28304mxlo.txt,2446564.66188,2950.307020000182,8.400431524111151e-13,1.0804336382227968e-13
Si IV + O IV],1986.0,23dcdr2dswp28305mxlo.txt,2446564.71157,2950.3567099999636,1.0823273765770281e-12,6.682895093052646e-14
Si IV + O IV],1986.0,24dcdr2dswp29774mxlo.txt,2446764.17181,3149.816950000357,1.1154649750316302e-12,1.4142963125644914e-13
Si IV + O IV],1986.0,25dcdr2dswp29775mxlo.txt,2446764.22277,3149.86791000003,8.156661014824078e-13,1.1884034059007497e-13
Si IV + O IV],1986.0,26dcdr2dswp29843mxlo.txt,2446775.08101,3160.7261500000022,8.487228363806468e-13,1.0868254040379608e-13
Si IV + O IV],1986.0,27dcdr2dswp29844mxlo.txt,2446775.13941,3160.784549999982,9.796019538120363e-13,1.684904399833918e-13
Si IV + O IV],1986.0,28dcdr2dswp29939mxlo.txt,2446787.09865,3172.7437900002114,9.296488253377445e-13,1.6311864479355227e-13
Si IV + O IV],1986.0,29dcdr2dswp29940mxlo.txt,2446787.15587,3172.801010000054,1.098067443339214e-12,1.7320701754680254e-13
Si IV + O IV],1987.0,30dcdr2dswp30081mxlo.txt,2446808.00218,3193.647319999989,9.825504711175803e-13,1.3843214544811223e-13
Si IV + O IV],1987.0,31dcdr2dswp30082mxlo.txt,2446808.05385,3193.698989999946,1.2621511634349557e-12,8.678945605894092e-14
Si IV + O IV],1987.0,32dcdr2dswp30141mxlo.txt,2446818.81943,3204.464570000302,1.6313498621700909e-12,1.5155465037164646e-13
Si IV + O IV],1987.0,33dcdr2dswp30142mxlo.txt,2446818.87052,3204.5156600000337,1.025212741217269e-12,1.0917234726164771e-13
Si IV + O IV],1987.0,34dcdr2dswp30238mxlo.txt,2446829.4259,3215.071040000301,1.2561164275339903e-12,1.768322133367748e-13
Si IV + O IV],1987.0,35dcdr2dswp30239mxlo.txt,2446829.47735,3215.1224899999797,1.3567651465772954e-12,1.609158423985227e-13
Si IV + O IV],1987.0,36dcdr2dswp30243mxlo.txt,2446829.75275,3215.3978900001384,1.312398271660037e-12,1.6048888360508394e-13
Si IV + O IV],1987.0,37dcdr2dswp30244mxlo.txt,2446829.80409,3215.4492300003767,1.3044830670504448e-12,1.4450817580680201e-13
Si IV + O IV],1987.0,38dcdr2dswp30331mxlo.txt,2446844.83417,3230.4793100003153,2.765304910574087e-12,1.9933949016379985e-13
Si IV + O IV],1987.0,39dcdr2dswp30332mxlo.txt,2446844.886,3230.5311400000937,8.340566539352972e-13,8.89916583298064e-14
Si IV + O IV],1987.0,40dcdr2dswp31077mxlo.txt,2446948.40162,3334.0467600002885,1.0634982204403905e-12,1.1130494083352372e-13
Si IV + O IV],1987.0,41dcdr2dswp31078mxlo.txt,2446948.45322,3334.098360000178,1.1710484855720367e-12,1.1880861850582436e-13
Si IV + O IV],1987.0,42dcdr2dswp31079mxlo.txt,2446948.51856,3334.163700000383,7.216807002970846e-13,7.047810973012362e-14
Si IV + O IV],1987.0,43dcdr2dswp31353mxlo.txt,2446994.33255,3379.977690000087,5.291567119517639e-13,9.794987599435071e-14
Si IV + O IV],1987.0,44dcdr2dswp31354mxlo.txt,2446994.39286,3380.038000000175,8.90939910963786e-13,1.3794667376371113e-13
Si IV + O IV],1987.0,45dcdr2dswp32459mxlo.txt,2447133.9083,3519.5534399999306,9.241469002526406e-13,1.4600054870114027e-13
Si IV + O IV],1987.0,46dcdr2dswp32460mxlo.txt,2447133.96868,3519.613820000086,1.1532606587902743e-12,1.3143407052490387e-13
Si IV + O IV],1987.0,47dcdr2dswp32638mxlo.txt,2447159.10667,3544.751810000278,5.512454685208078e-13,1.1594567063368188e-13
Si IV + O IV],1987.0,48dcdr2dswp32639mxlo.txt,2447159.15628,3544.8014200003818,9.69901148204263e-13,1.0526022741712389e-13
Si IV + O IV],1988.0,50dcdr2dswp32726mxlo.txt,2447175.01424,3560.6593800000846,1.357219049314289e-12,9.777943640671684e-14
Si IV + O IV],1988.0,51dcdr2dswp32889mxlo.txt,2447200.72588,3586.3710199999623,5.749163403515297e-13,1.1632105807716882e-13
Si IV + O IV],1988.0,52dcdr2dswp32890mxlo.txt,2447200.7777,3586.4228400001302,1.4189174690682833e-12,9.360549410576183e-14
Si IV + O IV],1988.0,53dcdr2dswp33486mxlo.txt,2447289.70429,3675.349429999944,1.4068268880404347e-12,1.6495723345629166e-13
Si IV + O IV],1988.0,54dcdr2dswp33487mxlo.txt,2447289.75234,3675.397480000276,8.794843349039962e-13,6.929188260546403e-14
Si IV + O IV],1988.0,55dcdr2dswp33704mxlo.txt,2447317.40553,3703.050670000259,6.787579142890718e-13,7.609490245631044e-14
Si IV + O IV],1988.0,56dcdr2dswp33705mxlo.txt,2447317.45902,3703.1041600001045,1.3917492350331753e-12,1.172391294707775e-13
Si IV + O IV],1988.0,57dcdr2dswp33797mxlo.txt,2447334.44435,3720.0894900001585,9.118893702384957e-13,1.4041073153597588e-13
Si IV + O IV],1988.0,58dcdr2dswp33889mxlo.txt,2447352.4837,3738.1288400003687,6.310180075480519e-13,1.0449628887511666e-13
Si IV + O IV],1988.0,59dcdr2dswp33890mxlo.txt,2447352.53755,3738.1826900001615,1.0337847612760227e-12,1.462555942041433e-13
Si IV + O IV],1988.0,60dcdr2dswp33907mxlo.txt,2447356.04863,3741.6937700002454,4.683597607479738e-13,6.812806336771407e-14
Si IV + O IV],1988.0,61dcdr2dswp33908mxlo.txt,2447356.09922,3741.7443600003608,1.4734985145817491e-12,2.553901070016562e-13
Si IV + O IV],1988.0,62dcdr2dswp34996mxlo.txt,2447505.90225,3891.5473899999633,6.99802111409136e-13,1.353900969877256e-13
Si IV + O IV],1988.0,63dcdr2dswp34997mxlo.txt,2447505.95638,3891.6015200000256,5.955580610432527e-13,7.56953852329504e-14
Si IV + O IV],1988.0,65dcdr2dswp35155mxlo.txt,2447523.15706,3908.8022000002675,2.8558490626559086e-13,6.078499606992847e-14
Si IV + O IV],1989.0,66dcdr2dswp35395mxlo.txt,2447550.05735,3935.7024900000542,1.0428949974904458e-12,1.141433118755886e-13
Si IV + O IV],1989.0,67dcdr2dswp35396mxlo.txt,2447550.10245,3935.7475900002755,1.0835842108097307e-12,1.9992243925715231e-13
Si IV + O IV],1989.0,68dcdr2dswp35470mxlo.txt,2447560.53772,3946.182860000059,6.046092568042066e-13,1.2409318150058226e-13
Si IV + O IV],1989.0,69dcdr2dswp35471mxlo.txt,2447560.58336,3946.228500000201,1.1100865271461532e-12,1.463875668936082e-13
Si IV + O IV],1989.0,70dcdr2dswp35476mxlo.txt,2447561.71625,3947.361390000209,2.5745843331106453e-13,6.874049128093262e-14
Si IV + O IV],1989.0,71dcdr2dswp35477mxlo.txt,2447561.77113,3947.4162699999288,1.2520537102887627e-12,5.811792255531325e-14
Si IV + O IV],1989.0,72dcdr2dswp36169mxlo.txt,2447646.58108,4032.2262200000696,1.4168012551718978e-12,1.5220116646971876e-13
Si IV + O IV],1989.0,73dcdr2dswp36170mxlo.txt,2447646.63447,4032.279610000085,1.123402738421047e-12,8.812189711477275e-14
Si IV + O IV],1989.0,74dcdr2dswp36265mxlo.txt,2447661.63694,4047.2820800002664,6.675431937797559e-13,1.2466801547829911e-13
Si IV + O IV],1989.0,75dcdr2dswp36266mxlo.txt,2447661.7028,4047.3479400002398,6.747398000116467e-13,8.559752366278814e-14
Si IV + O IV],1989.0,76dcdr2dswp36370mxlo.txt,2447677.64375,4063.288889999967,7.257550956978375e-13,5.2516651952468003e-14
Si IV + O IV],1989.0,77dcdr2dswp36371mxlo.txt,2447677.70013,4063.3452699999325,1.2568123059009836e-12,9.823296362273918e-14
Si IV + O IV],1989.0,78dcdr2dswp36489mxlo.txt,2447691.61709,4077.262229999993,8.837244009738211e-13,1.7593355312816687e-13
Si IV + O IV],1989.0,79dcdr2dswp36490mxlo.txt,2447691.66907,4077.3142099999823,7.316830117338045e-13,8.73138661298934e-14
Si IV + O IV],1989.0,80dcdr2dswp36560mxlo.txt,2447698.27637,4083.9215100002475,6.917171620443435e-13,1.4469705061469604e-13
Si IV + O IV],1989.0,81dcdr2dswp36617mxlo.txt,2447713.48961,4099.134750000201,8.234554135666816e-13,9.5810330924582e-14
Si IV + O IV],1989.0,82dcdr2dswp36618mxlo.txt,2447713.54337,4099.18851000024,1.3012568944406161e-12,1.1265752345308686e-13
Si IV + O IV],1989.0,83dcdr2dswp37871mxlo.txt,2447882.91005,4268.555190000217,8.034241507343225e-13,1.8090205004872812e-13
Si IV + O IV],1989.0,84dcdr2dswp37872mxlo.txt,2447882.96255,4268.607689999975,8.065535863312196e-13,1.3482334755940213e-13
Si IV + O IV],1990.0,85dcdr2dswp37954mxlo.txt,2447897.06407,4282.709210000001,7.975427107352154e-13,8.802104200107385e-14
Si IV + O IV],1990.0,87dcdr2dswp38039mxlo.txt,2447909.07103,4294.716170000378,9.312523366308255e-13,7.480937299230028e-14
Si IV + O IV],1990.0,88dcdr2dswp38139mxlo.txt,2447927.8635,4313.508640000131,6.791436176058323e-13,9.955511417576216e-14
Si IV + O IV],1990.0,89dcdr2dswp38140mxlo.txt,2447927.92734,4313.57248000009,5.191306519730848e-13,1.422610010022046e-13
Si IV + O IV],1990.0,91dcdr2dswp38709mxlo.txt,2448012.58617,4398.2313100001775,8.081562518916801e-13,8.999992758459305e-14
Si IV + O IV],1990.0,92dcdr2dswp38825mxlo.txt,2448029.73639,4415.3815300003625,1.3151784369075963e-12,1.349368673646683e-13
Si IV + O IV],1990.0,93dcdr2dswp38946mxlo.txt,2448043.51272,4429.157860000152,1.3371326440555916e-12,1.3175365274120825e-13
Si IV + O IV],1990.0,94dcdr2dswp38947mxlo.txt,2448043.57403,4429.2191699999385,6.820792642748481e-13,8.327733715340341e-14
Si IV + O IV],1990.0,95dcdr2dswp39067mxlo.txt,2448054.4206,4440.065739999991,6.883056219189783e-13,1.456049239474948e-13
Si IV + O IV],1990.0,96dcdr2dswp39068mxlo.txt,2448054.47637,4440.121509999968,9.160091794183937e-13,9.571121692362192e-14
Si IV + O IV],1990.0,97dcdr2dswp40331mxlo.txt,2448240.06455,4625.709689999931,7.389886650617914e-13,1.2051955810091994e-13
Si IV + O IV],1990.0,98dcdr2dswp40332mxlo.txt,2448240.1203,4625.765440000221,4.920175019735215e-13,1.0169021404469283e-13
Si IV + O IV],1990.0,99dcdr2dswp40333mxlo.txt,2448240.18602,4625.83116000006,5.086072721942475e-13,1.3229374526096565e-13
Si IV + O IV],1990.0,100dcdr2dswp40334mxlo.txt,2448240.22823,4625.873370000161,2.5813399052224514e-13,8.069527696784191e-14
Si IV + O IV],1990.0,101dcdr2dswp40392mxlo.txt,2448245.31721,4630.962350000162,3.009485400478281e-13,9.902773808974142e-14
Si IV + O IV],1990.0,102dcdr2dswp40393mxlo.txt,2448245.35773,4631.0028699999675,1.0950733028323637e-12,1.7498202225744765e-13
Si IV + O IV],1990.0,103dcdr2dswp40412mxlo.txt,2448246.23862,4631.883760000113,5.152164524201911e-13,1.5496625687857228e-13
Si IV + O IV],1990.0,104dcdr2dswp40413mxlo.txt,2448246.28572,4631.930860000197,5.694139988219533e-13,1.133869395874071e-13
Si IV + O IV],1990.0,105dcdr2dswp40414mxlo.txt,2448246.33682,4631.981960000005,1.2852283100989716e-12,1.9451500047464534e-13
Si IV + O IV],1990.0,106dcdr2dswp40470mxlo.txt,2448253.09882,4638.743960000109,3.4338447504538094e-13,1.0966814854553648e-13
Si IV + O IV],1991.0,107dcdr2dswp40546mxlo.txt,2448264.36171,4650.006850000005,1.241324021967086e-12,2.465807382458606e-13
Si IV + O IV],1991.0,108dcdr2dswp40580mxlo.txt,2448269.82462,4655.46976000024,1.0848929874223577e-12,1.9914676109374895e-13
Si IV + O IV],1991.0,109dcdr2dswp40581mxlo.txt,2448269.87881,4655.523950000294,1.48605535523424e-12,1.1907435549027798e-13
Si IV + O IV],1991.0,110dcdr2dswp40584mxlo.txt,2448270.23464,4655.879780000076,6.256979239942968e-13,1.3041970657525078e-13
Si IV + O IV],1991.0,111dcdr2dswp40594mxlo.txt,2448271.69024,4657.335380000062,7.278757460053559e-13,1.1345916785932583e-13
Si IV + O IV],1991.0,112dcdr2dswp40595mxlo.txt,2448271.74441,4657.3895499999635,8.250354577933724e-13,1.4775353998809428e-13
Si IV + O IV],1991.0,113dcdr2dswp40619mxlo.txt,2448273.52138,4659.16651999997,1.4958780330405447e-12,2.2821556143851046e-13
Si IV + O IV],1991.0,114dcdr2dswp40620mxlo.txt,2448273.57358,4659.218720000237,1.2748381503613446e-12,1.9627359530676253e-13
Si IV + O IV],1991.0,115dcdr2dswp40660mxlo.txt,2448279.61078,4665.255920000374,4.3563390643458256e-13,6.072862949347208e-14
Si IV + O IV],1991.0,116dcdr2dswp40661mxlo.txt,2448279.66219,4665.307330000214,1.796561178161402e-12,2.0305835811730518e-13
Si IV + O IV],1991.0,117dcdr2dswp40666mxlo.txt,2448280.81833,4666.463470000308,1.628568649699161e-12,1.5168797988450692e-13
Si IV + O IV],1991.0,118dcdr2dswp40667mxlo.txt,2448280.87456,4666.519700000063,6.860247071484501e-13,9.902687662466081e-14
Si IV + O IV],1991.0,119dcdr2dswp40840mxlo.txt,2448295.86608,4681.511220000219,7.545822061913314e-13,1.9964617056008787e-13
Si IV + O IV],1991.0,120dcdr2dswp40841mxlo.txt,2448295.92458,4681.569720000029,1.3413298573046454e-12,1.1285201423097446e-13
Si IV + O IV],1991.0,121dcdr2dswp41582mxlo.txt,2448382.66831,4768.313450000249,1.1953010194472787e-12,1.9787604590019802e-13
Si IV + O IV],1991.0,122dcdr2dswp41583mxlo.txt,2448382.724,4768.369140000083,7.735712553830357e-13,9.731034049465438e-14
Si IV + O IV],1991.0,123dcdr2dswp41629mxlo.txt,2448391.52225,4777.167390000075,4.757619839025236e-13,1.14370359806798e-13
Si IV + O IV],1991.0,124dcdr2dswp41630mxlo.txt,2448391.58102,4777.226160000078,7.895963736641589e-13,1.0496497791512194e-13
Si IV + O IV],1991.0,125dcdr2dswp41703mxlo.txt,2448403.66852,4789.313659999985,4.07644895513988e-13,7.658906534308028e-14
Si IV + O IV],1991.0,126dcdr2dswp41704mxlo.txt,2448403.71866,4789.363799999934,8.48127897659765e-13,1.2457993639768977e-13
Si IV + O IV],1991.0,127dcdr2dswp41851mxlo.txt,2448424.53422,4810.179359999951,7.824165603668306e-13,1.569756892711206e-13
Si IV + O IV],1991.0,128dcdr2dswp41852mxlo.txt,2448424.58747,4810.232610000297,8.804580933099039e-13,2.191028917415169e-13
Si IV + O IV],1991.0,129dcdr2dswp43342mxlo.txt,2448598.08271,4983.727850000374,9.856687211927708e-13,2.0478684064874718e-13
Si IV + O IV],1991.0,130dcdr2dswp43343mxlo.txt,2448598.14237,4983.787510000169,6.530432040974066e-13,1.5340287193118974e-13
Si IV + O IV],1991.0,131dcdr2dswp43424mxlo.txt,2448609.90858,4995.5537200002,8.483538064512646e-13,1.458957592083821e-13
Si IV + O IV],1991.0,132dcdr2dswp43425mxlo.txt,2448609.96998,4995.615120000206,5.932783861198819e-13,7.398900260761833e-14
Si IV + O IV],1992.0,133dcdr2dswp43550mxlo.txt,2448626.96262,5012.607760000043,6.069124651871554e-13,7.731590192504846e-14
Si IV + O IV],1992.0,134dcdr2dswp43551mxlo.txt,2448627.03031,5012.675449999981,1.0044588485713917e-12,1.129797072226527e-13
Si IV + O IV],1992.0,135dcdr2dswp43677mxlo.txt,2448639.97214,5025.617280000355,5.170472731513801e-13,1.1180315617879377e-13
Si IV + O IV],1992.0,136dcdr2dswp43908mxlo.txt,2448653.75094,5039.396080000326,2.594079716845591e-13,7.602577291628499e-14
Si IV + O IV],1992.0,137dcdr2dswp43909mxlo.txt,2448653.80265,5039.447790000122,1.4896743532096528e-12,9.940587339961282e-14
Si IV + O IV],1992.0,138dcdr2dswp43994mxlo.txt,2448667.8785,5053.523640000261,6.547579218447203e-13,1.388773229338495e-13
Si IV + O IV],1992.0,139dcdr2dswp44480mxlo.txt,2448738.57667,5124.221810000017,1.550645679808027e-12,1.6787198789381063e-13
Si IV + O IV],1992.0,140dcdr2dswp44481mxlo.txt,2448738.63397,5124.279110000003,7.145535290724713e-13,1.4390578201355922e-13
Si IV + O IV],1992.0,141dcdr2dswp44608mxlo.txt,2448748.7259,5134.371040000115,1.0452055444005537e-12,1.7064857614405788e-13
Si IV + O IV],1992.0,142dcdr2dswp44732mxlo.txt,2448763.66191,5149.307049999945,8.454013840165047e-13,2.3193729298005865e-13
Si IV + O IV],1992.0,143dcdr2dswp44733mxlo.txt,2448763.71507,5149.360210000072,4.58929600206327e-13,1.111527414048596e-13
Si IV + O IV],1992.0,144dcdr2dswp44871mxlo.txt,2448779.41814,5165.063280000351,6.691234297523729e-13,1.2078087310210423e-13
Si IV + O IV],1992.0,145dcdr2dswp44872mxlo.txt,2448779.47145,5165.116590000223,8.01721449990317e-13,1.5062872025453953e-13
Si IV + O IV],1992.0,146dcdr2dswp44967mxlo.txt,2448794.6169,5180.262039999943,1.1802506012790917e-12,1.2847286657921453e-13
Si IV + O IV],1992.0,147dcdr2dswp44968mxlo.txt,2448794.67178,5180.316920000128,1.7011876750549292e-12,1.463924014202956e-13
Si IV + O IV],1992.0,148dcdr2dswp45079mxlo.txt,2448809.31051,5194.955650000367,1.1687637729008774e-12,9.931614488208263e-14
Si IV + O IV],1992.0,149dcdr2dswp45080mxlo.txt,2448809.36508,5195.010220000055,1.197582503417689e-12,1.470407814808912e-13
Si IV + O IV],1992.0,150dcdr2dswp46514mxlo.txt,2448973.97646,5359.621600000188,8.340039960697137e-13,1.1957654108905073e-13
Si IV + O IV],1992.0,151dcdr2dswp46515mxlo.txt,2448974.03314,5359.678280000109,1.3965105913833824e-12,1.0815884767541844e-13
Si IV + O IV],1992.0,152dcdr2dswp46516mxlo.txt,2448974.12174,5359.76688000001,1.4193632317704095e-12,1.1893332532215136e-13
Si IV + O IV],1992.0,153dcdr2dswp46607mxlo.txt,2448985.45715,5371.102290000301,1.3251154511881368e-12,1.4975866001338158e-13
Si IV + O IV],1992.0,154dcdr2dswp46608mxlo.txt,2448985.52169,5371.166830000002,8.914001070362983e-13,2.214358480387928e-13
Si IV + O IV],1992.0,155dcdr2dswp46633mxlo.txt,2448987.9867,5373.631839999929,7.369430576389895e-13,8.076853123833073e-14
Si IV + O IV],1993.0,156dcdr2dswp46647mxlo.txt,2448989.88841,5375.533550000284,8.678159502286562e-13,1.5420191015507282e-13
Si IV + O IV],1993.0,157dcdr2dswp46650mxlo.txt,2448990.61029,5376.2554300003685,8.637407446468894e-13,2.297565666932978e-13
Si IV + O IV],1993.0,158dcdr2dswp46654mxlo.txt,2448991.54194,5377.1870800000615,8.226300787247906e-13,2.408853095426164e-13
Si IV + O IV],1993.0,160dcdr2dswp46663mxlo.txt,2448993.55841,5379.203550000209,9.197023632222304e-13,2.723040658755793e-13
Si IV + O IV],1993.0,161dcdr2dswp46692mxlo.txt,2448997.23609,5382.881229999941,1.4109454475799795e-12,1.9114495959648936e-13
Si IV + O IV],1993.0,162dcdr2dswp46739mxlo.txt,2449003.83271,5389.477850000374,3.129202276527522e-13,6.174488946649056e-14
Si IV + O IV],1993.0,163dcdr2dswp46863mxlo.txt,2449019.7395,5405.384640000295,6.000505660237285e-13,1.0660830991348353e-13
Si IV + O IV],1993.0,164dcdr2dswp46864mxlo.txt,2449019.78859,5405.433730000164,1.0379383274364724e-12,1.196986779604642e-13
Si IV + O IV],1993.0,165dcdr2dswp46926mxlo.txt,2449031.78126,5417.4264000002295,1.7734257475813395e-12,1.6943871664386518e-13
Si IV + O IV],1993.0,166dcdr2dswp46927mxlo.txt,2449031.83492,5417.480059999973,1.1707518317682477e-12,9.304571580164433e-14
Si IV + O IV],1993.0,167dcdr2dswp47654mxlo.txt,2449119.50971,5505.15485000005,7.34178193293984e-13,1.5173407208056466e-13
Si IV + O IV],1993.0,168dcdr2dswp47655mxlo.txt,2449119.56345,5505.2085899999365,1.0060815748318145e-12,9.966800742730229e-14
Si IV + O IV],1993.0,169dcdr2dswp47744mxlo.txt,2449134.66709,5520.312230000272,6.320490798332122e-13,1.1503215475295778e-13
Si IV + O IV],1993.0,170dcdr2dswp47745mxlo.txt,2449134.71817,5520.363309999928,1.3672479981982503e-12,1.14292124419407e-13
Si IV + O IV],1993.0,171dcdr2dswp49596mxlo.txt,2449336.10162,5721.746760000009,1.6013060964258042e-12,2.345600981409105e-13
Si IV + O IV],1993.0,172dcdr2dswp49597mxlo.txt,2449336.1692,5721.814340000041,8.179954311080829e-13,1.754260028268128e-13
Si IV + O IV],1993.0,173dcdr2dswp49693mxlo.txt,2449348.92644,5734.571580000222,1.585755236598101e-12,1.5934652468967442e-13
Si IV + O IV],1993.0,174dcdr2dswp49694mxlo.txt,2449348.98438,5734.629519999959,9.380346423617293e-13,1.0721518246207851e-13
Si IV + O IV],1994.0,175dcdr2dswp49795mxlo.txt,2449361.19398,5746.839120000135,7.57018616264448e-13,1.1199117825821062e-13
Si IV + O IV],1994.0,176dcdr2dswp49796mxlo.txt,2449361.24083,5746.885970000178,8.449658397722841e-13,1.6733169131180275e-13
Si IV + O IV],1994.0,179dcdr2dswp49830mxlo.txt,2449366.75045,5752.39559000032,1.8186829458286974e-12,2.1759275760138851e-13
Si IV + O IV],1994.0,180dcdr2dswp49879mxlo.txt,2449376.75838,5762.403520000167,1.3237199310226034e-12,1.8843478226748753e-13
Si IV + O IV],1994.0,181dcdr2dswp49880mxlo.txt,2449376.81093,5762.456070000306,3.682737629264872e-13,4.633365658933637e-14
Si IV + O IV],1994.0,182dcdr2dswp49969mxlo.txt,2449390.92439,5776.569529999979,1.253626294043019e-12,1.0267710180498454e-13
Si IV + O IV],1994.0,183dcdr2dswp49970mxlo.txt,2449390.97727,5776.622410000302,1.2385165187238815e-12,1.9289893642923283e-13
Si IV + O IV],1994.0,184dcdr2dswp50091mxlo.txt,2449406.93755,5792.582690000068,1.4321706407235732e-12,2.1113469987259966e-13
Si IV + O IV],1994.0,185dcdr2dswp50092mxlo.txt,2449406.98983,5792.634970000014,8.329143302553238e-13,1.6248787082359e-13
Si IV + O IV],1994.0,186dcdr2dswp50676mxlo.txt,2449475.51407,5861.159210000187,1.2927739956077649e-12,1.5336294656439787e-13
Si IV + O IV],1994.0,187dcdr2dswp50677mxlo.txt,2449475.56226,5861.2074000001885,1.8000091079486845e-12,1.0788016659265269e-13
Si IV + O IV],1994.0,188dcdr2dswp50769mxlo.txt,2449487.62498,5873.270120000001,7.515975913454528e-13,1.5455935194776124e-13
Si IV + O IV],1994.0,189dcdr2dswp50770mxlo.txt,2449487.67285,5873.31799000036,1.3721143128513294e-12,9.547011041229324e-14
Si IV + O IV],1994.0,190dcdr2dswp50934mxlo.txt,2449502.51009,5888.1552300001495,1.2315691262257434e-12,1.5792524412758164e-13
Si IV + O IV],1994.0,191dcdr2dswp50935mxlo.txt,2449502.56256,5888.2077000001445,9.929133751376417e-13,8.084677720473513e-14
Si IV + O IV],1994.0,192dcdr2dswp51099mxlo.txt,2449518.59228,5904.237420000136,8.160493056454687e-13,1.5913579411925878e-13
Si IV + O IV],1994.0,193dcdr2dswp51100mxlo.txt,2449518.65385,5904.298990000039,1.3606258122112643e-12,1.2278912349875998e-13
Si IV + O IV],1994.0,194dcdr2dswp51140mxlo.txt,2449523.7483,5909.393440000247,1.5120869354421125e-12,1.4207304989870237e-13
Si IV + O IV],1994.0,195dcdr2dswp51141mxlo.txt,2449523.79645,5909.441589999944,1.5060190287213367e-12,2.443606197313536e-13
Si IV + O IV],1994.0,196dcdr2dswp51238mxlo.txt,2449531.42692,5917.072060000151,1.6964411753602782e-12,1.6604410364878205e-13
Si IV + O IV],1994.0,197dcdr2dswp51239mxlo.txt,2449531.49236,5917.137500000186,1.2982329201997615e-12,1.7708021210030466e-13
Si IV + O IV],1994.0,198dcdr2dswp53223mxlo.txt,2449717.12322,6102.768360000104,1.3286380731027102e-12,1.762338042768979e-13
Si IV + O IV],1994.0,199dcdr2dswp53224mxlo.txt,2449717.1715,6102.816640000325,8.414000401929635e-13,1.3968489809010642e-13
Si IV + O IV],1995.0,200dcdr2dswp53262mxlo.txt,2449721.21616,6106.86129999999,1.9007219319426633e-12,2.291955878151421e-13
Si IV + O IV],1995.0,201dcdr2dswp53263mxlo.txt,2449721.26541,6106.910550000146,2.5984946287025788e-12,1.6006478133312088e-13
Si IV + O IV],1995.0,202dcdr2dswp53264mxlo.txt,2449721.31343,6106.95857000025,1.1249884428764984e-12,1.6519941378583866e-13
Si IV + O IV],1995.0,203dcdr2dswp53265mxlo.txt,2449721.36698,6107.012120000087,5.689308658651421e-13,1.304496497220716e-13
Si IV + O IV],1995.0,204dcdr2dswp53266mxlo.txt,2449721.4166,6107.061740000267,9.564623041261807e-13,2.0455131977120912e-13
Si IV + O IV],1995.0,205dcdr2dswp53281mxlo.txt,2449722.67308,6108.318220000248,9.365425674223382e-13,1.2603349115343092e-13
Si IV + O IV],1995.0,206dcdr2dswp53282mxlo.txt,2449722.71752,6108.362660000101,8.473067151915855e-13,1.299092010295866e-13
Si IV + O IV],1995.0,207dcdr2dswp53283mxlo.txt,2449722.76137,6108.406510000117,1.6622518243599043e-12,1.9520209483837434e-13
Si IV + O IV],1995.0,208dcdr2dswp53291mxlo.txt,2449724.37198,6110.017119999975,1.7034861329215289e-12,1.7012096252789201e-13
Si IV + O IV],1995.0,209dcdr2dswp53292mxlo.txt,2449724.427,6110.072140000295,7.722552169663615e-13,1.5191428732751144e-13
Si IV + O IV],1995.0,210dcdr2dswp53293mxlo.txt,2449724.47424,6110.119380000047,1.2728258351002717e-12,1.7607572643472334e-13
Si IV + O IV],1995.0,211dcdr2dswp53296mxlo.txt,2449725.03383,6110.678970000241,5.851950144282962e-13,1.3695007545666396e-13
Si IV + O IV],1995.0,212dcdr2dswp53297mxlo.txt,2449725.08252,6110.727660000324,1.026663967023459e-12,1.76102286710319e-13
Si IV + O IV],1995.0,213dcdr2dswp53305mxlo.txt,2449727.02806,6112.6732000000775,1.1081873563246173e-12,1.8270398569515284e-13
Si IV + O IV],1995.0,214dcdr2dswp53306mxlo.txt,2449727.10558,6112.75072000036,7.153103879855736e-13,1.0338997338254277e-13
Si IV + O IV],1995.0,215dcdr2dswp53307mxlo.txt,2449727.15231,6112.797449999955,6.892674567525523e-13,1.2447345066927991e-13
Si IV + O IV],1995.0,216dcdr2dswp53328mxlo.txt,2449729.51029,6115.155430000275,1.1482410200343392e-12,1.1088537739566103e-13
Si IV + O IV],1995.0,217dcdr2dswp53329mxlo.txt,2449729.56066,6115.2058000001125,1.845964177884852e-12,2.0931781444690398e-13
Si IV + O IV],1995.0,218dcdr2dswp53330mxlo.txt,2449729.60627,6115.251410000026,2.2048484744810893e-12,2.939866246980481e-13
Si IV + O IV],1995.0,219dcdr2dswp53331mxlo.txt,2449729.74469,6115.389830000233,8.56150107554857e-13,2.2033903643861443e-13
Si IV + O IV],1995.0,220dcdr2dswp53332mxlo.txt,2449729.80021,6115.445350000169,1.0753395101417112e-12,9.298539492400195e-14
Si IV + O IV],1995.0,221dcdr2dswp53333mxlo.txt,2449730.37623,6116.021370000206,1.5054365683459765e-12,1.6228921624396312e-13
Si IV + O IV],1995.0,222dcdr2dswp53334mxlo.txt,2449730.42723,6116.072370000184,1.0540635711338987e-12,1.1810725333034915e-13
Si IV + O IV],1995.0,223dcdr2dswp53785mxlo.txt,2449746.88858,6132.533720000181,1.0804234193569524e-12,1.5324137747521328e-13
Si IV + O IV],1995.0,224dcdr2dswp53786mxlo.txt,2449746.94882,6132.593960000202,9.095351005551975e-13,1.372226053516078e-13
Si IV + O IV],1995.0,225dcdr2dswp53914mxlo.txt,2449762.9328,6148.577940000221,1.5491518020377198e-12,1.8286863641865187e-13
Si IV + O IV],1995.0,226dcdr2dswp53915mxlo.txt,2449762.98733,6148.63247000007,9.53563514469666e-13,1.0138538654950086e-13
Si IV + O IV],1995.0,227dcdr2dswp54580mxlo.txt,2449840.69494,6226.3400799999945,6.594960862961679e-13,1.2832053088593704e-13
Si IV + O IV],1995.0,228dcdr2dswp54581mxlo.txt,2449840.74501,6226.390150000341,1.0146480156943514e-12,7.352089070533912e-14
Si IV + O IV],1995.0,229dcdr2dswp54697mxlo.txt,2449854.67649,6240.321630000137,1.632221338757352e-12,1.865949023590829e-13
Si IV + O IV],1995.0,230dcdr2dswp54698mxlo.txt,2449855.72563,6241.370769999921,1.2803924963489177e-12,8.997812522465844e-14
Si IV + O IV],1995.0,231dcdr2dswp54802mxlo.txt,2449868.67042,6254.315560000017,1.0678427506909632e-12,2.0126468210537402e-13
Si IV + O IV],1995.0,232dcdr2dswp54803mxlo.txt,2449868.73225,6254.377390000038,7.105005876994442e-13,1.284076818310852e-13
Si IV + O IV],1995.0,233dcdr2dswp54998mxlo.txt,2449882.54679,6268.191930000205,1.1835216949811783e-12,1.0412354334051648e-13
Si IV + O IV],1995.0,234dcdr2dswp54999mxlo.txt,2449882.59977,6268.244910000358,1.5665641116640056e-12,7.52287839586874e-14
Si IV + O IV],1995.0,235dcdr2dswp55148mxlo.txt,2449895.51914,6281.164280000143,1.5241094349260667e-12,1.4314121467092802e-13
Si IV + O IV],1995.0,236dcdr2dswp55147mxlo.txt,2449896.43318,6282.078320000321,1.239154643709766e-12,1.0513079482161187e-13
Si IV + O IV],1995.0,237dcdr2dswp56312mxlo.txt,2450070.35794,6456.00308000017,7.409331324068055e-13,1.7052001787727732e-13
Si IV + O IV],1995.0,238dcdr2dswp56322mxlo.txt,2450073.21096,6458.856099999975,7.637203105577648e-13,1.2642845288249087e-13
Si IV + O IV],1995.0,239dcdr2dswp56348mxlo.txt,2450078.03265,6463.677790000103,7.944761392231464e-13,1.275711320091234e-13
Si IV + O IV],1995.0,240dcdr2dswp56368mxlo.txt,2450082.89171,6468.536850000266,5.9100814920594e-13,1.2590381923017335e-13
Si IV + O IV],1996.0,241dcdr2dswp56382mxlo.txt,2450087.81387,6473.459010000341,1.715288107925476e-12,2.4203091342803e-13
Si IV + O IV],1996.0,243dcdr2dswp56581mxlo.txt,2450098.8145,6484.4596400000155,8.896922286449503e-13,1.5892032556580472e-13
Si IV + O IV],1996.0,244dcdr2dswp56588mxlo.txt,2450100.851,6486.496139999945,1.1338003107180036e-12,2.0308978003715947e-13
Si IV + O IV],1996.0,245dcdr2dswp56622mxlo.txt,2450102.85589,6488.501029999927,6.731282244807765e-13,1.4092114213545618e-13
Si IV + O IV],1996.0,246dcdr2dswp56629mxlo.txt,2450104.84473,6490.489870000165,1.4585686068246259e-12,2.23220618812275e-13
Si IV + O IV],1996.0,247dcdr2dswp56632mxlo.txt,2450106.81597,6492.461110000033,8.022395049706592e-13,6.348514213182048e-14
Si IV + O IV],1996.0,248dcdr2dswp56636mxlo.txt,2450108.81105,6494.456190000288,1.1904119242831277e-12,1.0645438284658004e-13
Si IV + O IV],1996.0,249dcdr2dswp56642mxlo.txt,2450110.84238,6496.487519999966,9.37147241594354e-13,1.193600525186954e-13
Si IV + O IV],1996.0,250dcdr2dswp56653mxlo.txt,2450112.97499,6498.62013000017,1.38852368504434e-12,1.641779463441529e-13
